Date,High,Low,Open,Close,Volume,Adj Close
1999-12-31,20.0,19.3125,19.375,19.9375,3803800.0,15.314375877380371
2000-01-03,20.09375,18.46875,20.0,18.90625,6503000.0,14.522258758544922
2000-01-04,19.09375,18.4375,18.75,18.75,5667000.0,14.40223217010498
2000-01-05,19.96875,18.78125,18.8125,19.78125,5694000.0,15.194363594055176
2000-01-06,19.6875,18.09375,19.6875,18.375,7203200.0,14.114195823669434
2000-01-07,18.875,17.65625,18.5,18.8125,6967000.0,14.450252532958984
2000-01-10,19.96875,18.1875,19.6875,18.78125,8786400.0,14.42624568939209
2000-01-11,19.4375,18.71875,18.8125,18.84375,6508400.0,14.474248886108398
2000-01-12,19.03125,18.3125,18.875,18.8125,4623800.0,14.450252532958984
2000-01-13,18.84375,18.28125,18.8125,18.4375,5123000.0,14.16219711303711
2000-01-14,18.40625,17.3125,18.40625,17.9375,13150200.0,13.778141975402832
2000-01-18,18.21875,17.6875,17.8125,18.0,5487000.0,13.826147079467773
2000-01-19,18.125,17.71875,17.96875,17.90625,4270800.0,13.75413703918457
2000-01-20,17.78125,16.3125,17.75,16.859350204467773,9132000.0,12.99178695678711
2000-01-21,17.46875,16.84375,17.0,17.25,7913600.0,13.292819023132324
2000-01-24,17.59375,17.03125,17.375,17.21875,6917600.0,13.268733024597168
2000-01-25,17.46875,16.96875,17.25,17.0,3447000.0,13.100171089172363
2000-01-26,17.4375,16.84375,17.09375,17.03125,3412200.0,13.124256134033203
2000-01-27,17.25,16.5,17.25,16.71875,2785400.0,12.883444786071777
2000-01-28,17.875,16.59375,16.8125,17.40625,4434400.0,13.413228034973145
2000-01-31,17.5,17.15625,17.4375,17.46875,3364800.0,13.461386680603027
2000-02-01,17.53125,17.03125,17.40625,17.53125,3393400.0,13.509552955627441
2000-02-02,19.0,17.65625,17.75,18.375,7380000.0,14.159747123718262
2000-02-03,19.46875,18.21875,18.46875,18.875,4574200.0,14.545045852661133
2000-02-04,19.25,18.15625,18.75,18.25,5162200.0,14.063425064086914
2000-02-07,18.78125,18.0625,18.78125,18.21875,4836600.0,14.039338111877441
2000-02-08,20.4375,18.75,19.5,20.0,15600200.0,15.411964416503906
2000-02-09,20.0,19.40625,20.0,19.5,8177600.0,15.026666641235352
2000-02-10,20.75,20.0,20.375,20.3125,9923200.0,15.652779579162598
2000-02-11,20.34375,19.78125,20.34375,19.8125,4843200.0,15.267473220825195
2000-02-14,20.03125,19.40625,19.84375,19.9375,4464000.0,15.363794326782227
2000-02-15,19.96875,19.5,19.96875,19.6875,4554000.0,15.171161651611328
2000-02-16,19.5625,19.28125,19.4375,19.40625,5016200.0,14.954424858093262
2000-02-17,19.59375,19.09375,19.4375,19.125,4763000.0,14.737692832946777
2000-02-18,19.21875,18.40625,19.0625,18.5625,3720200.0,14.304227828979492
2000-02-22,19.21875,18.5,18.6875,19.09375,3887000.0,14.713610649108887
2000-02-23,19.96875,18.90625,19.03125,19.4375,5866800.0,14.978509902954102
2000-02-24,19.46875,18.34375,19.46875,18.5,6994800.0,14.256070137023926
2000-02-25,18.875,17.875,18.25,18.375,4431400.0,14.159747123718262
2000-02-28,18.5,17.75,18.5,17.9375,3982400.0,13.822606086730957
2000-02-29,18.03125,17.375,18.0,17.5,7560800.0,13.485467910766602
2000-03-01,17.625,16.34375,17.59375,16.71875,7675800.0,12.883444786071777
2000-03-02,16.71875,15.1875,16.6875,15.3125,13191400.0,11.799788475036621
2000-03-03,15.59375,15.0,15.3125,15.21875,11975400.0,11.727542877197266
2000-03-06,15.71875,15.125,15.5625,15.46090030670166,12381400.0,11.914144515991211
2000-03-07,15.9375,13.875,15.75,14.0,12175200.0,10.788374900817871
2000-03-08,15.75,14.71875,15.0,15.5625,7896400.0,11.99243450164795
2000-03-09,16.0,15.09375,15.5625,15.96875,4268200.0,12.305493354797363
2000-03-10,15.78125,15.1875,15.75,15.25,5118000.0,11.751625061035156
2000-03-13,15.6875,14.96875,15.0,15.4375,4766600.0,11.896109580993652
2000-03-14,15.75,15.375,15.6875,15.375,4616400.0,11.847949028015137
2000-03-15,16.3125,15.59375,15.625,16.3125,4258600.0,12.57038688659668
2000-03-16,18.375,16.9375,17.25,18.15625,7614400.0,13.991171836853027
2000-03-17,18.28125,17.78125,18.1875,18.0,4556800.0,13.870767593383789
2000-03-20,18.125,16.9375,18.03125,17.5,2965200.0,13.485467910766602
2000-03-21,18.6875,17.1875,17.5,18.59375,5918000.0,14.32830810546875
2000-03-22,18.75,18.0,18.5,18.5625,4739600.0,14.304227828979492
2000-03-23,18.59375,17.8125,18.59375,18.21875,2730400.0,14.039338111877441
2000-03-24,18.09375,16.875,18.03125,17.96875,7280400.0,13.846686363220215
2000-03-27,17.65625,16.5625,17.625,17.0625,5056400.0,13.148334503173828
2000-03-28,17.71875,16.90625,17.4375,17.09375,4895800.0,13.17241382598877
2000-03-29,18.34375,17.15625,17.15625,18.21875,4162400.0,14.039338111877441
2000-03-30,18.75,18.0625,18.09375,18.5625,3358800.0,14.304227828979492
2000-03-31,19.0,18.34375,18.40625,18.78125,4599200.0,14.472801208496094
2000-04-03,19.625,18.75,18.78125,19.34375,3758200.0,14.906256675720215
2000-04-04,22.25,19.34375,19.34375,20.5,8723800.0,15.79726505279541
2000-04-05,20.59375,19.84375,20.375,20.3125,6644600.0,15.652779579162598
2000-04-06,20.28125,19.0,20.25,19.40625,4038600.0,14.954424858093262
2000-04-07,19.96875,19.21875,19.5,19.40625,1890600.0,14.954424858093262
2000-04-10,19.65625,19.03125,19.4375,19.34375,2286200.0,14.906256675720215
2000-04-11,20.78125,18.8125,19.0,20.71875,5905800.0,15.965828895568848
2000-04-12,23.0,21.28125,21.5,21.9375,9418800.0,16.905004501342773
2000-04-13,22.5625,21.65625,22.03125,22.1875,5221400.0,17.097644805908203
2000-04-14,22.0625,20.8125,22.0625,21.0,5132800.0,16.18256378173828
2000-04-17,21.125,20.375,20.78125,20.96875,4292200.0,16.158479690551758
2000-04-18,22.125,20.90625,20.90625,21.59375,3938000.0,16.640106201171875
2000-04-19,22.375,21.59375,22.375,21.75,3639000.0,16.760507583618164
2000-04-20,22.0,21.46875,21.46875,21.90625,2319000.0,16.925748825073242
2000-04-24,22.1875,21.71875,21.96875,22.0,2841200.0,16.998186111450195
2000-04-25,23.40625,21.90625,22.03125,23.375,5575000.0,18.060565948486328
2000-04-26,23.25,22.28125,23.25,22.4375,4485200.0,17.33621597290039
2000-04-27,22.28125,21.96875,22.125,22.125,3002000.0,17.094757080078125
2000-04-28,22.3125,21.6875,22.03125,21.75,3565800.0,16.805015563964844
2000-05-01,21.9375,21.1875,21.75,21.84375,2856400.0,16.8774471282959
2000-05-02,22.6875,22.0,22.0625,22.4375,2993400.0,17.33621597290039
2000-05-03,22.21875,19.84375,22.1875,20.78125,10531400.0,16.0565128326416
2000-05-04,20.90625,20.375,20.65625,20.78125,3613600.0,16.0565128326416
2000-05-05,21.6875,20.84375,20.875,21.25,2619200.0,16.41869354248047
2000-05-08,22.8125,21.0625,21.25,22.375,3748000.0,17.287919998168945
2000-05-09,22.6875,21.1875,22.625,22.0625,8088600.0,17.046464920043945
2000-05-10,21.96875,21.40625,21.96875,21.75,4439200.0,16.805015563964844
2000-05-11,22.09375,21.5625,21.75,21.625,2995400.0,16.708431243896484
2000-05-12,21.40625,20.6875,21.1875,20.9375,3737000.0,16.17723846435547
2000-05-15,21.59375,20.625,20.9375,21.46875,2626600.0,16.587711334228516
2000-05-16,21.90625,21.375,21.5625,21.40625,2785000.0,16.539424896240234
2000-05-17,21.15625,20.5,20.65625,20.90625,3342200.0,16.15310287475586
2000-05-18,21.09375,20.625,20.9375,20.75,1921000.0,16.03237533569336
2000-05-19,20.5625,20.0625,20.4375,20.375,1767600.0,15.742631912231445
2000-05-22,20.53125,19.75,20.34375,20.25,1761000.0,15.646049499511719
2000-05-23,20.84375,20.125,20.125,20.6875,3331600.0,15.98408031463623
2000-05-24,20.78125,19.71875,20.59375,20.03125,4456800.0,15.47703742980957
2000-05-25,20.8125,20.34375,20.6875,20.65625,4218000.0,15.95993709564209
2000-05-26,21.09375,19.96875,20.8125,20.125,2929000.0,15.549473762512207
2000-05-30,21.0625,19.84375,20.125,20.84375,2529800.0,16.104814529418945
2000-05-31,22.21875,20.5,20.84375,21.75,4178000.0,16.805015563964844
2000-06-01,22.59375,21.59375,21.625,22.59375,3186800.0,17.456933975219727
2000-06-02,22.90625,21.125,22.8125,21.625,3692800.0,16.708431243896484
2000-06-05,21.0625,20.5,21.0,20.8125,4565000.0,16.080663681030273
2000-06-06,21.0,19.15625,20.9375,19.4375,7735400.0,15.018280982971191
2000-06-07,19.65625,18.375,19.5,18.65625,8590800.0,14.414648056030273
2000-06-08,19.625,17.9375,18.75,19.3125,10614400.0,14.92169189453125
2000-06-09,19.6875,19.15625,19.6875,19.21875,2478400.0,14.849258422851562
2000-06-12,19.40625,18.65625,19.25,18.921850204467773,2859800.0,14.61986255645752
2000-06-13,18.96875,18.1875,18.9375,18.5625,6498600.0,14.342211723327637
2000-06-14,19.5625,18.71875,18.75,19.4375,3942400.0,15.018280982971191
2000-06-15,19.59375,19.0625,19.4375,19.09375,3656200.0,14.752679824829102
2000-06-16,19.53125,19.125,19.1875,19.1875,3585800.0,14.82511043548584
2000-06-19,19.5625,19.15625,19.5,19.4375,2621800.0,15.018280982971191
2000-06-20,19.875,18.9375,19.1875,19.0625,3924400.0,14.728534698486328
2000-06-21,19.0625,18.5,19.0625,18.6875,4342400.0,14.438796043395996
2000-06-22,18.78125,18.15625,18.6875,18.375,2625200.0,14.197342872619629
2000-06-23,18.53125,17.9375,18.5,18.0625,2377800.0,13.955890655517578
2000-06-26,18.28125,17.90625,18.15625,17.9375,2789200.0,13.859310150146484
2000-06-27,19.25,18.0625,18.0625,19.0,4053800.0,14.680249214172363
2000-06-28,19.34375,18.65625,18.9375,19.078100204467773,2382200.0,14.740588188171387
2000-06-29,19.1875,18.4375,19.1875,18.96875,2709400.0,14.656100273132324
2000-06-30,20.054649353027344,18.6875,18.6875,20.0,3967600.0,15.45288372039795
2000-07-03,19.90625,19.625,19.6875,19.6875,1392600.0,15.211440086364746
2000-07-05,20.375,19.53125,19.71875,19.84375,2663600.0,15.33216381072998
2000-07-06,21.75,20.03125,20.1875,21.6875,4212400.0,16.75672721862793
2000-07-07,21.625,20.59375,21.625,21.4375,3724400.0,16.563568115234375
2000-07-10,22.1875,21.3125,21.46875,21.78125,2782600.0,16.82915496826172
2000-07-11,22.0,21.5625,22.0,21.6875,2413400.0,16.75672721862793
2000-07-12,21.90625,21.09375,21.75,21.8125,2460000.0,16.853307723999023
2000-07-13,22.0,21.46875,21.84375,21.46875,2513800.0,16.587711334228516
2000-07-14,21.875,21.4375,21.46875,21.71875,1408400.0,16.780872344970703
2000-07-17,22.25,21.71875,21.71875,22.25,2337400.0,17.191333770751953
2000-07-18,22.5,22.0,22.21875,22.0,2945000.0,16.998186111450195
2000-07-19,22.15625,20.9375,22.0,21.25,3823600.0,16.41869354248047
2000-07-20,21.90625,21.1875,21.3125,21.6875,2413600.0,16.802268981933594
2000-07-21,21.78125,21.4375,21.65625,21.53125,1712000.0,16.681211471557617
2000-07-24,21.8125,21.5,21.53125,21.75,1482000.0,16.85069465637207
2000-07-25,21.8125,20.96875,21.78125,21.5,2528200.0,16.65700912475586
2000-07-26,21.375,21.0,21.34375,21.0625,3523600.0,16.318058013916016
2000-07-27,21.25,20.78125,21.0,20.8125,2878400.0,16.124370574951172
2000-07-28,20.59375,19.46875,20.5625,20.28125,6585400.0,15.712791442871094
2000-07-31,20.40625,19.71875,20.375,19.75,3840400.0,15.301200866699219
2000-08-01,19.90625,18.65625,18.78125,19.375,7697600.0,15.010674476623535
2000-08-02,18.96875,18.375,18.9375,18.4375,6203400.0,14.284346580505371
2000-08-03,18.75,17.6875,18.53125,17.90625,8173000.0,13.872767448425293
2000-08-04,18.3125,17.78125,18.3125,18.0625,8276400.0,13.993823051452637
2000-08-07,18.34375,17.75,18.34375,17.9375,4265400.0,13.896978378295898
2000-08-08,18.15625,17.15625,17.96875,17.40625,9129000.0,13.485395431518555
2000-08-09,17.625,16.625,17.5,17.59375,11428600.0,13.630659103393555
2000-08-10,18.375,17.4375,17.5,18.28125,5814600.0,14.163297653198242
2000-08-11,18.53125,18.0,18.03125,18.34375,4234400.0,14.211719512939453
2000-08-14,18.875,18.21875,18.21875,18.71875,3586200.0,14.502250671386719
2000-08-15,19.0,18.46875,18.75,18.5,3024400.0,14.332773208618164
2000-08-16,18.65625,18.21875,18.5,18.5625,2218400.0,14.381192207336426
2000-08-17,19.21875,18.46875,18.59375,19.21875,3244400.0,14.889616966247559
2000-08-18,19.4375,19.0,19.125,19.40625,1969000.0,15.034890174865723
2000-08-21,19.375,18.8125,19.3125,19.09375,2836800.0,14.792778015136719
2000-08-22,19.1875,18.9375,19.125,19.125,3033000.0,14.816984176635742
2000-08-23,19.65625,18.8125,19.125,19.1875,4353800.0,14.865405082702637
2000-08-24,19.6875,19.03125,19.0625,19.5,1463400.0,15.10751724243164
2000-08-25,19.59375,19.0625,19.59375,19.21875,1865400.0,14.889616966247559
2000-08-28,19.21875,18.90625,19.21875,19.125,2470800.0,14.816984176635742
2000-08-29,19.59375,19.125,19.1875,19.46875,2355400.0,15.083306312561035
2000-08-30,19.875,19.4375,19.5,19.5,2440600.0,15.10751724243164
2000-08-31,19.21875,18.3125,19.21875,18.57029914855957,5560400.0,14.38723087310791
2000-09-01,18.625,18.21875,18.375,18.625,3224800.0,14.429612159729004
2000-09-05,18.75,18.53125,18.5625,18.5625,2882800.0,14.381192207336426
2000-09-06,19.53125,18.75,19.0625,18.875,5446800.0,14.623309135437012
2000-09-07,19.21875,18.6875,18.96875,19.1875,3476000.0,14.865405082702637
2000-09-08,20.0,19.15625,19.28125,20.0,2564800.0,15.49488353729248
2000-09-11,20.625,20.0625,20.0625,20.5625,2954800.0,15.930680274963379
2000-09-12,21.1875,20.375,20.375,21.1875,2780600.0,16.414888381958008
2000-09-13,22.09375,21.125,21.1875,22.0,5635200.0,17.044376373291016
2000-09-14,22.09375,21.25,22.0,22.0,5718800.0,17.044376373291016
2000-09-15,22.0,21.71875,22.0,22.0,3335200.0,17.044376373291016
2000-09-18,22.34375,21.6875,21.875,22.0625,3456800.0,17.09279441833496
2000-09-19,22.0625,21.40625,21.875,22.03125,4319200.0,17.068593978881836
2000-09-20,22.21875,21.65625,22.03125,22.125,4875400.0,17.141218185424805
2000-09-21,22.71875,22.1875,22.1875,22.53125,3967800.0,17.45595359802246
2000-09-22,23.0625,22.625,22.6875,22.9375,4480000.0,17.77069854736328
2000-09-25,23.0625,22.65625,23.0,22.96875,4438600.0,17.7949161529541
2000-09-26,23.0,22.5625,22.96875,22.71875,6562400.0,17.601226806640625
2000-09-27,22.84375,22.53125,22.78125,22.59375,5168200.0,17.504383087158203
2000-09-28,23.0625,22.5625,22.625,22.9375,4757600.0,17.77069854736328
2000-09-29,23.46875,22.875,23.375,23.15625,6779400.0,17.94017219543457
2000-10-02,23.34375,22.78125,23.09375,23.34375,3273200.0,18.085439682006836
2000-10-03,23.78125,23.25,23.34375,23.625,2958800.0,18.30333137512207
2000-10-04,24.25,23.25,23.25,23.625,4330400.0,18.30333137512207
2000-10-05,23.59375,23.0,23.3125,23.3125,2869000.0,18.06123161315918
2000-10-06,23.4375,22.78125,23.34375,23.3125,2817000.0,18.06123161315918
2000-10-09,23.15625,22.625,22.625,22.84375,1728000.0,17.69806480407715
2000-10-10,22.9375,22.6875,22.84375,22.8125,2526800.0,17.673858642578125
2000-10-11,23.875,22.8125,22.84375,23.40625,4483200.0,18.133861541748047
2000-10-12,23.59375,23.125,23.40625,23.21875,4065200.0,17.98859405517578
2000-10-13,23.3125,22.84375,23.25,22.9375,5979600.0,17.77069854736328
2000-10-16,23.0625,22.65625,22.65625,22.90625,4459400.0,17.74648666381836
2000-10-17,22.96875,22.25,22.9375,22.5,4075000.0,17.431751251220703
2000-10-18,23.375,22.3125,22.5,23.0,5926800.0,17.81911849975586
2000-10-19,23.1875,22.875,23.0,23.0,4484000.0,17.863859176635742
2000-10-20,22.90625,22.125,22.875,22.15625,2700400.0,17.208528518676758
2000-10-23,22.34375,21.78125,22.28125,22.25,4242600.0,17.28134536743164
2000-10-24,22.875,22.21875,22.28125,22.875,3654000.0,17.766773223876953
2000-10-25,23.90625,22.78125,22.875,23.28125,6306200.0,18.08230209350586
2000-10-26,24.25,23.28125,23.28125,24.03125,4189000.0,18.66482162475586
2000-10-27,24.46875,22.84375,24.25,23.25,7119000.0,18.05802345275879
2000-10-30,26.40625,24.4375,24.5,26.40625,10963400.0,20.50946044921875
2000-10-31,27.0625,26.125,26.34375,26.46875,9301000.0,20.558002471923828
2000-11-01,26.8125,25.8125,26.3125,26.5,8077800.0,20.582279205322266
2000-11-02,26.40625,26.0,26.25,26.28125,7658200.0,20.412364959716797
2000-11-03,26.28125,26.0625,26.25,26.21875,5748000.0,20.363826751708984
2000-11-06,27.75,26.125,26.5,27.75,4335800.0,21.553142547607422
2000-11-07,28.1875,27.15625,27.4375,27.46875,6977400.0,21.334692001342773
2000-11-08,27.65625,27.15625,27.5625,27.40625,3390800.0,21.28614616394043
2000-11-09,28.5625,27.09375,27.1875,28.53125,5151000.0,22.159921646118164
2000-11-10,29.5625,27.78125,28.78125,27.8125,7612000.0,21.6016788482666
2000-11-13,28.75,27.875,28.0625,28.375,7119200.0,22.038558959960938
2000-11-14,28.40625,27.625,28.0625,28.34375,7075400.0,22.014291763305664
2000-11-15,28.3125,26.6875,28.28125,26.96875,6935400.0,20.94634437561035
2000-11-16,27.03125,26.3125,27.0,26.71875,4882400.0,20.752180099487305
2000-11-17,26.625,24.9375,26.5,26.21875,9537200.0,20.363826751708984
2000-11-20,26.65625,26.0,26.21875,26.1875,3363000.0,20.339557647705078
2000-11-21,26.6875,26.15625,26.15625,26.375,4126200.0,20.48519515991211
2000-11-22,27.71875,26.0625,26.0625,27.46875,6551000.0,21.334692001342773
2000-11-24,27.5625,27.0,27.46875,27.25,1028600.0,21.164791107177734
2000-11-27,28.78125,27.40625,27.625,28.75,4849600.0,22.329822540283203
2000-11-28,29.28125,28.46875,29.0625,28.5625,4826200.0,22.184186935424805
2000-11-29,28.71875,27.75,28.65625,28.0,5121000.0,21.74730682373047
2000-11-30,28.4375,27.71875,27.875,28.4375,10829000.0,22.08711051940918
2000-12-01,28.59375,27.46875,28.5625,27.6875,3762800.0,21.504589080810547
2000-12-04,27.40625,26.75,27.125,26.90625,6792200.0,20.897804260253906
2000-12-05,27.5,26.59375,27.0625,26.90625,5298200.0,20.897804260253906
2000-12-06,26.96875,25.40625,26.5,25.71875,5530000.0,19.975479125976562
2000-12-07,27.375,25.96875,26.0,27.28125,4498600.0,21.189067840576172
2000-12-08,27.46875,26.78125,27.34375,26.78125,2635000.0,20.800716400146484
2000-12-11,26.9375,26.09375,26.75,26.09375,3290800.0,20.266746520996094
2000-12-12,28.1875,25.875,26.09375,27.59375,4310000.0,21.431779861450195
2000-12-13,28.03125,27.0,27.375,27.9375,5589200.0,21.698768615722656
2000-12-14,28.75,28.125,28.25,28.65625,5084000.0,22.25701332092285
2000-12-15,29.21875,28.53125,28.53125,28.96875,4786000.0,22.499717712402344
2000-12-18,29.125,28.125,28.84375,28.6875,5384400.0,22.281282424926758
2000-12-19,29.3125,28.15625,28.6875,28.96875,4326800.0,22.499717712402344
2000-12-20,29.71875,28.53125,28.96875,29.71875,4871000.0,23.082242965698242
2000-12-21,29.96875,28.78125,29.71875,29.6875,4033600.0,23.057971954345703
2000-12-22,30.125,29.1875,30.125,29.5,3904600.0,22.912338256835938
2000-12-26,29.4375,29.0,29.4375,29.25,1968600.0,22.718172073364258
2000-12-27,29.96875,28.90625,29.125,29.90625,2467200.0,23.22787094116211
2000-12-28,30.09375,29.6875,29.84375,29.96875,3470400.0,23.27642250061035
2000-12-29,30.21875,29.875,30.15625,29.96875,2292400.0,23.27642250061035
2001-01-02,29.90625,28.46875,29.90625,28.59375,5539200.0,22.20846176147461
2001-01-03,28.59375,26.5625,28.59375,27.0,8372400.0,20.970617294311523
2001-01-04,27.5,24.75,27.125,25.5,11753000.0,19.805585861206055
2001-01-05,26.25,25.15625,25.625,25.84375,9049000.0,20.072566986083984
2001-01-08,26.53125,25.71875,26.125,26.46875,6677600.0,20.558002471923828
2001-01-09,27.34375,26.3125,26.75,27.125,6356400.0,21.067699432373047
2001-01-10,28.0625,26.84375,27.0625,27.96875,5884400.0,21.72303581237793
2001-01-11,28.15625,26.25,28.09375,26.96875,5218200.0,20.94634437561035
2001-01-12,26.96875,26.46875,26.96875,26.75,3163600.0,20.776453018188477
2001-01-16,27.6875,26.75,26.75,27.625,3855000.0,21.4560489654541
2001-01-17,27.9375,27.125,27.6875,27.40625,4233000.0,21.28614616394043
2001-01-18,28.21875,27.4375,27.625,27.9375,4204000.0,21.698768615722656
2001-01-19,27.90625,27.03125,27.90625,27.21875,4520000.0,21.184200286865234
2001-01-22,27.8125,26.9375,27.21875,27.375,4592600.0,21.305803298950195
2001-01-23,27.90625,27.34375,27.5,27.90625,3039000.0,21.719276428222656
2001-01-24,28.53125,27.78125,27.90625,28.53125,4550400.0,22.20570182800293
2001-01-25,28.65625,27.625,28.46875,28.5,5023600.0,22.181379318237305
2001-01-26,29.15625,28.40625,28.5,29.15625,3931400.0,22.692142486572266
2001-01-29,29.274999618530273,28.450000762939453,29.149999618530273,28.825000762939453,2976200.0,22.434329986572266
2001-01-30,28.825000762939453,28.25,28.825000762939453,28.674999237060547,4045200.0,22.317588806152344
2001-01-31,29.75,28.399999618530273,28.524999618530273,29.600000381469727,4456200.0,23.037508010864258
2001-02-01,29.770000457763672,28.719999313354492,29.600000381469727,28.959999084472656,3891200.0,22.539398193359375
2001-02-02,29.56999969482422,28.899999618530273,29.25,29.450000762939453,4929600.0,22.920759201049805
2001-02-05,29.6200008392334,28.604999542236328,29.549999237060547,28.850000381469727,4306600.0,22.453784942626953
2001-02-06,29.28499984741211,28.200000762939453,29.125,28.760000228881836,6131000.0,22.383743286132812
2001-02-07,29.93000030517578,28.774999618530273,28.850000381469727,29.899999618530273,4373600.0,23.270994186401367
2001-02-08,29.9950008392334,29.424999237060547,29.975000381469727,29.510000228881836,5143800.0,22.96746063232422
2001-02-09,29.700000762939453,28.899999618530273,29.510000228881836,29.56999969482422,3582400.0,23.01416015625
2001-02-12,30.0,29.354999542236328,29.674999237060547,30.0,3501800.0,23.34882164001465
2001-02-13,29.825000762939453,29.299999237060547,29.774999618530273,29.415000915527344,3048800.0,22.89352798461914
2001-02-14,29.850000381469727,29.19499969482422,29.415000915527344,29.725000381469727,3912600.0,23.134790420532227
2001-02-15,30.030000686645508,29.399999618530273,29.725000381469727,29.950000762939453,2107000.0,23.309907913208008
2001-02-16,31.100000381469727,30.149999618530273,30.149999618530273,30.795000076293945,6648200.0,23.96756935119629
2001-02-20,31.875,30.850000381469727,30.850000381469727,30.9950008392334,5745200.0,24.12323570251465
2001-02-21,30.825000762939453,29.700000762939453,30.524999618530273,29.790000915527344,6704000.0,23.185386657714844
2001-02-22,29.924999237060547,28.549999237060547,29.875,29.184999465942383,5847800.0,22.714519500732422
2001-02-23,29.094999313354492,28.274999618530273,28.875,28.514999389648438,3308000.0,22.19305992126465
2001-02-26,29.389999389648438,28.4950008392334,28.5,29.385000228881836,5557400.0,22.87017822265625
2001-02-27,30.399999618530273,29.674999237060547,30.0,29.725000381469727,5515400.0,23.134790420532227
2001-02-28,31.100000381469727,30.125,30.149999618530273,30.5,5985200.0,23.737979888916016
2001-03-01,30.549999237060547,29.5,30.5,29.709999084472656,5370600.0,23.123125076293945
2001-03-02,30.375,29.5,29.700000762939453,30.200000762939453,4435800.0,23.50448989868164
2001-03-05,30.600000381469727,30.0,30.0,30.174999237060547,3273400.0,23.485029220581055
2001-03-06,30.514999389648438,30.010000228881836,30.5,30.25,3154800.0,23.54340171813965
2001-03-07,30.899999618530273,30.1200008392334,30.149999618530273,30.395000457763672,3651400.0,23.656246185302734
2001-03-08,31.200000762939453,30.375,30.475000381469727,31.049999237060547,3298000.0,24.166032791137695
2001-03-09,30.729999542236328,30.200000762939453,30.725000381469727,30.434999465942383,2578200.0,23.6873779296875
2001-03-12,30.204999923706055,29.850000381469727,30.200000762939453,29.8700008392334,3544400.0,23.247652053833008
2001-03-13,29.719999313354492,27.825000762939453,29.665000915527344,28.5049991607666,5098400.0,22.185274124145508
2001-03-14,28.799999237060547,27.975000381469727,28.0,28.700000762939453,2882200.0,22.33704376220703
2001-03-15,29.100000381469727,28.799999237060547,28.825000762939453,29.05500030517578,3577000.0,22.613332748413086
2001-03-16,29.200000762939453,27.674999237060547,28.950000762939453,27.790000915527344,3944600.0,21.628795623779297
2001-03-19,28.100000381469727,27.200000762939453,27.975000381469727,27.80500030517578,3018800.0,21.64047622680664
2001-03-20,28.075000762939453,27.100000381469727,28.0,27.299999237060547,3024000.0,21.247419357299805
2001-03-21,27.575000762939453,26.924999237060547,27.299999237060547,27.5,4180200.0,21.403095245361328
2001-03-22,27.5049991607666,26.420000076293945,27.5049991607666,26.799999237060547,4856600.0,20.85828399658203
2001-03-23,27.514999389648438,26.274999618530273,26.875,27.514999389648438,4179800.0,21.414762496948242
2001-03-26,27.75,26.725000381469727,27.639999389648438,27.545000076293945,5559600.0,21.4381103515625
2001-03-27,28.3799991607666,27.420000076293945,27.540000915527344,28.209999084472656,5659400.0,21.955678939819336
2001-03-28,28.149999618530273,27.360000610351562,28.075000762939453,28.125,4207800.0,21.8895206451416
2001-03-29,28.299999237060547,27.450000762939453,28.1200008392334,28.225000381469727,5629200.0,21.967357635498047
2001-03-30,29.4950008392334,28.549999237060547,28.725000381469727,29.2450008392334,3937000.0,22.761213302612305
2001-04-02,29.399999618530273,28.834999084472656,29.225000381469727,29.110000610351562,3623600.0,22.656147003173828
2001-04-03,29.364999771118164,28.75,29.299999237060547,28.764999389648438,5582000.0,22.387636184692383
2001-04-04,29.075000762939453,28.75,28.825000762939453,29.0,5385600.0,22.570528030395508
2001-04-05,28.854999542236328,27.700000762939453,28.725000381469727,27.950000762939453,5293600.0,21.753318786621094
2001-04-06,28.024999618530273,27.25,27.94499969482422,28.0,3849600.0,21.792236328125
2001-04-09,28.049999237060547,27.0049991607666,27.700000762939453,27.1200008392334,3547400.0,21.107343673706055
2001-04-10,28.700000762939453,27.200000762939453,27.399999618530273,28.489999771118164,5379600.0,22.17360496520996
2001-04-11,28.399999618530273,26.739999771118164,28.364999771118164,27.204999923706055,4629600.0,21.173498153686523
2001-04-12,28.200000762939453,27.3700008392334,27.5,28.0,4001200.0,21.792236328125
2001-04-16,28.2450008392334,27.510000228881836,28.125,27.665000915527344,2072400.0,21.531513214111328
2001-04-17,28.299999237060547,27.549999237060547,27.725000381469727,28.25,2415400.0,21.9868106842041
2001-04-18,29.0,28.0,28.549999237060547,28.399999618530273,5322400.0,22.103553771972656
2001-04-19,28.709999084472656,27.954999923706055,28.450000762939453,28.625,3909800.0,22.278669357299805
2001-04-20,28.700000762939453,28.125,28.594999313354492,28.475000381469727,4067400.0,22.20660972595215
2001-04-23,28.75,27.989999771118164,28.75,28.049999237060547,2725200.0,21.87516975402832
2001-04-24,28.225000381469727,27.5,28.149999618530273,27.75,4423000.0,21.641225814819336
2001-04-25,28.5,27.75,27.875,28.204999923706055,5315800.0,21.996044158935547
2001-04-26,28.924999237060547,28.375,28.5,28.924999237060547,3672400.0,22.557552337646484
2001-04-27,30.125,29.075000762939453,29.100000381469727,29.875,2705800.0,23.298425674438477
2001-04-30,30.149999618530273,29.329999923706055,29.924999237060547,29.475000381469727,4786400.0,22.98647689819336
2001-05-01,29.875,29.389999389648438,29.5,29.844999313354492,3107400.0,23.275022506713867
2001-05-02,29.875,27.5,29.649999618530273,27.920000076293945,12741600.0,21.773786544799805
2001-05-03,28.100000381469727,27.149999618530273,27.799999237060547,27.225000381469727,7938000.0,21.231782913208008
2001-05-04,27.0,26.674999237060547,27.0,26.899999618530273,7326000.0,20.97833251953125
2001-05-07,26.84000015258789,25.790000915527344,26.774999618530273,26.399999618530273,9362800.0,20.588396072387695
2001-05-08,27.454999923706055,26.5,26.700000762939453,27.139999389648438,6799000.0,21.165496826171875
2001-05-09,27.65999984741211,26.924999237060547,27.139999389648438,27.655000686645508,6538400.0,21.567129135131836
2001-05-10,27.799999237060547,26.975000381469727,27.655000686645508,27.100000381469727,4797000.0,21.13429832458496
2001-05-11,27.575000762939453,26.25,27.399999618530273,26.325000762939453,5950200.0,20.529909133911133
2001-05-14,26.56999969482422,25.975000381469727,26.325000762939453,26.200000762939453,6400200.0,20.43242645263672
2001-05-15,26.399999618530273,25.799999237060547,26.375,26.0,6555400.0,20.27644920349121
2001-05-16,26.875,26.049999237060547,26.125,26.479999542236328,4553400.0,20.650781631469727
2001-05-17,27.829999923706055,26.514999389648438,26.649999618530273,27.125,4938400.0,21.153791427612305
2001-05-18,27.364999771118164,26.530000686645508,27.325000762939453,27.34000015258789,4660600.0,21.321470260620117
2001-05-21,27.774999618530273,27.25,27.344999313354492,27.375,2886200.0,21.34876251220703
2001-05-22,27.825000762939453,27.239999771118164,27.385000228881836,27.270000457763672,3168400.0,21.266878128051758
2001-05-23,27.514999389648438,26.924999237060547,27.375,27.010000228881836,3590600.0,21.064115524291992
2001-05-24,27.274999618530273,26.735000610351562,27.200000762939453,26.93000030517578,3959000.0,21.00171661376953
2001-05-25,27.75,27.25,27.350000381469727,27.584999084472656,3687600.0,21.51253890991211
2001-05-29,27.274999618530273,26.5,27.274999618530273,26.649999618530273,7088200.0,20.783363342285156
2001-05-30,27.485000610351562,26.6299991607666,26.725000381469727,27.450000762939453,5988200.0,21.40725326538086
2001-05-31,27.825000762939453,27.25,27.450000762939453,27.450000762939453,4103000.0,21.40725326538086
2001-06-01,27.424999237060547,26.969999313354492,27.375,27.209999084472656,2792600.0,21.220083236694336
2001-06-04,27.299999237060547,27.010000228881836,27.299999237060547,27.200000762939453,1856400.0,21.212282180786133
2001-06-05,27.475000381469727,27.0,27.200000762939453,27.344999313354492,6481400.0,21.325366973876953
2001-06-06,28.200000762939453,26.975000381469727,27.344999313354492,28.049999237060547,5871400.0,21.87516975402832
2001-06-07,28.450000762939453,27.799999237060547,27.9950008392334,28.290000915527344,3160600.0,22.062335968017578
2001-06-08,28.475000381469727,27.850000381469727,28.475000381469727,28.03499984741211,1592400.0,21.863475799560547
2001-06-11,28.03499984741211,27.030000686645508,28.03499984741211,27.100000381469727,3945600.0,21.13429832458496
2001-06-12,27.524999618530273,26.959999084472656,27.0,27.469999313354492,5053400.0,21.422847747802734
2001-06-13,27.510000228881836,27.15999984741211,27.469999313354492,27.290000915527344,3254000.0,21.282474517822266
2001-06-14,27.375,27.049999237060547,27.200000762939453,27.2450008392334,2736000.0,21.247371673583984
2001-06-15,25.25,23.75,25.149999618530273,23.774999618530273,21769400.0,18.5412540435791
2001-06-18,24.489999771118164,24.0,24.0,24.350000381469727,11460200.0,18.989673614501953
2001-06-19,24.5,24.125,24.5,24.424999237060547,7725400.0,19.048158645629883
2001-06-20,24.6200008392334,23.844999313354492,24.424999237060547,23.96500015258789,5903600.0,18.689430236816406
2001-06-21,24.260000228881836,22.5,23.959999084472656,22.729999542236328,15364800.0,17.72629737854004
2001-06-22,23.149999618530273,22.25,23.149999618530273,22.565000534057617,11186800.0,17.597618103027344
2001-06-25,22.565000534057617,21.399999618530273,22.565000534057617,21.440000534057617,14478600.0,16.72027015686035
2001-06-26,22.299999237060547,21.424999237060547,21.549999237060547,22.049999237060547,11216800.0,17.19599723815918
2001-06-27,20.0,18.125,19.985000610351562,18.2549991607666,40463800.0,14.236407279968262
2001-06-28,18.924999237060547,18.334999084472656,18.520000457763672,18.895000457763672,15411200.0,14.735519409179688
2001-06-29,19.325000762939453,18.600000381469727,18.899999618530273,19.299999237060547,11940600.0,15.051365852355957
2001-07-02,19.2549991607666,18.700000762939453,19.125,18.729999542236328,7391200.0,14.606840133666992
2001-07-03,18.549999237060547,17.975000381469727,18.25,18.4950008392334,4884200.0,14.423574447631836
2001-07-05,19.25,18.4950008392334,18.4950008392334,19.024999618530273,7542600.0,14.836901664733887
2001-07-06,19.184999465942383,18.950000762939453,19.0,19.100000381469727,6149600.0,14.895390510559082
2001-07-09,19.424999237060547,19.045000076293945,19.075000762939453,19.100000381469727,4903800.0,14.895390510559082
2001-07-10,19.71500015258789,19.2549991607666,19.450000762939453,19.5,9013400.0,15.207337379455566
2001-07-11,19.950000762939453,19.579999923706055,19.639999389648438,19.725000381469727,7921600.0,15.38281536102295
2001-07-12,19.979999542236328,19.325000762939453,19.700000762939453,19.46500015258789,9478600.0,15.18004322052002
2001-07-13,19.799999237060547,19.450000762939453,19.5,19.68000030517578,5074800.0,15.347712516784668
2001-07-16,19.920000076293945,19.549999237060547,19.75,19.875,6278200.0,15.499789237976074
2001-07-17,20.174999237060547,19.799999237060547,19.799999237060547,20.084999084472656,5617400.0,15.663545608520508
2001-07-18,20.145000457763672,19.950000762939453,20.0,20.0,4910400.0,15.597258567810059
2001-07-19,20.520000457763672,20.045000076293945,20.049999237060547,20.239999771118164,3778200.0,15.830026626586914
2001-07-20,20.219999313354492,20.075000762939453,20.125,20.125,4178800.0,15.74008560180664
2001-07-23,20.450000762939453,19.975000381469727,20.450000762939453,20.020000457763672,3387800.0,15.657962799072266
2001-07-24,20.475000381469727,19.969999313354492,20.375,20.020000457763672,4096600.0,15.657962799072266
2001-07-25,20.059999465942383,19.924999237060547,20.0,20.024999618530273,4312800.0,15.661871910095215
2001-07-26,20.049999237060547,18.5,20.014999389648438,18.604999542236328,22429200.0,14.551262855529785
2001-07-27,18.649999618530273,18.06999969482422,18.625,18.375,12823600.0,14.371383666992188
2001-07-30,18.489999771118164,18.274999618530273,18.424999237060547,18.360000610351562,9645200.0,14.359652519226074
2001-07-31,18.600000381469727,17.975000381469727,18.450000762939453,18.0049991607666,12917000.0,14.081997871398926
2001-08-01,17.75,17.375,17.375,17.530000686645508,13826800.0,13.710491180419922
2001-08-02,18.510000228881836,17.7450008392334,17.75,18.454999923706055,10589400.0,14.433952331542969
2001-08-03,18.485000610351562,17.7450008392334,18.485000610351562,18.0,9878400.0,14.078085899353027
2001-08-06,18.010000228881836,17.739999771118164,18.0,17.979999542236328,4572000.0,14.062442779541016
2001-08-07,18.040000915527344,17.950000762939453,17.985000610351562,18.03499984741211,4771000.0,14.105462074279785
2001-08-08,18.299999237060547,17.8799991607666,18.0,17.93000030517578,8365600.0,14.023340225219727
2001-08-09,18.114999771118164,17.8700008392334,17.950000762939453,18.075000762939453,7053600.0,14.136750221252441
2001-08-10,18.174999237060547,17.799999237060547,18.0,18.024999618530273,4938000.0,14.097638130187988
2001-08-13,18.06999969482422,17.8799991607666,18.049999237060547,17.950000762939453,3903600.0,14.038984298706055
2001-08-14,18.5,18.024999618530273,18.040000915527344,18.389999389648438,5489200.0,14.383113861083984
2001-08-15,18.875,18.299999237060547,18.399999618530273,18.700000762939453,4426800.0,14.625563621520996
2001-08-16,18.71500015258789,18.3799991607666,18.700000762939453,18.389999389648438,5017000.0,14.383113861083984
2001-08-17,18.575000762939453,18.049999237060547,18.5,18.299999237060547,3682600.0,14.31272029876709
2001-08-20,19.075000762939453,18.389999389648438,18.5,19.0,5630400.0,14.86020278930664
2001-08-21,19.0,18.59000015258789,19.0,18.59000015258789,5816600.0,14.539534568786621
2001-08-22,18.799999237060547,18.540000915527344,18.75,18.75,3580000.0,14.664667129516602
2001-08-23,18.674999237060547,17.844999313354492,18.540000915527344,18.5,9552800.0,14.469144821166992
2001-08-24,19.049999237060547,18.579999923706055,18.950000762939453,18.989999771118164,3827800.0,14.85238265991211
2001-08-27,19.0,18.46500015258789,18.989999771118164,18.5,3119600.0,14.469144821166992
2001-08-28,18.709999084472656,18.424999237060547,18.479999542236328,18.635000228881836,4089000.0,14.574729919433594
2001-08-29,18.594999313354492,18.344999313354492,18.524999618530273,18.385000228881836,4925600.0,14.379203796386719
2001-08-30,18.68000030517578,18.325000762939453,18.385000228881836,18.329999923706055,3153600.0,14.33619213104248
2001-08-31,18.299999237060547,17.969999313354492,18.204999923706055,18.05500030517578,3935200.0,14.121100425720215
2001-09-04,18.774999618530273,18.05500030517578,18.059999465942383,18.5,5184200.0,14.469144821166992
2001-09-05,19.405000686645508,18.655000686645508,18.975000381469727,19.0,10125200.0,14.86020278930664
2001-09-06,18.924999237060547,18.299999237060547,18.924999237060547,18.325000762939453,5203400.0,14.33227825164795
2001-09-07,18.454999923706055,17.674999237060547,18.325000762939453,17.885000228881836,7264200.0,13.988142967224121
2001-09-10,18.190000534057617,17.674999237060547,17.75,18.1200008392334,5417600.0,14.171940803527832
2001-09-17,18.225000381469727,17.674999237060547,17.75,17.81999969482422,7196200.0,13.937304496765137
2001-09-18,18.25,17.815000534057617,17.815000534057617,18.125,4546200.0,14.175850868225098
2001-09-19,18.575000762939453,17.84000015258789,18.299999237060547,18.204999923706055,6432200.0,14.238415718078613
2001-09-20,18.450000762939453,17.600000381469727,18.350000381469727,17.674999237060547,8308400.0,13.823902130126953
2001-09-21,16.399999618530273,15.229999542236328,15.25,16.125,19999800.0,12.611621856689453
2001-09-24,16.625,15.899999618530273,16.625,16.059999465942383,13671800.0,12.56078052520752
2001-09-25,16.100000381469727,15.5649995803833,16.024999618530273,15.699999809265137,10779200.0,12.27922248840332
2001-09-26,15.899999618530273,15.625,15.75,15.84000015258789,7519400.0,12.388716697692871
2001-09-27,16.200000762939453,15.600000381469727,15.71500015258789,16.200000762939453,7112800.0,12.670279502868652
2001-09-28,16.899999618530273,16.104999542236328,16.165000915527344,16.600000381469727,5016600.0,12.98312759399414
2001-10-01,16.655000686645508,16.100000381469727,16.649999618530273,16.399999618530273,4667400.0,12.826701164245605
2001-10-02,16.735000610351562,16.204999923706055,16.399999618530273,16.69499969482422,4497000.0,13.057425498962402
2001-10-03,17.274999618530273,16.5,16.5,17.274999618530273,6408000.0,13.5110502243042
2001-10-04,17.274999618530273,16.600000381469727,17.274999618530273,16.6299991607666,4574400.0,13.006585121154785
2001-10-05,16.80500030517578,16.434999465942383,16.6299991607666,16.56999969482422,3716800.0,12.9596586227417
2001-10-08,16.8700008392334,16.399999618530273,16.524999618530273,16.614999771118164,4048000.0,12.994857788085938
2001-10-09,16.399999618530273,15.970000267028809,16.299999237060547,16.200000762939453,4471800.0,12.670279502868652
2001-10-10,16.280000686645508,15.949999809265137,16.075000762939453,16.239999771118164,5547800.0,12.701562881469727
2001-10-11,16.424999237060547,16.075000762939453,16.28499984741211,16.28499984741211,4198200.0,12.736760139465332
2001-10-12,16.440000534057617,15.675000190734863,16.049999237060547,16.440000534057617,9543400.0,12.857987403869629
2001-10-15,16.649999618530273,16.200000762939453,16.225000381469727,16.399999618530273,5580400.0,12.826701164245605
2001-10-16,16.729999542236328,16.139999389648438,16.625,16.614999771118164,3092400.0,12.994857788085938
2001-10-17,16.950000762939453,16.149999618530273,16.924999237060547,16.299999237060547,4594600.0,12.748491287231445
2001-10-18,16.299999237060547,15.75,16.270000457763672,16.075000762939453,3990000.0,12.61710262298584
2001-10-19,16.149999618530273,15.829999923706055,15.949999809265137,16.104999542236328,2752400.0,12.640644073486328
2001-10-22,16.200000762939453,15.75,16.024999618530273,16.1200008392334,2976200.0,12.652420043945312
2001-10-23,16.469999313354492,16.045000076293945,16.424999237060547,16.274999618530273,3044600.0,12.774075508117676
2001-10-24,16.424999237060547,16.010000228881836,16.25,16.065000534057617,2539000.0,12.609251022338867
2001-10-25,16.100000381469727,15.470000267028809,16.065000534057617,16.0,3901600.0,12.558231353759766
2001-10-26,16.204999923706055,15.925000190734863,16.0,16.0,8301600.0,12.558231353759766
2001-10-29,16.045000076293945,15.760000228881836,16.0,15.8100004196167,2588000.0,12.40910530090332
2001-10-30,13.0,11.5,13.0,12.175000190734863,64118400.0,9.5560302734375
2001-10-31,12.225000381469727,11.5,12.180000305175781,11.949999809265137,29423200.0,9.379430770874023
2001-11-01,12.095000267028809,11.760000228881836,11.949999809265137,12.0,11656800.0,9.418670654296875
2001-11-02,12.024999618530273,11.529999732971191,12.0,11.640000343322754,9283000.0,9.136113166809082
2001-11-05,11.765000343322754,11.444999694824219,11.649999618530273,11.71500015258789,12980800.0,9.194981575012207
2001-11-06,11.899999618530273,11.449999809265137,11.600000381469727,11.864999771118164,12474000.0,9.312716484069824
2001-11-07,12.324999809265137,11.864999771118164,11.864999771118164,12.274999618530273,11169800.0,9.634517669677734
2001-11-08,12.399999618530273,12.0,12.399999618530273,12.175000190734863,8882600.0,9.5560302734375
2001-11-09,12.135000228881836,11.885000228881836,12.100000381469727,12.074999809265137,6739200.0,9.477544784545898
2001-11-12,12.149999618530273,11.899999618530273,12.149999618530273,12.050000190734863,5308800.0,9.45792007446289
2001-11-13,12.1850004196167,11.954999923706055,12.050000190734863,12.024999618530273,7961800.0,9.4382963180542
2001-11-14,12.1899995803833,12.0,12.074999809265137,12.09000015258789,6469400.0,9.489314079284668
2001-11-15,12.135000228881836,11.989999771118164,12.125,12.109999656677246,10397200.0,9.505011558532715
2001-11-16,12.125,11.925000190734863,12.119999885559082,12.079999923706055,6631000.0,9.481463432312012
2001-11-19,12.5,12.03499984741211,12.050000190734863,12.475000381469727,7127600.0,9.791495323181152
2001-11-20,12.420000076293945,12.145000457763672,12.234999656677246,12.34000015258789,8418800.0,9.68553638458252
2001-11-21,12.505000114440918,12.135000228881836,12.274999618530273,12.414999961853027,9742200.0,9.744404792785645
2001-11-23,12.71500015258789,12.414999961853027,12.449999809265137,12.670000076293945,3502800.0,9.944548606872559
2001-11-26,13.520000457763672,12.744999885559082,12.75,13.449999809265137,13161200.0,10.5567626953125
2001-11-27,13.699999809265137,13.375,13.425000190734863,13.454999923706055,9533200.0,10.560685157775879
2001-11-28,13.975000381469727,13.5,13.75,13.75,11062600.0,10.792231559753418
2001-11-29,13.755000114440918,13.5,13.755000114440918,13.640000343322754,6268800.0,10.705894470214844
2001-11-30,13.649999618530273,13.399999618530273,13.625,13.475000381469727,5896800.0,10.576385498046875
2001-12-03,13.5600004196167,13.199999809265137,13.425000190734863,13.494999885559082,6360200.0,10.592082977294922
2001-12-04,13.550000190734863,13.199999809265137,13.399999618530273,13.260000228881836,4986200.0,10.407638549804688
2001-12-05,13.755000114440918,13.225000381469727,13.225000381469727,13.555000305175781,4899400.0,10.639179229736328
2001-12-06,13.845000267028809,13.484999656677246,13.600000381469727,13.704999923706055,4746800.0,10.75691032409668
2001-12-07,13.819999694824219,13.524999618530273,13.800000190734863,13.675000190734863,3554600.0,10.733362197875977
2001-12-10,13.550000190734863,13.265000343322754,13.550000190734863,13.300000190734863,3764000.0,10.439029693603516
2001-12-11,13.4350004196167,13.225000381469727,13.300000190734863,13.364999771118164,4224800.0,10.490046501159668
2001-12-12,13.364999771118164,12.5,13.364999771118164,13.050000190734863,7104800.0,10.24280834197998
2001-12-13,13.600000381469727,13.0,13.050000190734863,13.319999694824219,5356200.0,10.454727172851562
2001-12-14,14.0,13.149999618530273,13.274999618530273,13.635000228881836,7746800.0,10.701972961425781
2001-12-17,14.529999732971191,13.604999542236328,13.640000343322754,14.529999732971191,8935800.0,11.40444564819336
2001-12-18,14.550000190734863,14.220000267028809,14.449999809265137,14.494999885559082,7981800.0,11.376972198486328
2001-12-19,14.725000381469727,14.404999732971191,14.475000381469727,14.664999961853027,7294200.0,11.51040267944336
2001-12-20,14.975000381469727,14.569999694824219,14.625,14.760000228881836,7330200.0,11.584969520568848
2001-12-21,15.005000114440918,14.75,15.0,14.949999809265137,8007200.0,11.734103202819824
2001-12-24,15.010000228881836,14.774999618530273,14.774999618530273,14.904999732971191,1918800.0,11.698775291442871
2001-12-26,14.925000190734863,14.649999618530273,14.779999732971191,14.779999732971191,3329800.0,11.600666046142578
2001-12-27,15.109999656677246,14.725000381469727,14.725000381469727,15.0,4219600.0,11.773341178894043
2001-12-28,15.239999771118164,14.875,15.0,15.0,2830600.0,11.773341178894043
2001-12-31,15.125,14.800000190734863,14.899999618530273,14.800000190734863,3492600.0,11.616368293762207
2002-01-02,14.944999694824219,14.520000457763672,14.925000190734863,14.800000190734863,4616800.0,11.616368293762207
2002-01-03,15.085000038146973,14.625,14.850000381469727,14.800000190734863,5449000.0,11.616368293762207
2002-01-04,15.0600004196167,14.699999809265137,14.800000190734863,14.8149995803833,4860000.0,11.62813949584961
2002-01-07,15.095000267028809,14.664999961853027,14.8149995803833,14.770000457763672,5351800.0,11.592820167541504
2002-01-08,14.899999618530273,14.625,14.770000457763672,14.770000457763672,4488800.0,11.592820167541504
2002-01-09,14.90999984741211,14.600000381469727,14.850000381469727,14.649999618530273,4157400.0,11.49863052368164
2002-01-10,14.59000015258789,14.305000305175781,14.574999809265137,14.5,4081400.0,11.380899429321289
2002-01-11,14.454999923706055,14.279999732971191,14.390000343322754,14.375,4008200.0,11.282785415649414
2002-01-14,14.5,14.274999618530273,14.399999618530273,14.395000457763672,2776600.0,11.298487663269043
2002-01-15,14.444999694824219,13.850000381469727,14.274999618530273,14.135000228881836,5533800.0,11.094413757324219
2002-01-16,14.149999618530273,13.800000190734863,14.140000343322754,14.045000076293945,4636400.0,11.023775100708008
2002-01-17,14.125,13.949999809265137,14.125,14.0,2822400.0,10.988452911376953
2002-01-18,14.095000267028809,13.859999656677246,13.970000267028809,13.954999923706055,2834200.0,10.998385429382324
2002-01-22,14.194999694824219,13.869999885559082,14.100000381469727,13.875,5694400.0,10.935336112976074
2002-01-23,14.024999618530273,13.8149995803833,13.899999618530273,13.975000381469727,2859800.0,11.014147758483887
2002-01-24,14.130000114440918,13.729999542236328,13.979999542236328,13.779999732971191,4982200.0,10.860459327697754
2002-01-25,14.09000015258789,13.774999618530273,13.78499984741211,14.015000343322754,2953000.0,11.045669555664062
2002-01-28,14.199999809265137,13.880000114440918,14.125,13.9399995803833,3076400.0,10.986562728881836
2002-01-29,14.130000114440918,13.25,13.975000381469727,13.364999771118164,4752200.0,10.533384323120117
2002-01-30,13.510000228881836,12.899999618530273,13.175000190734863,13.444999694824219,5487800.0,10.59643840789795
2002-01-31,13.670000076293945,13.475000381469727,13.5,13.600000381469727,5161600.0,10.718596458435059
2002-02-01,13.595000267028809,12.875,13.5,12.899999618530273,5675400.0,10.166903495788574
2002-02-04,13.5600004196167,12.970000267028809,13.125,13.28499984741211,5558200.0,10.470333099365234
2002-02-05,13.649999618530273,12.789999961853027,13.274999618530273,13.510000228881836,6809800.0,10.647666931152344
2002-02-06,13.699999809265137,12.869999885559082,13.550000190734863,13.0649995803833,4257200.0,10.296944618225098
2002-02-07,13.75,12.975000381469727,13.050000190734863,13.444999694824219,6193400.0,10.59643840789795
2002-02-08,13.550000190734863,13.175000190734863,13.425000190734863,13.404999732971191,4102000.0,10.564909934997559
2002-02-11,13.725000381469727,13.425000190734863,13.449999809265137,13.725000381469727,4404400.0,10.817115783691406
2002-02-12,14.015000343322754,13.675000190734863,13.725000381469727,13.949999809265137,5519200.0,10.994441986083984
2002-02-13,14.074999809265137,13.904999732971191,13.975000381469727,13.970000267028809,3448000.0,11.010207176208496
2002-02-14,14.175000190734863,14.0,14.0,14.039999961853027,3349000.0,11.065375328063965
2002-02-15,14.149999618530273,13.899999618530273,14.039999961853027,13.989999771118164,2901000.0,11.025969505310059
2002-02-19,13.975000381469727,13.454999923706055,13.899999618530273,13.699999809265137,6401000.0,10.797404289245605
2002-02-20,13.8100004196167,13.545000076293945,13.720000267028809,13.739999771118164,2511600.0,10.828935623168945
2002-02-21,13.984999656677246,13.649999618530273,13.649999618530273,13.694999694824219,4091200.0,10.793466567993164
2002-02-22,13.625,13.354999542236328,13.600000381469727,13.579999923706055,3626600.0,10.702831268310547
2002-02-25,14.119999885559082,13.574999809265137,13.574999809265137,14.074999809265137,3743400.0,11.092960357666016
2002-02-26,14.484999656677246,14.03499984741211,14.0600004196167,14.385000228881836,3348800.0,11.337285995483398
2002-02-27,14.350000381469727,13.595000267028809,14.3100004196167,13.734999656677246,5801800.0,10.824991226196289
2002-02-28,13.944999694824219,13.5,13.675000190734863,13.65999984741211,4322600.0,10.765884399414062
2002-03-01,14.055000305175781,13.699999809265137,13.699999809265137,14.015000343322754,4757200.0,11.045669555664062
2002-03-04,14.800000190734863,14.194999694824219,14.199999809265137,14.675000190734863,5932200.0,11.565839767456055
2002-03-05,15.024999618530273,14.664999961853027,14.725000381469727,14.949999809265137,7085600.0,11.78257942199707
2002-03-06,15.579999923706055,15.055000305175781,15.175000190734863,15.5649995803833,7287800.0,12.267274856567383
2002-03-07,15.574999809265137,15.039999961853027,15.5600004196167,15.204999923706055,5296600.0,11.983551025390625
2002-03-08,15.5,15.350000381469727,15.489999771118164,15.425000190734863,4311200.0,12.15693473815918
2002-03-11,15.59000015258789,15.204999923706055,15.350000381469727,15.545000076293945,3608600.0,12.25151538848877
2002-03-12,16.424999237060547,15.25,15.5,16.325000762939453,5013200.0,12.866253852844238
2002-03-13,16.479999542236328,16.184999465942383,16.350000381469727,16.375,11415800.0,12.905667304992676
2002-03-14,16.7450008392334,16.30500030517578,16.325000762939453,16.690000534057617,7325200.0,13.15392780303955
2002-03-15,17.2549991607666,16.875,17.0,17.155000686645508,14548800.0,13.520407676696777
2002-03-18,17.75,17.21500015258789,17.25,17.700000762939453,8715600.0,13.94994068145752
2002-03-19,17.774999618530273,17.44499969482422,17.674999237060547,17.604999542236328,7090800.0,13.875065803527832
2002-03-20,17.34000015258789,16.915000915527344,17.274999618530273,17.31999969482422,4317800.0,13.650449752807617
2002-03-21,17.30500030517578,17.104999542236328,17.299999237060547,17.225000381469727,2738200.0,13.57557487487793
2002-03-22,17.389999389648438,17.06999969482422,17.239999771118164,17.239999771118164,2359800.0,13.587400436401367
2002-03-25,17.350000381469727,17.075000762939453,17.274999618530273,17.135000228881836,2138000.0,13.504645347595215
2002-03-26,17.235000610351562,16.700000762939453,17.174999237060547,17.0,3228000.0,13.398248672485352
2002-03-27,16.924999237060547,16.649999618530273,16.924999237060547,16.885000228881836,3596000.0,13.307612419128418
2002-03-28,17.299999237060547,17.09000015258789,17.125,17.165000915527344,3866600.0,13.528287887573242
2002-04-01,17.270000457763672,16.924999237060547,17.200000762939453,17.25,3247800.0,13.595280647277832
2002-04-02,17.299999237060547,16.725000381469727,17.28499984741211,16.815000534057617,3303600.0,13.25243854522705
2002-04-03,17.125,16.524999618530273,16.75,16.719999313354492,2844400.0,13.177567481994629
2002-04-04,16.825000762939453,16.4950008392334,16.524999618530273,16.770000457763672,2643800.0,13.216978073120117
2002-04-05,16.924999237060547,16.584999084472656,16.774999618530273,16.8700008392334,2930000.0,13.295795440673828
2002-04-08,17.0,16.600000381469727,16.875,16.90999984741211,2546800.0,13.327312469482422
2002-04-09,17.850000381469727,17.344999313354492,17.375,17.790000915527344,10194800.0,14.02087116241455
2002-04-10,17.700000762939453,17.375,17.674999237060547,17.6200008392334,4714800.0,13.88688850402832
2002-04-11,17.540000915527344,17.200000762939453,17.5,17.325000762939453,4411800.0,13.654390335083008
2002-04-12,17.540000915527344,17.049999237060547,17.334999084472656,17.5,2785600.0,13.792309761047363
2002-04-15,17.510000228881836,17.299999237060547,17.5,17.354999542236328,5475800.0,13.678031921386719
2002-04-16,17.6200008392334,17.325000762939453,17.450000762939453,17.614999771118164,3547600.0,13.882951736450195
2002-04-17,17.6200008392334,17.155000686645508,17.614999771118164,17.190000534057617,3650200.0,13.547995567321777
2002-04-18,17.274999618530273,16.969999313354492,17.190000534057617,17.219999313354492,2418200.0,13.57163143157959
2002-04-19,17.375,16.93000030517578,17.350000381469727,17.200000762939453,3238200.0,13.601367950439453
2002-04-22,17.200000762939453,16.969999313354492,17.190000534057617,17.165000915527344,2259800.0,13.573692321777344
2002-04-23,17.225000381469727,17.049999237060547,17.125,17.110000610351562,2424000.0,13.53019905090332
2002-04-24,17.125,16.924999237060547,17.110000610351562,16.959999084472656,2838200.0,13.41158390045166
2002-04-25,16.780000686645508,16.280000686645508,16.774999618530273,16.700000762939453,3909200.0,13.205979347229004
2002-04-26,16.700000762939453,15.84000015258789,16.700000762939453,16.225000381469727,4880800.0,12.830365180969238
2002-04-29,16.96500015258789,16.25,16.260000228881836,16.655000686645508,3632200.0,13.170393943786621
2002-04-30,16.950000762939453,16.584999084472656,16.825000762939453,16.739999771118164,4068800.0,13.237610816955566
2002-05-01,16.795000076293945,16.399999618530273,16.639999389648438,16.6200008392334,3300600.0,13.142716407775879
2002-05-02,16.770000457763672,16.334999084472656,16.649999618530273,16.3700008392334,5045600.0,12.945024490356445
2002-05-03,16.690000534057617,16.049999237060547,16.549999237060547,16.325000762939453,4770400.0,12.909435272216797
2002-05-06,16.469999313354492,16.204999923706055,16.299999237060547,16.239999771118164,3036200.0,12.842222213745117
2002-05-07,16.864999771118164,16.225000381469727,16.424999237060547,16.809999465942383,6599000.0,13.292963981628418
2002-05-08,17.825000762939453,16.940000534057617,17.100000381469727,17.764999389648438,9979800.0,14.048155784606934
2002-05-09,17.760000228881836,17.200000762939453,17.649999618530273,17.295000076293945,5639000.0,13.67648696899414
2002-05-10,17.375,17.059999465942383,17.375,17.200000762939453,2745800.0,13.601367950439453
2002-05-13,17.299999237060547,17.0049991607666,17.200000762939453,17.149999618530273,2396800.0,13.56182861328125
2002-05-14,17.34000015258789,17.110000610351562,17.299999237060547,17.329999923706055,3312400.0,13.704169273376465
2002-05-15,17.399999618530273,17.059999465942383,17.329999923706055,17.06999969482422,2983000.0,13.49856185913086
2002-05-16,17.200000762939453,16.760000228881836,17.075000762939453,16.989999771118164,2229600.0,13.435304641723633
2002-05-17,17.149999618530273,16.975000381469727,17.0,17.09000015258789,2138600.0,13.514384269714355
2002-05-20,17.184999465942383,16.875,17.149999618530273,16.889999389648438,1541400.0,13.35622501373291
2002-05-21,17.0,16.469999313354492,16.989999771118164,16.524999618530273,2059800.0,13.067597389221191
2002-05-22,16.579999923706055,16.34000015258789,16.549999237060547,16.520000457763672,2210200.0,13.063640594482422
2002-05-23,16.625,16.385000228881836,16.524999618530273,16.625,1764800.0,13.146674156188965
2002-05-24,16.940000534057617,16.559999465942383,16.625,16.600000381469727,2556400.0,13.126901626586914
2002-05-28,16.670000076293945,16.225000381469727,16.5,16.309999465942383,3137800.0,12.897576332092285
2002-05-29,16.489999771118164,16.239999771118164,16.325000762939453,16.334999084472656,1702200.0,12.917343139648438
2002-05-30,16.424999237060547,16.079999923706055,16.299999237060547,16.110000610351562,1928000.0,12.739423751831055
2002-05-31,16.1200008392334,15.930000305175781,16.110000610351562,16.014999389648438,4191000.0,12.664298057556152
2002-06-03,16.049999237060547,15.78499984741211,16.0,15.78499984741211,3376800.0,12.482418060302734
2002-06-04,15.729999542236328,15.119999885559082,15.725000381469727,15.5,5251600.0,12.257048606872559
2002-06-05,15.899999618530273,15.494999885559082,15.494999885559082,15.880000114440918,5447200.0,12.557543754577637
2002-06-06,16.174999237060547,15.885000228881836,15.920000076293945,16.075000762939453,4380600.0,12.711745262145996
2002-06-07,16.399999618530273,16.0049991607666,16.075000762939453,16.3799991607666,3592000.0,12.952929496765137
2002-06-10,16.610000610351562,16.389999389648438,16.415000915527344,16.56999969482422,2942000.0,13.103178977966309
2002-06-11,16.920000076293945,16.459999084472656,16.674999237060547,16.489999771118164,4102800.0,13.039916038513184
2002-06-12,16.7450008392334,16.375,16.549999237060547,16.7450008392334,3961600.0,13.241564750671387
2002-06-13,16.7450008392334,16.469999313354492,16.7450008392334,16.5049991607666,2514000.0,13.051776885986328
2002-06-14,16.540000915527344,15.800000190734863,16.5049991607666,16.440000534057617,6260600.0,13.000375747680664
2002-06-17,16.84000015258789,16.43000030517578,16.440000534057617,16.815000534057617,2202000.0,13.296917915344238
2002-06-18,16.8700008392334,16.600000381469727,16.815000534057617,16.75,3501600.0,13.24552059173584
2002-06-19,16.809999465942383,16.459999084472656,16.639999389648438,16.5,5408600.0,13.047822952270508
2002-06-20,16.645000457763672,16.424999237060547,16.5,16.5049991607666,4487000.0,13.051776885986328
2002-06-21,16.600000381469727,16.200000762939453,16.5,16.290000915527344,8191000.0,12.88176441192627
2002-06-24,16.31999969482422,15.829999923706055,16.149999618530273,15.864999771118164,3942000.0,12.545682907104492
2002-06-25,16.065000534057617,15.675000190734863,16.0,15.675000190734863,3576600.0,12.395434379577637
2002-06-26,15.725000381469727,15.220000267028809,15.25,15.585000038146973,3191400.0,12.324262619018555
2002-06-27,15.859999656677246,15.369999885559082,15.649999618530273,15.494999885559082,4921000.0,12.253093719482422
2002-06-28,15.545000076293945,15.239999771118164,15.5,15.300000190734863,8640000.0,12.098893165588379
2002-07-01,15.369999885559082,15.020000457763672,15.199999809265137,15.0600004196167,3699600.0,11.909109115600586
2002-07-02,14.875,14.350000381469727,14.850000381469727,14.699999809265137,4656800.0,11.624422073364258
2002-07-03,14.760000228881836,14.234999656677246,14.75,14.65999984741211,3164200.0,11.592793464660645
2002-07-05,14.925000190734863,14.645000457763672,14.654999732971191,14.774999618530273,1833400.0,11.683732986450195
2002-07-08,14.859999656677246,14.59000015258789,14.800000190734863,14.694999694824219,2743400.0,11.62047004699707
2002-07-09,14.895000457763672,14.194999694824219,14.800000190734863,14.255000114440918,3698400.0,11.272530555725098
2002-07-10,14.4399995803833,13.774999618530273,14.34000015258789,13.829999923706055,3961200.0,10.936450004577637
2002-07-11,13.970000267028809,13.300000190734863,13.375,13.539999961853027,6568800.0,10.707124710083008
2002-07-12,14.100000381469727,13.545000076293945,13.925000190734863,13.654999732971191,4427400.0,10.798062324523926
2002-07-15,13.75,12.859999656677246,13.675000190734863,13.46500015258789,7433400.0,10.647815704345703
2002-07-16,13.404999732971191,12.989999771118164,13.25,13.100000381469727,4695800.0,10.359182357788086
2002-07-17,13.300000190734863,12.954999923706055,13.25,13.100000381469727,4630800.0,10.359182357788086
2002-07-18,13.225000381469727,12.989999771118164,13.050000190734863,13.03499984741211,4486200.0,10.353301048278809
2002-07-19,13.020000457763672,12.770000457763672,12.90999984741211,12.899999618530273,6247200.0,10.246075630187988
2002-07-22,12.899999618530273,12.145000457763672,12.75,12.5,6189600.0,9.928373336791992
2002-07-23,12.574999809265137,11.899999618530273,11.899999618530273,12.210000038146973,5642600.0,9.698030471801758
2002-07-24,13.175000190734863,11.774999618530273,11.800000190734863,12.954999923706055,7585600.0,10.289763450622559
2002-07-25,12.949999809265137,12.229999542236328,12.944999694824219,12.845000267028809,6293000.0,10.202396392822266
2002-07-26,13.050000190734863,12.550000190734863,12.824999809265137,12.96500015258789,4763400.0,10.297706604003906
2002-07-29,13.364999771118164,13.0,13.125,13.28499984741211,5776800.0,10.551872253417969
2002-07-30,13.300000190734863,12.829999923706055,13.25,13.114999771118164,4930200.0,10.41684627532959
2002-07-31,14.300000190734863,13.25,13.25,14.300000190734863,7483600.0,11.358057975769043
2002-08-01,14.625,14.085000038146973,14.449999809265137,14.324999809265137,5915800.0,11.377915382385254
2002-08-02,14.899999618530273,13.6850004196167,14.300000190734863,13.850000381469727,7737400.0,11.000638008117676
2002-08-05,14.1850004196167,13.220000267028809,13.975000381469727,13.225000381469727,5839800.0,10.504217147827148
2002-08-06,14.289999961853027,13.375,13.375,14.015000343322754,5034600.0,11.13168716430664
2002-08-07,14.71500015258789,14.274999618530273,14.274999618530273,14.6899995803833,5118000.0,11.667820930480957
2002-08-08,14.725000381469727,14.279999732971191,14.524999618530273,14.6850004196167,5338400.0,11.663850784301758
2002-08-09,14.774999618530273,14.449999809265137,14.649999618530273,14.704999923706055,4159400.0,11.679733276367188
2002-08-12,14.654999732971191,14.305000305175781,14.600000381469727,14.375,3070000.0,11.41762924194336
2002-08-13,14.890000343322754,14.300000190734863,14.375,14.345000267028809,3218800.0,11.393798828125
2002-08-14,15.020000457763672,14.225000381469727,14.345000267028809,15.0,3162200.0,11.914041519165039
2002-08-15,15.479999542236328,14.904999732971191,14.9350004196167,15.079999923706055,3481600.0,11.977587699890137
2002-08-16,15.3100004196167,14.824999809265137,14.854999542236328,15.085000038146973,2285200.0,11.981557846069336
2002-08-19,15.699999809265137,15.069999694824219,15.079999923706055,15.649999618530273,3125800.0,12.430319786071777
2002-08-20,15.625,14.960000038146973,15.625,15.055000305175781,4354200.0,11.957732200622559
2002-08-21,15.229999542236328,14.729999542236328,15.069999694824219,15.21500015258789,3586400.0,12.084810256958008
2002-08-22,15.609999656677246,15.199999809265137,15.21500015258789,15.555000305175781,3270800.0,12.354862213134766
2002-08-23,15.699999809265137,15.430000305175781,15.510000228881836,15.609999656677246,4281400.0,12.398548126220703
2002-08-26,15.574999809265137,15.265000343322754,15.475000381469727,15.4399995803833,3220400.0,12.263520240783691
2002-08-27,15.670000076293945,15.1899995803833,15.550000190734863,15.319999694824219,3121600.0,12.168211936950684
2002-08-28,15.390000343322754,14.774999618530273,15.225000381469727,15.020000457763672,2001200.0,11.929927825927734
2002-08-29,14.899999618530273,14.585000038146973,14.899999618530273,14.675000190734863,4167400.0,11.655903816223145
2002-08-30,14.835000038146973,14.475000381469727,14.675000190734863,14.694999694824219,2503600.0,11.671794891357422
2002-09-03,14.734999656677246,14.204999923706055,14.694999694824219,14.295000076293945,4620600.0,11.354081153869629
2002-09-04,14.40999984741211,13.829999923706055,14.25,14.244999885559082,5473400.0,11.314366340637207
2002-09-05,14.140000343322754,13.779999732971191,14.119999885559082,13.9399995803833,3757200.0,11.07211971282959
2002-09-06,14.630000114440918,13.975000381469727,14.024999618530273,14.550000190734863,3321200.0,11.556617736816406
2002-09-09,14.890000343322754,14.335000038146973,14.515000343322754,14.729999542236328,2266600.0,11.699589729309082
2002-09-10,14.895000457763672,14.699999809265137,14.8100004196167,14.84000015258789,2045400.0,11.78696346282959
2002-09-11,15.039999961853027,14.739999771118164,14.925000190734863,14.75,1206200.0,11.715476036071777
2002-09-12,14.9399995803833,14.475000381469727,14.755000114440918,14.789999961853027,3972800.0,11.747246742248535
2002-09-13,15.024999618530273,14.5600004196167,14.574999809265137,14.854999542236328,2963800.0,11.798874855041504
2002-09-16,14.960000038146973,14.524999618530273,14.845000267028809,14.78499984741211,2429600.0,11.743280410766602
2002-09-17,14.944999694824219,14.164999961853027,14.869999885559082,14.199999809265137,2393600.0,11.2786283493042
2002-09-18,13.984999656677246,13.199999809265137,13.75,13.859999656677246,5643200.0,11.008573532104492
2002-09-19,13.90999984741211,13.529999732971191,13.859999656677246,13.670000076293945,2329000.0,10.857665061950684
2002-09-20,13.859999656677246,13.5,13.725000381469727,13.760000228881836,3658000.0,10.92915153503418
2002-09-23,13.694999694824219,13.414999961853027,13.5,13.635000228881836,3203800.0,10.82986831665039
2002-09-24,13.6899995803833,12.979999542236328,13.5,13.164999961853027,5943800.0,10.456557273864746
2002-09-25,13.904999732971191,13.279999732971191,13.300000190734863,13.805000305175781,4134800.0,10.964893341064453
2002-09-26,14.510000228881836,13.859999656677246,13.9350004196167,14.449999809265137,4388000.0,11.477193832397461
2002-09-27,14.574999809265137,13.6899995803833,14.359999656677246,13.694999694824219,3056800.0,10.877522468566895
2002-09-30,13.694999694824219,12.25,13.694999694824219,12.675000190734863,10150600.0,10.067367553710938
2002-10-01,12.680000305175781,11.515000343322754,12.680000305175781,12.255000114440918,11739000.0,9.733773231506348
2002-10-02,12.875,12.074999809265137,12.100000381469727,12.399999618530273,4932800.0,9.848944664001465
2002-10-03,12.6899995803833,12.100000381469727,12.350000381469727,12.40999984741211,5074000.0,9.856887817382812
2002-10-04,12.600000381469727,11.880000114440918,12.430000305175781,12.3100004196167,4464400.0,9.777462005615234
2002-10-07,12.460000038146973,11.895000457763672,12.3100004196167,12.0,3588800.0,9.531233787536621
2002-10-08,13.65999984741211,12.524999618530273,13.550000190734863,12.944999694824219,10927600.0,10.281818389892578
2002-10-09,13.104999542236328,12.71500015258789,13.039999961853027,12.875,6531000.0,10.226221084594727
2002-10-10,13.25,12.755000114440918,12.949999809265137,13.045000076293945,5149400.0,10.361248970031738
2002-10-11,13.694999694824219,13.074999809265137,13.100000381469727,13.600000381469727,3124600.0,10.802066802978516
2002-10-14,13.96500015258789,13.524999618530273,13.600000381469727,13.600000381469727,2510400.0,10.802066802978516
2002-10-15,14.399999618530273,13.880000114440918,13.925000190734863,14.350000381469727,4270200.0,11.397768020629883
2002-10-16,14.470000267028809,13.899999618530273,14.25,14.024999618530273,3757000.0,11.139629364013672
2002-10-17,14.1850004196167,13.875,14.125,14.0,4476600.0,11.165629386901855
2002-10-18,13.994999885559082,13.75,13.975000381469727,13.850000381469727,2727600.0,11.046000480651855
2002-10-21,13.869999885559082,13.425000190734863,13.850000381469727,13.819999694824219,4336200.0,11.02207088470459
2002-10-22,13.869999885559082,13.494999885559082,13.675000190734863,13.71500015258789,3355400.0,10.938331604003906
2002-10-23,14.024999618530273,13.604999542236328,13.71500015258789,13.960000038146973,3788600.0,11.133726119995117
2002-10-24,14.045000076293945,13.574999809265137,14.0,13.720000267028809,2591400.0,10.942322731018066
2002-10-25,14.020000457763672,13.569999694824219,13.75,13.944999694824219,3313800.0,11.121766090393066
2002-10-28,14.050000190734863,13.420000076293945,14.0,13.524999618530273,4199800.0,10.786799430847168
2002-10-29,13.774999618530273,13.380000114440918,13.53499984741211,13.574999809265137,4188000.0,10.826671600341797
2002-10-30,13.770000457763672,13.305000305175781,13.625,13.604999542236328,7732000.0,10.850598335266113
2002-10-31,14.050000190734863,13.324999809265137,13.604999542236328,13.864999771118164,6721200.0,11.057962417602539
2002-11-01,14.039999961853027,13.600000381469727,13.890000343322754,13.979999542236328,3867200.0,11.149679183959961
2002-11-04,14.0649995803833,13.529999732971191,14.0,13.574999809265137,5524000.0,10.826671600341797
2002-11-05,13.800000190734863,13.449999809265137,13.524999618530273,13.725000381469727,5426800.0,10.946306228637695
2002-11-06,13.914999961853027,13.649999618530273,13.875,13.774999618530273,6225800.0,10.98618221282959
2002-11-07,13.895000457763672,13.680000305175781,13.800000190734863,13.760000228881836,3681600.0,10.974220275878906
2002-11-08,13.8100004196167,13.40999984741211,13.800000190734863,13.460000038146973,4200200.0,10.734956741333008
2002-11-11,13.529999732971191,13.149999618530273,13.460000038146973,13.180000305175781,2666200.0,10.511645317077637
2002-11-12,13.694999694824219,13.154999732971191,13.239999771118164,13.369999885559082,2655000.0,10.663176536560059
2002-11-13,13.734999656677246,13.024999618530273,13.244999885559082,13.34000015258789,3247000.0,10.639249801635742
2002-11-14,14.050000190734863,13.505000114440918,13.619999885559082,13.960000038146973,5010200.0,11.133726119995117
2002-11-15,14.279999732971191,13.845000267028809,13.864999771118164,14.0600004196167,3972400.0,11.213484764099121
2002-11-18,14.1850004196167,13.614999771118164,14.074999809265137,13.65999984741211,3078600.0,10.894465446472168
2002-11-19,13.829999923706055,13.295000076293945,13.664999961853027,13.574999809265137,2995000.0,10.826671600341797
2002-11-20,13.585000038146973,13.305000305175781,13.550000190734863,13.550000190734863,4234200.0,10.80673885345459
2002-11-21,13.494999885559082,12.744999885559082,13.449999809265137,13.0,12169000.0,10.368085861206055
2002-11-22,13.1899995803833,13.0,13.100000381469727,13.03499984741211,8512600.0,10.395999908447266
2002-11-25,13.140000343322754,12.550000190734863,13.135000228881836,13.074999809265137,10345400.0,10.427902221679688
2002-11-26,13.149999618530273,12.899999618530273,12.975000381469727,13.015000343322754,4704800.0,10.380049705505371
2002-11-27,13.524999618530273,13.03499984741211,13.074999809265137,13.449999809265137,4010000.0,10.726980209350586
2002-11-29,13.625,13.375,13.414999961853027,13.4399995803833,1760400.0,10.71900749206543
2002-12-02,13.744999885559082,13.154999732971191,13.600000381469727,13.3100004196167,4548800.0,10.615325927734375
2002-12-03,13.350000381469727,12.850000381469727,13.3149995803833,13.210000038146973,8239000.0,10.535571098327637
2002-12-04,13.899999618530273,13.050000190734863,13.050000190734863,13.579999923706055,5073600.0,10.830660820007324
2002-12-05,13.725000381469727,13.170000076293945,13.725000381469727,13.270000457763672,2779800.0,10.583422660827637
2002-12-06,13.65999984741211,13.210000038146973,13.270000457763672,13.494999885559082,2851600.0,10.762870788574219
2002-12-09,13.5649995803833,13.194999694824219,13.449999809265137,13.194999694824219,3003600.0,10.52360725402832
2002-12-10,13.569999694824219,13.164999961853027,13.239999771118164,13.524999618530273,3144400.0,10.786799430847168
2002-12-11,13.524999618530273,13.204999923706055,13.350000381469727,13.329999923706055,2794600.0,10.631281852722168
2002-12-12,13.399999618530273,13.0,13.359999656677246,13.154999732971191,2930000.0,10.491703033447266
2002-12-13,13.114999771118164,12.59000015258789,13.0,12.744999885559082,5457800.0,10.164710998535156
2002-12-16,12.895000457763672,12.489999771118164,12.845000267028809,12.71500015258789,7910400.0,10.140785217285156
2002-12-17,12.869999885559082,12.470000267028809,12.800000190734863,12.649999618530273,6634200.0,10.088943481445312
2002-12-18,12.625,12.425000190734863,12.625,12.479999542236328,5849200.0,9.953362464904785
2002-12-19,12.619999885559082,12.074999809265137,12.489999771118164,12.300000190734863,5721800.0,9.809802055358887
2002-12-20,12.46500015258789,12.135000228881836,12.274999618530273,12.395000457763672,5843400.0,9.88556957244873
2002-12-23,12.425000190734863,12.020000457763672,12.399999618530273,12.149999618530273,4444600.0,9.690173149108887
2002-12-24,12.225000381469727,12.09000015258789,12.140000343322754,12.21500015258789,2401000.0,9.742010116577148
2002-12-26,12.46500015258789,12.149999618530273,12.21500015258789,12.199999809265137,2126000.0,9.730050086975098
2002-12-27,12.300000190734863,11.949999809265137,12.244999885559082,11.994999885559082,2529400.0,9.566554069519043
2002-12-30,12.3100004196167,11.90999984741211,11.994999885559082,12.229999542236328,4176200.0,9.75397777557373
2002-12-31,12.649999618530273,12.199999809265137,12.229999542236328,12.484999656677246,4247000.0,9.957351684570312
2003-01-02,12.890000343322754,12.5,12.725000381469727,12.704999923706055,3832200.0,10.132810592651367
2003-01-03,13.100000381469727,12.75,12.75,12.944999694824219,4623600.0,10.32422161102295
2003-01-06,13.194999694824219,12.744999885559082,12.944999694824219,12.8100004196167,5273800.0,10.21655559539795
2003-01-07,12.8149995803833,12.369999885559082,12.8149995803833,12.484999656677246,6928400.0,9.957351684570312
2003-01-08,12.6899995803833,12.4350004196167,12.510000228881836,12.475000381469727,3081400.0,9.949376106262207
2003-01-09,12.75,12.460000038146973,12.475000381469727,12.71500015258789,4640200.0,10.140785217285156
2003-01-10,12.78499984741211,12.574999809265137,12.59000015258789,12.654999732971191,3242200.0,10.092934608459473
2003-01-13,12.78499984741211,12.510000228881836,12.699999809265137,12.704999923706055,3583000.0,10.132810592651367
2003-01-14,12.800000190734863,12.625,12.704999923706055,12.795000076293945,2181800.0,10.204588890075684
2003-01-15,12.779999732971191,12.555000305175781,12.744999885559082,12.555000305175781,1866200.0,10.013177871704102
2003-01-16,12.8100004196167,12.699999809265137,12.699999809265137,12.765000343322754,2978200.0,10.1806640625
2003-01-17,12.770000457763672,12.59000015258789,12.600000381469727,12.680000305175781,2746600.0,10.112872123718262
2003-01-21,12.8149995803833,12.329999923706055,12.75,12.359999656677246,3394600.0,9.902639389038086
2003-01-22,12.46500015258789,12.170000076293945,12.324999809265137,12.255000114440918,3677000.0,9.818511962890625
2003-01-23,12.265000343322754,12.0649995803833,12.239999771118164,12.104999542236328,4428000.0,9.698339462280273
2003-01-24,12.130000114440918,11.824999809265137,12.104999542236328,11.899999618530273,3581200.0,9.534095764160156
2003-01-27,11.824999809265137,11.475000381469727,11.725000381469727,11.600000381469727,4161400.0,9.293739318847656
2003-01-28,11.805000305175781,11.604999542236328,11.75,11.774999618530273,5106000.0,9.433947563171387
2003-01-29,11.609999656677246,11.274999618530273,11.600000381469727,11.345000267028809,7142000.0,9.089437484741211
2003-01-30,11.425000190734863,10.920000076293945,11.375,10.994999885559082,7577800.0,8.809024810791016
2003-01-31,11.399999618530273,10.954999923706055,11.0,11.3100004196167,10410600.0,9.06139850616455
2003-02-03,11.699999809265137,11.475000381469727,11.5,11.670000076293945,8738200.0,9.349823951721191
2003-02-04,12.40999984741211,12.104999542236328,12.274999618530273,12.274999618530273,13628000.0,9.834538459777832
2003-02-05,12.670000076293945,12.34000015258789,12.399999618530273,12.5,8660600.0,10.01480770111084
2003-02-06,12.6850004196167,12.479999542236328,12.5,12.550000190734863,6443400.0,10.054866790771484
2003-02-07,12.6899995803833,12.375,12.625,12.449999809265137,4857000.0,9.974745750427246
2003-02-10,12.479999542236328,12.300000190734863,12.46500015258789,12.414999961853027,6009600.0,9.946707725524902
2003-02-11,12.949999809265137,12.574999809265137,12.574999809265137,12.604999542236328,4999000.0,10.098931312561035
2003-02-12,12.850000381469727,12.484999656677246,12.649999618530273,12.484999656677246,4737800.0,10.002789497375488
2003-02-13,12.484999656677246,12.149999618530273,12.484999656677246,12.354999542236328,8274200.0,9.898636817932129
2003-02-14,12.550000190734863,12.119999885559082,12.354999542236328,12.494999885559082,6979200.0,10.010801315307617
2003-02-18,12.850000381469727,12.5649995803833,12.574999809265137,12.744999885559082,4800000.0,10.21109676361084
2003-02-19,12.899999618530273,12.645000457763672,12.850000381469727,12.725000381469727,4505800.0,10.195075988769531
2003-02-20,12.829999923706055,12.640000343322754,12.704999923706055,12.725000381469727,3217800.0,10.195075988769531
2003-02-21,13.03499984741211,12.604999542236328,12.699999809265137,12.989999771118164,4337000.0,10.407386779785156
2003-02-24,12.925000190734863,12.550000190734863,12.925000190734863,12.5649995803833,4848000.0,10.06688117980957
2003-02-25,12.505000114440918,12.204999923706055,12.5,12.454999923706055,7278200.0,9.97875690460205
2003-02-26,12.619999885559082,12.359999656677246,12.460000038146973,12.364999771118164,3230800.0,9.906646728515625
2003-02-27,12.5,12.21500015258789,12.404999732971191,12.425000190734863,4471400.0,9.954718589782715
2003-02-28,12.524999618530273,12.3149995803833,12.430000305175781,12.449999809265137,4133200.0,9.974745750427246
2003-03-03,12.5,12.135000228881836,12.449999809265137,12.300000190734863,6363200.0,9.85456657409668
2003-03-04,12.600000381469727,12.350000381469727,12.5,12.520000457763672,10246000.0,10.0308256149292
2003-03-05,12.604999542236328,12.414999961853027,12.569999694824219,12.574999809265137,5709400.0,10.074898719787598
2003-03-06,12.805000305175781,12.350000381469727,12.569999694824219,12.699999809265137,4382800.0,10.175041198730469
2003-03-07,12.734999656677246,12.46500015258789,12.5,12.670000076293945,3032800.0,10.151008605957031
2003-03-10,12.664999961853027,12.274999618530273,12.625,12.274999618530273,2478200.0,9.834538459777832
2003-03-11,12.4399995803833,12.199999809265137,12.274999618530273,12.3149995803833,3604400.0,9.866588592529297
2003-03-12,12.324999809265137,12.095000267028809,12.274999618530273,12.239999771118164,3552400.0,9.806498527526855
2003-03-13,12.579999923706055,12.1850004196167,12.324999809265137,12.579999923706055,3702000.0,10.078903198242188
2003-03-14,12.850000381469727,12.524999618530273,12.550000190734863,12.71500015258789,3556600.0,10.187063217163086
2003-03-17,13.335000038146973,12.59000015258789,12.664999961853027,13.305000305175781,5751400.0,10.659760475158691
2003-03-18,13.324999809265137,12.895000457763672,13.274999618530273,13.055000305175781,4668000.0,10.459464073181152
2003-03-19,12.6850004196167,12.425000190734863,12.574999809265137,12.6850004196167,7085800.0,10.163026809692383
2003-03-20,13.024999618530273,12.595000267028809,12.6899995803833,13.010000228881836,3888600.0,10.423410415649414
2003-03-21,13.335000038146973,13.0,13.210000038146973,13.335000038146973,4388000.0,10.683796882629395
2003-03-24,13.34000015258789,12.505000114440918,13.34000015258789,12.694999694824219,3225600.0,10.171038627624512
2003-03-25,12.819999694824219,12.59000015258789,12.625,12.739999771118164,4295000.0,10.207090377807617
2003-03-26,12.824999809265137,12.649999618530273,12.805000305175781,12.699999809265137,2867600.0,10.175041198730469
2003-03-27,12.694999694824219,12.46500015258789,12.649999618530273,12.649999618530273,3105000.0,10.134979248046875
2003-03-28,12.609999656677246,12.430000305175781,12.609999656677246,12.449999809265137,2389200.0,9.974745750427246
2003-03-31,12.1899995803833,11.164999961853027,11.164999961853027,11.925000190734863,6415200.0,9.55412483215332
2003-04-01,11.954999923706055,11.6850004196167,11.890000343322754,11.779999732971191,6300200.0,9.43795108795166
2003-04-02,12.100000381469727,11.869999885559082,11.890000343322754,12.005000114440918,4761800.0,9.618220329284668
2003-04-03,12.194999694824219,11.854999542236328,12.149999618530273,11.984999656677246,8887800.0,9.602193832397461
2003-04-04,12.220000267028809,11.994999885559082,12.220000267028809,12.039999961853027,4906600.0,9.646262168884277
2003-04-07,12.449999809265137,12.069999694824219,12.350000381469727,12.100000381469727,3449000.0,9.694332122802734
2003-04-08,12.21500015258789,11.9399995803833,12.210000038146973,12.085000038146973,3335200.0,9.682311058044434
2003-04-09,12.175000190734863,11.885000228881836,12.079999923706055,11.954999923706055,3560600.0,9.578156471252441
2003-04-10,11.989999771118164,11.829999923706055,11.9399995803833,11.960000038146973,4355600.0,9.582170486450195
2003-04-11,12.074999809265137,11.824999809265137,11.979999542236328,11.845000267028809,3944600.0,9.490030288696289
2003-04-14,12.25,11.890000343322754,11.944999694824219,12.239999771118164,4602000.0,9.806498527526855
2003-04-15,12.199999809265137,11.949999809265137,12.1899995803833,12.135000228881836,4907600.0,9.72237491607666
2003-04-16,12.140000343322754,11.789999961853027,12.125,11.850000381469727,5424600.0,9.494038581848145
2003-04-17,11.824999809265137,11.25,11.819999694824219,11.595000267028809,8543200.0,9.335111618041992
2003-04-21,11.75,11.524999618530273,11.675000190734863,11.539999961853027,3237800.0,9.2908296585083
2003-04-22,11.795000076293945,11.475000381469727,11.475000381469727,11.75,3165000.0,9.459900856018066
2003-04-23,11.819999694824219,11.5649995803833,11.789999961853027,11.675000190734863,4380600.0,9.399519920349121
2003-04-24,11.725000381469727,11.510000228881836,11.680000305175781,11.720000267028809,5210600.0,9.435748100280762
2003-04-25,12.050000190734863,11.739999771118164,11.75,11.979999542236328,8941200.0,9.645072937011719
2003-04-28,12.125,11.925000190734863,11.979999542236328,12.079999923706055,4024000.0,9.725579261779785
2003-04-29,12.350000381469727,12.050000190734863,12.050000190734863,12.350000381469727,5164000.0,9.942960739135742
2003-04-30,12.300000190734863,12.0,12.199999809265137,12.104999542236328,8092000.0,9.745710372924805
2003-05-01,12.244999885559082,11.925000190734863,12.074999809265137,12.210000038146973,4506200.0,9.830245018005371
2003-05-02,12.850000381469727,12.234999656677246,12.234999656677246,12.645000457763672,6523800.0,10.18046760559082
2003-05-05,12.824999809265137,12.5649995803833,12.6850004196167,12.734999656677246,8267600.0,10.252922058105469
2003-05-06,13.244999885559082,12.65999984741211,12.739999771118164,13.164999961853027,12652600.0,10.599111557006836
2003-05-07,13.204999923706055,12.9350004196167,13.164999961853027,13.029999732971191,8274800.0,10.490426063537598
2003-05-08,13.255000114440918,12.925000190734863,13.050000190734863,13.255000114440918,4982800.0,10.671574592590332
2003-05-09,13.34000015258789,13.125,13.274999618530273,13.300000190734863,5484400.0,10.707799911499023
2003-05-12,13.470000267028809,13.125,13.265000343322754,13.470000267028809,5936200.0,10.844670295715332
2003-05-13,13.734999656677246,13.385000228881836,13.489999771118164,13.539999961853027,5405800.0,10.901025772094727
2003-05-14,13.744999885559082,13.149999618530273,13.725000381469727,13.3149995803833,4559600.0,10.719878196716309
2003-05-15,13.380000114440918,12.914999961853027,13.300000190734863,13.1899995803833,4586800.0,10.619240760803223
2003-05-16,13.100000381469727,12.845000267028809,13.100000381469727,13.055000305175781,4009600.0,10.510550498962402
2003-05-19,13.055000305175781,12.460000038146973,13.055000305175781,12.574999809265137,4445000.0,10.124109268188477
2003-05-20,12.75,12.425000190734863,12.574999809265137,12.515000343322754,3602600.0,10.075800895690918
2003-05-21,12.670000076293945,12.425000190734863,12.5,12.670000076293945,3372800.0,10.20058822631836
2003-05-22,13.170000076293945,12.779999732971191,12.850000381469727,13.149999618530273,6109400.0,10.5870361328125
2003-05-23,13.175000190734863,12.960000038146973,13.175000190734863,13.0600004196167,3048000.0,10.514581680297852
2003-05-27,13.095000267028809,12.800000190734863,12.949999809265137,12.989999771118164,6176000.0,10.458224296569824
2003-05-28,13.260000228881836,12.960000038146973,12.989999771118164,12.989999771118164,3793200.0,10.458224296569824
2003-05-29,13.095000267028809,12.75,13.005000114440918,12.930000305175781,5810200.0,10.409915924072266
2003-05-30,13.220000267028809,12.979999542236328,13.0,13.050000190734863,3180000.0,10.506525993347168
2003-06-02,13.600000381469727,13.125,13.149999618530273,13.270000457763672,5580200.0,10.683647155761719
2003-06-03,13.625,13.255000114440918,13.270000457763672,13.555000305175781,4449400.0,10.913103103637695
2003-06-04,13.800000190734863,13.529999732971191,13.625,13.770000457763672,4606000.0,11.086200714111328
2003-06-05,13.755000114440918,13.404999732971191,13.59000015258789,13.635000228881836,3696600.0,10.977511405944824
2003-06-06,13.914999961853027,13.524999618530273,13.734999656677246,13.585000038146973,3444800.0,10.937254905700684
2003-06-09,13.899999618530273,13.53499984741211,13.545000076293945,13.75,4197800.0,11.07009506225586
2003-06-10,13.954999923706055,13.760000228881836,13.925000190734863,13.880000114440918,3231800.0,11.174758911132812
2003-06-11,14.25,13.845000267028809,13.949999809265137,14.25,3683400.0,11.472647666931152
2003-06-12,14.350000381469727,13.850000381469727,14.350000381469727,14.024999618530273,3084400.0,11.29150104522705
2003-06-13,14.114999771118164,13.800000190734863,14.045000076293945,13.925000190734863,2488200.0,11.210988998413086
2003-06-16,14.210000038146973,13.899999618530273,13.989999771118164,14.140000343322754,2189800.0,11.384086608886719
2003-06-17,14.260000228881836,14.050000190734863,14.260000228881836,14.135000228881836,3218000.0,11.380056381225586
2003-06-18,14.149999618530273,13.944999694824219,14.119999885559082,14.095000267028809,3657800.0,11.347853660583496
2003-06-19,13.975000381469727,13.369999885559082,13.824999809265137,13.395000457763672,7771400.0,10.784287452697754
2003-06-20,13.850000381469727,13.444999694824219,13.489999771118164,13.755000114440918,6010000.0,11.07412338256836
2003-06-23,13.675000190734863,13.085000038146973,13.65999984741211,13.210000038146973,6200000.0,10.635348320007324
2003-06-24,14.050000190734863,13.569999694824219,13.699999809265137,13.96500015258789,7266000.0,11.243192672729492
2003-06-25,13.975000381469727,13.725000381469727,13.970000267028809,13.774999618530273,6452400.0,11.09022331237793
2003-06-26,14.180000305175781,13.734999656677246,13.789999961853027,14.140000343322754,4512800.0,11.384086608886719
2003-06-27,14.15999984741211,13.864999771118164,14.154999732971191,13.899999618530273,2983200.0,11.190862655639648
2003-06-30,14.069999694824219,13.869999885559082,13.904999732971191,14.015000343322754,3655600.0,11.283449172973633
2003-07-01,14.145000457763672,13.829999923706055,14.015000343322754,14.104999542236328,3333800.0,11.355908393859863
2003-07-02,14.175000190734863,13.949999809265137,14.104999542236328,14.074999809265137,4614600.0,11.331756591796875
2003-07-03,14.0600004196167,13.850000381469727,14.0,14.03499984741211,3322600.0,11.299548149108887
2003-07-07,14.220000267028809,14.0600004196167,14.125,14.220000267028809,3841800.0,11.448494911193848
2003-07-08,14.529999732971191,14.180000305175781,14.239999771118164,14.350000381469727,5811000.0,11.553155899047852
2003-07-09,14.484999656677246,14.244999885559082,14.350000381469727,14.244999885559082,4715000.0,11.468622207641602
2003-07-10,14.180000305175781,13.875,14.175000190734863,14.074999809265137,5203200.0,11.331756591796875
2003-07-11,14.385000228881836,14.024999618530273,14.0600004196167,14.300000190734863,2854800.0,11.512903213500977
2003-07-14,14.675000190734863,14.25,14.675000190734863,14.265000343322754,4129800.0,11.484720230102539
2003-07-15,14.470000267028809,14.104999542236328,14.300000190734863,14.255000114440918,5682200.0,11.476673126220703
2003-07-16,14.295000076293945,14.020000457763672,14.255000114440918,14.125,3055800.0,11.372007369995117
2003-07-17,14.119999885559082,13.765000343322754,14.100000381469727,13.779999732971191,5767600.0,11.139678955078125
2003-07-18,13.895000457763672,13.649999618530273,13.895000457763672,13.71500015258789,4353000.0,11.08713150024414
2003-07-21,13.899999618530273,13.619999885559082,13.720000267028809,13.899999618530273,3582400.0,11.23668098449707
2003-07-22,14.010000228881836,13.71500015258789,13.880000114440918,13.899999618530273,2278400.0,11.23668098449707
2003-07-23,13.880000114440918,13.675000190734863,13.880000114440918,13.829999923706055,2048600.0,11.180093765258789
2003-07-24,14.0,13.805000305175781,13.949999809265137,13.875,3295600.0,11.216471672058105
2003-07-25,14.069999694824219,13.755000114440918,13.864999771118164,13.989999771118164,1631000.0,11.30943775177002
2003-07-28,14.300000190734863,13.770000457763672,13.975000381469727,14.234999656677246,3667600.0,11.507495880126953
2003-07-29,14.3100004196167,13.875,14.175000190734863,13.875,4014000.0,11.216471672058105
2003-07-30,14.614999771118164,14.0,14.0,14.475000381469727,7572000.0,11.701508522033691
2003-07-31,15.210000038146973,14.835000038146973,14.875,14.994999885559082,10982600.0,12.121875762939453
2003-08-01,15.055000305175781,14.850000381469727,14.989999771118164,14.975000381469727,4259200.0,12.105707168579102
2003-08-04,15.149999618530273,14.875,15.024999618530273,15.069999694824219,3798200.0,12.18250560760498
2003-08-05,15.125,14.649999618530273,15.125,14.664999961853027,3017000.0,11.8551025390625
2003-08-06,14.829999923706055,14.524999618530273,14.664999961853027,14.664999961853027,2776400.0,11.8551025390625
2003-08-07,15.0,14.6899995803833,14.699999809265137,14.904999732971191,2656800.0,12.049115180969238
2003-08-08,15.130000114440918,14.885000228881836,14.899999618530273,15.024999618530273,3161800.0,12.146130561828613
2003-08-11,15.300000190734863,15.024999618530273,15.0649995803833,15.239999771118164,3153800.0,12.319927215576172
2003-08-12,15.324999809265137,15.15999984741211,15.234999656677246,15.319999694824219,2086800.0,12.384603500366211
2003-08-13,15.579999923706055,15.350000381469727,15.375,15.555000305175781,4037400.0,12.574578285217285
2003-08-14,15.579999923706055,15.395000457763672,15.539999961853027,15.53499984741211,3037400.0,12.558403968811035
2003-08-15,15.555000305175781,15.265000343322754,15.5,15.399999618530273,2055800.0,12.4492769241333
2003-08-18,15.399999618530273,15.204999923706055,15.399999618530273,15.399999618530273,3180600.0,12.4492769241333
2003-08-19,15.449999809265137,15.25,15.449999809265137,15.395000457763672,3936600.0,12.445232391357422
2003-08-20,15.385000228881836,15.260000228881836,15.295000076293945,15.324999809265137,2465600.0,12.388647079467773
2003-08-21,15.585000038146973,15.25,15.324999809265137,15.579999923706055,3758200.0,12.594783782958984
2003-08-22,15.649999618530273,15.520000457763672,15.625,15.604999542236328,3251000.0,12.614991188049316
2003-08-25,15.645000457763672,15.274999618530273,15.555000305175781,15.645000457763672,3205800.0,12.647332191467285
2003-08-26,15.694999694824219,15.375,15.574999809265137,15.5649995803833,3072200.0,12.582661628723145
2003-08-27,15.90999984741211,15.5600004196167,15.5649995803833,15.880000114440918,3766200.0,12.837307929992676
2003-08-28,16.239999771118164,15.9350004196167,15.949999809265137,16.190000534057617,5347400.0,13.087907791137695
2003-08-29,16.420000076293945,15.989999771118164,16.19499969482422,16.299999237060547,3307200.0,13.176834106445312
2003-09-02,16.350000381469727,16.05500030517578,16.274999618530273,16.2549991607666,3853600.0,13.14045238494873
2003-09-03,16.299999237060547,15.800000190734863,16.274999618530273,15.880000114440918,6779800.0,12.837307929992676
2003-09-04,15.904999732971191,15.489999771118164,15.895000457763672,15.75,4021000.0,12.732209205627441
2003-09-05,15.760000228881836,15.5,15.65999984741211,15.595000267028809,2415400.0,12.606911659240723
2003-09-08,15.550000190734863,15.149999618530273,15.524999618530273,15.350000381469727,5105200.0,12.408853530883789
2003-09-09,15.265000343322754,15.015000343322754,15.25,15.0649995803833,4977000.0,12.17846393585205
2003-09-10,15.220000267028809,14.829999923706055,15.135000228881836,14.930000305175781,5052400.0,12.069331169128418
2003-09-11,15.109999656677246,14.975000381469727,15.0,15.024999618530273,6018200.0,12.146130561828613
2003-09-12,15.100000381469727,14.774999618530273,15.0,15.100000381469727,2506600.0,12.206756591796875
2003-09-15,15.210000038146973,15.03499984741211,15.100000381469727,15.180000305175781,2042000.0,12.271427154541016
2003-09-16,15.350000381469727,14.984999656677246,15.289999961853027,15.25,4203800.0,12.328015327453613
2003-09-17,15.470000267028809,15.149999618530273,15.21500015258789,15.425000190734863,3573600.0,12.469483375549316
2003-09-18,15.609999656677246,15.354999542236328,15.420000076293945,15.59000015258789,3191600.0,12.60286808013916
2003-09-19,15.710000038146973,15.279999732971191,15.279999732971191,15.6899995803833,3257400.0,12.683708190917969
2003-09-22,15.5649995803833,15.220000267028809,15.220000267028809,15.3100004196167,2846000.0,12.376520156860352
2003-09-23,15.829999923706055,15.46500015258789,15.5,15.694999694824219,3999000.0,12.687751770019531
2003-09-24,15.824999809265137,15.40999984741211,15.824999809265137,15.454999923706055,4134200.0,12.49373722076416
2003-09-25,15.675000190734863,15.385000228881836,15.4399995803833,15.574999809265137,4902200.0,12.590743064880371
2003-09-26,15.675000190734863,15.524999618530273,15.550000190734863,15.59000015258789,4226200.0,12.60286808013916
2003-09-29,15.699999809265137,15.350000381469727,15.59000015258789,15.630000114440918,4747000.0,12.63520622253418
2003-09-30,15.640000343322754,15.364999771118164,15.635000228881836,15.529999732971191,4365000.0,12.554366111755371
2003-10-01,15.989999771118164,15.529999732971191,15.579999923706055,15.979999542236328,3912200.0,12.91813850402832
2003-10-02,16.290000915527344,15.954999923706055,16.049999237060547,16.059999465942383,3364200.0,12.98281192779541
2003-10-03,16.350000381469727,16.059999465942383,16.299999237060547,16.059999465942383,3209600.0,12.98281192779541
2003-10-06,16.094999313354492,14.734999656677246,16.059999465942383,16.065000534057617,2335400.0,12.986856460571289
2003-10-07,16.950000762939453,16.510000228881836,16.510000228881836,16.80500030517578,8573600.0,13.585068702697754
2003-10-08,17.170000076293945,16.875,16.899999618530273,17.149999618530273,7130600.0,13.86396312713623
2003-10-09,17.479999542236328,17.200000762939453,17.375,17.354999542236328,7152600.0,14.029678344726562
2003-10-10,17.360000610351562,17.145000457763672,17.354999542236328,17.19499969482422,2867400.0,13.900338172912598
2003-10-13,17.524999618530273,17.219999313354492,17.225000381469727,17.440000534057617,2396200.0,14.098396301269531
2003-10-14,17.3700008392334,17.0,17.3700008392334,17.329999923706055,3756200.0,14.009476661682129
2003-10-15,17.344999313354492,17.010000228881836,17.344999313354492,17.209999084472656,3501800.0,13.912466049194336
2003-10-16,17.309999465942383,17.049999237060547,17.225000381469727,17.190000534057617,3885000.0,13.896302223205566
2003-10-17,17.25,16.75,17.100000381469727,16.920000076293945,5373800.0,13.724020004272461
2003-10-20,16.975000381469727,16.59000015258789,16.889999389648438,16.975000381469727,3825600.0,13.768638610839844
2003-10-21,17.075000762939453,16.850000381469727,16.975000381469727,16.90999984741211,1989200.0,13.715906143188477
2003-10-22,16.8700008392334,16.655000686645508,16.829999923706055,16.834999084472656,3468400.0,13.655076026916504
2003-10-23,17.200000762939453,16.850000381469727,16.850000381469727,17.075000762939453,4495200.0,13.849740982055664
2003-10-24,16.950000762939453,16.584999084472656,16.950000762939453,16.844999313354492,3573200.0,13.663187980651855
2003-10-27,17.625,17.31999969482422,17.325000762939453,17.545000076293945,7222000.0,14.230965614318848
2003-10-28,17.915000915527344,17.450000762939453,17.600000381469727,17.915000915527344,5822200.0,14.531072616577148
2003-10-29,18.104999542236328,17.600000381469727,17.600000381469727,17.96500015258789,5495600.0,14.571632385253906
2003-10-30,18.075000762939453,17.540000915527344,18.049999237060547,17.635000228881836,5086000.0,14.303967475891113
2003-10-31,17.825000762939453,17.485000610351562,17.655000686645508,17.59000015258789,3747600.0,14.267471313476562
2003-11-03,17.850000381469727,17.604999542236328,17.625,17.690000534057617,3460600.0,14.348578453063965
2003-11-04,18.0049991607666,17.545000076293945,17.735000610351562,17.7549991607666,4310600.0,14.401299476623535
2003-11-05,17.7549991607666,17.475000381469727,17.7549991607666,17.639999389648438,4308800.0,14.308024406433105
2003-11-06,18.1200008392334,17.639999389648438,17.639999389648438,18.09000015258789,4514600.0,14.673017501831055
2003-11-07,18.290000915527344,18.0,18.200000762939453,18.114999771118164,2742800.0,14.693305015563965
2003-11-10,18.649999618530273,18.114999771118164,18.114999771118164,18.399999618530273,4441600.0,14.924467086791992
2003-11-11,18.399999618530273,17.094999313354492,18.399999618530273,18.204999923706055,2986000.0,14.7662992477417
2003-11-12,18.204999923706055,17.860000610351562,18.174999237060547,18.15999984741211,4304400.0,14.729802131652832
2003-11-13,18.149999618530273,17.790000915527344,18.149999618530273,18.0,3564800.0,14.600022315979004
2003-11-14,18.0,17.649999618530273,17.989999771118164,17.709999084472656,4143000.0,14.364802360534668
2003-11-17,17.850000381469727,17.399999618530273,17.700000762939453,17.795000076293945,3102000.0,14.433745384216309
2003-11-18,18.075000762939453,17.854999542236328,18.0,17.875,4274200.0,14.498629570007324
2003-11-19,17.975000381469727,17.69499969482422,17.8700008392334,17.899999618530273,2764800.0,14.518912315368652
2003-11-20,18.290000915527344,17.704999923706055,17.850000381469727,18.084999084472656,4408400.0,14.668964385986328
2003-11-21,18.2549991607666,17.920000076293945,18.25,17.934999465942383,3514600.0,14.547303199768066
2003-11-24,18.59000015258789,17.959999084472656,17.975000381469727,18.510000228881836,5463000.0,15.013686180114746
2003-11-25,18.65999984741211,18.44499969482422,18.549999237060547,18.579999923706055,4528400.0,15.070472717285156
2003-11-26,18.690000534057617,18.309999465942383,18.635000228881836,18.594999313354492,2567000.0,15.082630157470703
2003-11-28,18.774999618530273,18.4950008392334,18.594999313354492,18.729999542236328,1024600.0,15.192130088806152
2003-12-01,18.764999389648438,18.415000915527344,18.735000610351562,18.645000457763672,4991800.0,15.123187065124512
2003-12-02,18.424999237060547,17.924999237060547,18.25,17.989999771118164,6245200.0,14.591910362243652
2003-12-03,17.989999771118164,17.334999084472656,17.985000610351562,17.450000762939453,9488800.0,14.15390682220459
2003-12-04,17.614999771118164,17.18000030517578,17.3700008392334,17.520000457763672,6125800.0,14.210693359375
2003-12-05,17.739999771118164,17.360000610351562,17.520000457763672,17.520000457763672,3184200.0,14.210693359375
2003-12-08,17.520000457763672,17.110000610351562,17.520000457763672,17.479999542236328,3499200.0,14.178244590759277
2003-12-09,17.665000915527344,17.059999465942383,17.479999542236328,17.100000381469727,4171400.0,13.870024681091309
2003-12-10,17.135000228881836,16.450000762939453,17.100000381469727,16.665000915527344,8351200.0,13.517189979553223
2003-12-11,17.1200008392334,16.690000534057617,16.71500015258789,17.040000915527344,8064800.0,13.82136058807373
2003-12-12,17.204999923706055,17.0,17.110000610351562,17.1299991607666,3442200.0,13.894356727600098
2003-12-15,17.420000076293945,16.645000457763672,17.350000381469727,16.709999084472656,3933000.0,13.553685188293457
2003-12-16,16.84000015258789,16.475000381469727,16.649999618530273,16.71500015258789,3265400.0,13.557743072509766
2003-12-17,17.030000686645508,16.540000915527344,16.690000534057617,17.0049991607666,5687800.0,13.79296588897705
2003-12-18,17.209999084472656,16.860000610351562,17.014999389648438,17.139999389648438,3552400.0,13.90246295928955
2003-12-19,17.350000381469727,16.9950008392334,17.190000534057617,17.280000686645508,3553800.0,14.016022682189941
2003-12-22,17.18000030517578,16.799999237060547,17.100000381469727,17.100000381469727,2735800.0,13.870024681091309
2003-12-23,17.454999923706055,17.104999542236328,17.125,17.43000030517578,3015800.0,14.137685775756836
2003-12-24,17.434999465942383,17.274999618530273,17.3799991607666,17.344999313354492,1234800.0,14.068745613098145
2003-12-26,17.559999465942383,17.329999923706055,17.424999237060547,17.350000381469727,768800.0,14.072800636291504
2003-12-29,17.799999237060547,17.334999084472656,17.360000610351562,17.725000381469727,3052000.0,14.376967430114746
2003-12-30,17.954999923706055,17.645000457763672,17.75,17.8700008392334,2452600.0,14.494577407836914
2003-12-31,18.100000381469727,17.799999237060547,17.8700008392334,18.059999465942383,3370200.0,14.648685455322266
2004-01-02,18.295000076293945,17.815000534057617,18.145000457763672,17.885000228881836,2869400.0,14.506744384765625
2004-01-05,18.190000534057617,17.799999237060547,18.049999237060547,17.9950008392334,4176800.0,14.595965385437012
2004-01-06,18.209999084472656,17.885000228881836,17.9950008392334,18.03499984741211,3281800.0,14.628411293029785
2004-01-07,17.875,17.459999084472656,17.625,17.799999237060547,5673600.0,14.437800407409668
2004-01-08,18.05500030517578,17.725000381469727,17.75,17.959999084472656,4388400.0,14.567577362060547
2004-01-09,17.9950008392334,17.600000381469727,17.934999465942383,17.700000762939453,4713400.0,14.35668659210205
2004-01-12,17.815000534057617,17.420000076293945,17.739999771118164,17.579999923706055,3569000.0,14.259347915649414
2004-01-13,19.190000534057617,17.850000381469727,19.190000534057617,18.104999542236328,7241800.0,14.685192108154297
2004-01-14,18.46500015258789,18.040000915527344,18.174999237060547,18.155000686645508,6422000.0,14.72574520111084
2004-01-15,18.46500015258789,17.920000076293945,18.155000686645508,18.399999618530273,3575600.0,14.924467086791992
2004-01-16,18.434999465942383,18.104999542236328,18.434999465942383,18.25,3935000.0,14.802799224853516
2004-01-20,18.274999618530273,17.610000610351562,18.104999542236328,17.829999923706055,3651000.0,14.514944076538086
2004-01-21,18.200000762939453,17.875,17.924999237060547,18.165000915527344,3657000.0,14.7876615524292
2004-01-22,18.2549991607666,18.040000915527344,18.190000534057617,18.149999618530273,3225000.0,14.775442123413086
2004-01-23,18.2450008392334,18.014999389648438,18.15999984741211,18.145000457763672,3195400.0,14.771377563476562
2004-01-26,18.344999313354492,18.065000534057617,18.145000457763672,18.329999923706055,2130200.0,14.921981811523438
2004-01-27,18.385000228881836,18.059999465942383,18.350000381469727,18.174999237060547,3054800.0,14.795798301696777
2004-01-28,18.344999313354492,17.864999771118164,18.239999771118164,17.895000457763672,4508800.0,14.56786060333252
2004-01-29,17.899999618530273,17.639999389648438,17.899999618530273,17.7450008392334,3411400.0,14.445745468139648
2004-01-30,17.90999984741211,17.594999313354492,17.674999237060547,17.860000610351562,4862800.0,14.5393648147583
2004-02-02,18.479999542236328,18.0,18.024999618530273,18.375,5112600.0,14.958620071411133
2004-02-03,18.44499969482422,18.165000915527344,18.399999618530273,18.174999237060547,4062600.0,14.795798301696777
2004-02-04,18.454999923706055,17.96500015258789,18.125,18.31999969482422,2422200.0,14.913838386535645
2004-02-05,18.344999313354492,17.989999771118164,18.225000381469727,18.045000076293945,3162800.0,14.689966201782227
2004-02-06,18.174999237060547,17.8799991607666,18.024999618530273,18.059999465942383,2997600.0,14.702183723449707
2004-02-09,18.174999237060547,17.905000686645508,18.065000534057617,17.950000762939453,2913800.0,14.612628936767578
2004-02-10,17.9950008392334,17.764999389648438,17.875,17.920000076293945,3473600.0,14.588207244873047
2004-02-11,18.075000762939453,17.75,17.8700008392334,18.065000534057617,3413000.0,14.706253051757812
2004-02-12,19.2549991607666,18.149999618530273,18.350000381469727,19.114999771118164,7766000.0,15.561025619506836
2004-02-13,19.114999771118164,18.530000686645508,19.114999771118164,18.75,4101400.0,15.263888359069824
2004-02-17,18.989999771118164,18.665000915527344,18.989999771118164,18.75,3274200.0,15.263888359069824
2004-02-18,18.760000228881836,18.290000915527344,18.75,18.565000534057617,3969600.0,15.113290786743164
2004-02-19,18.78499984741211,18.575000762939453,18.625,18.635000228881836,3547600.0,15.170272827148438
2004-02-20,18.635000228881836,18.125,18.635000228881836,18.239999771118164,5467400.0,14.848715782165527
2004-02-23,18.450000762939453,18.149999618530273,18.239999771118164,18.200000762939453,2970400.0,14.816147804260254
2004-02-24,18.174999237060547,17.885000228881836,18.100000381469727,18.049999237060547,3827200.0,14.694034576416016
2004-02-25,18.579999923706055,18.05500030517578,18.075000762939453,18.524999618530273,3029800.0,15.080719947814941
2004-02-26,18.59000015258789,18.350000381469727,18.5049991607666,18.420000076293945,3412000.0,14.995244026184082
2004-02-27,18.899999618530273,18.100000381469727,18.100000381469727,18.75,3807600.0,15.263888359069824
2004-03-01,18.950000762939453,18.635000228881836,18.799999237060547,18.844999313354492,4074000.0,15.341228485107422
2004-03-02,18.934999465942383,18.565000534057617,18.850000381469727,18.565000534057617,3675600.0,15.113290786743164
2004-03-03,18.8700008392334,18.56999969482422,18.575000762939453,18.799999237060547,3756600.0,15.304593086242676
2004-03-04,18.774999618530273,18.579999923706055,18.75,18.700000762939453,2260600.0,15.223186492919922
2004-03-05,18.790000915527344,18.44499969482422,18.649999618530273,18.56999969482422,3035200.0,15.117352485656738
2004-03-08,18.774999618530273,18.334999084472656,18.700000762939453,18.405000686645508,2330800.0,14.983039855957031
2004-03-09,18.399999618530273,18.079999923706055,18.264999389648438,18.165000915527344,2712800.0,14.7876615524292
2004-03-10,18.219999313354492,18.0,18.165000915527344,18.03499984741211,2585600.0,14.681827545166016
2004-03-11,18.030000686645508,17.6299991607666,17.985000610351562,17.725000381469727,4473200.0,14.429460525512695
2004-03-12,17.725000381469727,17.325000762939453,17.719999313354492,17.649999618530273,3422000.0,14.368412971496582
2004-03-15,17.670000076293945,17.2450008392334,17.649999618530273,17.2450008392334,2986600.0,14.038710594177246
2004-03-16,17.530000686645508,16.864999771118164,17.475000381469727,17.104999542236328,5574000.0,13.924736022949219
2004-03-17,17.43000030517578,17.1299991607666,17.15999984741211,17.315000534057617,2558600.0,14.095696449279785
2004-03-18,17.44499969482422,17.125,17.315000534057617,17.40999984741211,3691000.0,14.173030853271484
2004-03-19,17.440000534057617,17.235000610351562,17.350000381469727,17.280000686645508,3243000.0,14.06719970703125
2004-03-22,17.325000762939453,16.975000381469727,17.049999237060547,17.299999237060547,3690400.0,14.08348274230957
2004-03-23,17.625,17.200000762939453,17.5,17.2450008392334,4989600.0,14.038710594177246
2004-03-24,17.450000762939453,17.200000762939453,17.34000015258789,17.274999618530273,3610400.0,14.063129425048828
2004-03-25,17.690000534057617,17.200000762939453,17.350000381469727,17.6299991607666,2875400.0,14.352126121520996
2004-03-26,17.524999618530273,17.18000030517578,17.424999237060547,17.5,6020000.0,14.246297836303711
2004-03-29,18.075000762939453,17.479999542236328,17.53499984741211,17.770000457763672,2796800.0,14.46609878540039
2004-03-30,17.80500030517578,17.614999771118164,17.75,17.729999542236328,1905800.0,14.433530807495117
2004-03-31,17.854999542236328,17.584999084472656,17.774999618530273,17.649999618530273,4601000.0,14.368412971496582
2004-04-01,17.674999237060547,17.40999984741211,17.649999618530273,17.450000762939453,5635200.0,14.205591201782227
2004-04-02,17.6200008392334,17.264999389648438,17.600000381469727,17.389999389648438,5945000.0,14.15674877166748
2004-04-05,18.975000381469727,17.850000381469727,17.875,18.674999237060547,11743800.0,15.202839851379395
2004-04-06,18.975000381469727,18.25,18.700000762939453,18.56999969482422,11854200.0,15.117352485656738
2004-04-07,18.545000076293945,18.260000228881836,18.375,18.420000076293945,7351000.0,14.995244026184082
2004-04-08,18.6200008392334,18.165000915527344,18.399999618530273,18.229999542236328,6644800.0,14.840570449829102
2004-04-12,18.709999084472656,18.229999542236328,18.229999542236328,18.69499969482422,6054400.0,15.21911334991455
2004-04-13,19.25,18.584999084472656,19.25,18.625,8129400.0,15.162132263183594
2004-04-14,18.625,18.274999618530273,18.600000381469727,18.520000457763672,9222200.0,15.076645851135254
2004-04-15,18.6200008392334,18.325000762939453,18.524999618530273,18.594999313354492,4354800.0,15.13770866394043
2004-04-16,18.850000381469727,18.344999313354492,18.594999313354492,18.80500030517578,5444400.0,15.308667182922363
2004-04-19,19.084999084472656,18.735000610351562,18.80500030517578,19.065000534057617,6633800.0,15.520325660705566
2004-04-20,19.600000381469727,18.924999237060547,19.075000762939453,19.0,5655000.0,15.467405319213867
2004-04-21,19.5,18.854999542236328,18.985000610351562,19.344999313354492,5986400.0,15.80349063873291
2004-04-22,19.725000381469727,19.100000381469727,19.350000381469727,19.530000686645508,4356200.0,15.954628944396973
2004-04-23,19.59000015258789,19.360000610351562,19.5,19.469999313354492,2978600.0,15.905610084533691
2004-04-26,19.739999771118164,19.5,19.575000762939453,19.549999237060547,4024600.0,15.970961570739746
2004-04-27,19.899999618530273,19.454999923706055,19.549999237060547,19.514999389648438,4945000.0,15.942371368408203
2004-04-28,19.59000015258789,19.350000381469727,19.514999389648438,19.350000381469727,3429000.0,15.80758285522461
2004-04-29,19.604999542236328,19.145000457763672,19.375,19.264999389648438,4653000.0,15.738133430480957
2004-04-30,19.540000915527344,19.200000762939453,19.290000915527344,19.315000534057617,4011800.0,15.778986930847168
2004-05-03,19.844999313354492,19.315000534057617,19.315000534057617,19.7450008392334,7311000.0,16.130258560180664
2004-05-04,20.145000457763672,19.829999923706055,19.850000381469727,19.9950008392334,7359000.0,16.33449363708496
2004-05-05,20.399999618530273,19.739999771118164,20.0,20.264999389648438,9460000.0,16.555070877075195
2004-05-06,20.375,19.920000076293945,20.0,20.334999084472656,7658800.0,16.612253189086914
2004-05-07,20.59000015258789,20.225000381469727,20.25,20.469999313354492,6908800.0,16.72254753112793
2004-05-10,20.670000076293945,20.360000610351562,20.375,20.514999389648438,8316200.0,16.759296417236328
2004-05-11,20.530000686645508,19.7549991607666,20.5,19.954999923706055,8311400.0,16.30182647705078
2004-05-12,20.114999771118164,19.635000228881836,19.940000534057617,20.049999237060547,5296400.0,16.37942123413086
2004-05-13,20.200000762939453,19.799999237060547,20.014999389648438,19.8700008392334,3552600.0,16.232378005981445
2004-05-14,20.25,19.729999542236328,19.8700008392334,20.09000015258789,4072000.0,16.4121036529541
2004-05-17,20.09000015258789,19.5,20.09000015258789,19.75,3897000.0,16.13435173034668
2004-05-18,20.329999923706055,19.774999618530273,19.799999237060547,20.024999618530273,4539000.0,16.3590030670166
2004-05-19,20.209999084472656,19.81999969482422,20.100000381469727,19.84000015258789,3832800.0,16.20787811279297
2004-05-20,20.024999618530273,19.729999542236328,19.825000762939453,19.979999542236328,2582800.0,16.322248458862305
2004-05-21,20.274999618530273,19.809999465942383,19.950000762939453,19.93000030517578,4943000.0,16.281400680541992
2004-05-24,20.049999237060547,19.639999389648438,20.024999618530273,19.989999771118164,3938600.0,16.330411911010742
2004-05-25,20.575000762939453,19.834999084472656,20.0049991607666,20.575000762939453,3350200.0,16.80832290649414
2004-05-26,20.655000686645508,20.415000915527344,20.575000762939453,20.520000457763672,3429200.0,16.763385772705078
2004-05-27,21.065000534057617,20.614999771118164,20.625,20.979999542236328,5182600.0,17.139169692993164
2004-05-28,20.9950008392334,20.825000762939453,20.985000610351562,20.84000015258789,2969800.0,17.024803161621094
2004-06-01,20.829999923706055,20.559999465942383,20.799999237060547,20.809999465942383,3408400.0,17.000289916992188
2004-06-02,20.920000076293945,20.639999389648438,20.809999465942383,20.809999465942383,2996400.0,17.000289916992188
2004-06-03,21.104999542236328,20.75,20.774999618530273,20.799999237060547,3171400.0,16.992124557495117
2004-06-04,21.149999618530273,20.875,21.0,20.954999923706055,2343200.0,17.118749618530273
2004-06-07,21.125,20.829999923706055,21.125,20.954999923706055,2998400.0,17.118749618530273
2004-06-08,21.084999084472656,20.5,20.725000381469727,20.885000228881836,4645400.0,17.061567306518555
2004-06-09,20.9950008392334,20.739999771118164,20.825000762939453,20.739999771118164,2415800.0,16.943111419677734
2004-06-10,21.260000228881836,20.584999084472656,20.739999771118164,21.260000228881836,3226200.0,17.367910385131836
2004-06-14,21.399999618530273,21.15999984741211,21.260000228881836,21.229999542236328,4876600.0,17.34341049194336
2004-06-15,21.5,21.184999465942383,21.389999389648438,21.299999237060547,3031800.0,17.40059471130371
2004-06-16,21.40999984741211,21.21500015258789,21.290000915527344,21.31999969482422,1970400.0,17.416929244995117
2004-06-17,21.290000915527344,21.03499984741211,21.290000915527344,21.190000534057617,2519200.0,17.310728073120117
2004-06-18,21.040000915527344,20.690000534057617,20.850000381469727,20.979999542236328,4797200.0,17.139169692993164
2004-06-21,21.190000534057617,20.899999618530273,21.014999389648438,20.96500015258789,2494600.0,17.126922607421875
2004-06-22,20.940000534057617,20.674999237060547,20.899999618530273,20.84000015258789,2505400.0,17.024803161621094
2004-06-23,20.899999618530273,20.625,20.84000015258789,20.850000381469727,3646800.0,17.032974243164062
2004-06-24,20.920000076293945,20.71500015258789,20.850000381469727,20.7549991607666,3503400.0,16.955360412597656
2004-06-25,21.2549991607666,20.584999084472656,20.760000228881836,20.670000076293945,5668800.0,16.885927200317383
2004-06-28,21.110000610351562,20.674999237060547,21.0,20.844999313354492,4034600.0,17.028898239135742
2004-06-29,21.190000534057617,20.844999313354492,20.844999313354492,21.075000762939453,4560000.0,17.21678352355957
2004-06-30,21.2450008392334,20.940000534057617,21.149999618530273,21.010000228881836,3746200.0,17.163684844970703
2004-07-01,21.040000915527344,20.760000228881836,21.014999389648438,20.850000381469727,3248600.0,17.032974243164062
2004-07-02,21.049999237060547,20.704999923706055,20.875,20.829999923706055,2259200.0,17.016639709472656
2004-07-06,21.03499984741211,20.575000762939453,20.684999465942383,20.920000076293945,3115600.0,17.09015464782715
2004-07-07,21.19499969482422,20.924999237060547,20.924999237060547,21.049999237060547,2725800.0,17.19635772705078
2004-07-08,21.264999389648438,20.75,21.049999237060547,21.264999389648438,4038800.0,17.37199592590332
2004-07-09,21.75,21.149999618530273,21.264999389648438,21.53499984741211,4610600.0,17.592567443847656
2004-07-12,21.71500015258789,21.125,21.584999084472656,21.219999313354492,4859400.0,17.335237503051758
2004-07-13,21.844999313354492,21.31999969482422,21.325000762939453,21.815000534057617,3951800.0,17.821304321289062
2004-07-14,21.96500015258789,21.540000915527344,21.815000534057617,21.639999389648438,3098000.0,17.678340911865234
2004-07-15,21.75,21.385000228881836,21.75,21.420000076293945,2020400.0,17.49862289428711
2004-07-16,21.565000534057617,21.209999084472656,21.559999465942383,21.239999771118164,3468600.0,17.351572036743164
2004-07-19,21.520000457763672,21.125,21.274999618530273,21.479999542236328,3035000.0,17.547636032104492
2004-07-20,21.725000381469727,21.350000381469727,21.479999542236328,21.690000534057617,3867600.0,17.774137496948242
2004-07-21,22.06999969482422,21.440000534057617,21.799999237060547,21.440000534057617,3586000.0,17.569271087646484
2004-07-22,21.440000534057617,20.9950008392334,21.350000381469727,21.274999618530273,3339800.0,17.434064865112305
2004-07-23,21.25,20.790000915527344,21.25,20.979999542236328,3228800.0,17.19231414794922
2004-07-26,21.084999084472656,20.604999542236328,21.049999237060547,20.674999237060547,2744800.0,16.942384719848633
2004-07-27,21.389999389648438,20.649999618530273,20.684999465942383,21.309999465942383,3928200.0,17.462743759155273
2004-07-28,21.274999618530273,20.549999237060547,21.274999618530273,20.940000534057617,4604400.0,17.159549713134766
2004-07-29,21.200000762939453,20.790000915527344,21.049999237060547,21.0049991607666,3631400.0,17.212806701660156
2004-07-30,21.03499984741211,20.825000762939453,20.975000381469727,20.934999465942383,2350600.0,17.155441284179688
2004-08-02,21.44499969482422,20.760000228881836,20.940000534057617,21.31999969482422,3322400.0,17.470935821533203
2004-08-03,21.274999618530273,20.739999771118164,21.274999618530273,20.885000228881836,3018400.0,17.11447525024414
2004-08-04,20.889999389648438,20.229999542236328,20.885000228881836,20.604999542236328,5397200.0,16.885021209716797
2004-08-05,20.729999542236328,20.149999618530273,20.729999542236328,20.165000915527344,2762400.0,16.52445411682129
2004-08-06,20.040000915527344,19.55500030517578,19.950000762939453,19.639999389648438,4241400.0,16.094242095947266
2004-08-09,19.790000915527344,19.53499984741211,19.59000015258789,19.704999923706055,2288400.0,16.14751434326172
2004-08-10,19.899999618530273,19.475000381469727,19.799999237060547,19.875,4169200.0,16.286815643310547
2004-08-11,19.94499969482422,19.649999618530273,19.75,19.795000076293945,3139400.0,16.221261978149414
2004-08-12,19.850000381469727,19.489999771118164,19.649999618530273,19.530000686645508,3068400.0,16.004100799560547
2004-08-13,19.594999313354492,19.30500030517578,19.53499984741211,19.575000762939453,4533600.0,16.040979385375977
2004-08-16,19.875,19.4950008392334,19.5,19.78499984741211,3433000.0,16.213058471679688
2004-08-17,20.149999618530273,19.799999237060547,19.875,19.850000381469727,3706400.0,16.266324996948242
2004-08-18,20.165000915527344,19.770000457763672,19.850000381469727,20.135000228881836,3007200.0,16.4998779296875
2004-08-19,20.135000228881836,19.8799991607666,20.049999237060547,19.899999618530273,2898600.0,16.30729866027832
2004-08-20,20.075000762939453,19.825000762939453,19.825000762939453,20.0049991607666,1795200.0,16.393341064453125
2004-08-23,20.104999542236328,19.670000076293945,19.979999542236328,19.94499969482422,2739200.0,16.34418296813965
2004-08-24,20.34000015258789,19.975000381469727,20.059999465942383,20.21500015258789,2745800.0,16.565431594848633
2004-08-25,20.389999389648438,20.09000015258789,20.25,20.309999465942383,1641400.0,16.643280029296875
2004-08-26,20.459999084472656,20.219999313354492,20.309999465942383,20.350000381469727,1581800.0,16.676057815551758
2004-08-27,20.3799991607666,20.204999923706055,20.354999542236328,20.334999084472656,1967600.0,16.663772583007812
2004-08-30,20.360000610351562,20.125,20.125,20.235000610351562,1497800.0,16.581823348999023
2004-08-31,20.260000228881836,19.790000915527344,20.235000610351562,20.0,3762200.0,16.389245986938477
2004-09-01,19.989999771118164,19.665000915527344,19.875,19.774999618530273,2974800.0,16.20486831665039
2004-09-02,20.059999465942383,19.815000534057617,19.875,20.049999237060547,4539800.0,16.430213928222656
2004-09-03,20.469999313354492,20.045000076293945,20.075000762939453,20.325000762939453,3052200.0,16.655576705932617
2004-09-07,20.395000457763672,20.024999618530273,20.329999923706055,20.125,3999200.0,16.49168586730957
2004-09-08,20.25,20.05500030517578,20.125,20.059999465942383,2466000.0,16.43840980529785
2004-09-09,20.149999618530273,19.860000610351562,20.06999969482422,20.125,3321800.0,16.49168586730957
2004-09-10,20.280000686645508,20.049999237060547,20.100000381469727,20.174999237060547,1899400.0,16.53264808654785
2004-09-13,20.334999084472656,20.05500030517578,20.075000762939453,20.190000534057617,1846400.0,16.544944763183594
2004-09-14,20.559999465942383,20.110000610351562,20.274999618530273,20.4950008392334,3540000.0,16.79488182067871
2004-09-15,20.510000228881836,20.084999084472656,20.375,20.110000610351562,3136400.0,16.47939109802246
2004-09-16,20.5,20.110000610351562,20.110000610351562,20.399999618530273,2693200.0,16.71703338623047
2004-09-17,20.670000076293945,20.415000915527344,20.5,20.53499984741211,2954200.0,16.827659606933594
2004-09-20,20.450000762939453,20.104999542236328,20.450000762939453,20.2450008392334,1732200.0,16.590011596679688
2004-09-21,20.489999771118164,20.18000030517578,20.25,20.399999618530273,2323400.0,16.71703338623047
2004-09-22,20.344999313354492,20.059999465942383,20.344999313354492,20.149999618530273,2160800.0,16.512161254882812
2004-09-23,21.219999313354492,20.5,20.5,21.010000228881836,6662800.0,17.216901779174805
2004-09-24,21.364999771118164,20.90999984741211,20.979999542236328,21.139999389648438,4092800.0,17.323429107666016
2004-09-27,21.28499984741211,21.0,21.145000457763672,21.094999313354492,2933400.0,17.28656005859375
2004-09-28,21.3799991607666,20.9950008392334,21.149999618530273,21.309999465942383,3567200.0,17.462743759155273
2004-09-29,21.56999969482422,21.1200008392334,21.309999465942383,21.18000030517578,4553200.0,17.356204986572266
2004-09-30,21.149999618530273,20.895000457763672,21.024999618530273,21.065000534057617,6096800.0,17.26197624206543
2004-10-01,21.770000457763672,21.184999465942383,21.25,21.6299991607666,4968200.0,17.724964141845703
2004-10-04,21.860000610351562,21.625,21.625,21.735000610351562,3941200.0,17.811016082763672
2004-10-05,21.950000762939453,21.549999237060547,21.700000762939453,21.760000228881836,3276400.0,17.831506729125977
2004-10-06,21.875,21.625,21.790000915527344,21.84000015258789,3072800.0,17.897058486938477
2004-10-07,21.94499969482422,21.4950008392334,21.84000015258789,21.4950008392334,2584000.0,17.61434555053711
2004-10-08,21.579999923706055,21.204999923706055,21.475000381469727,21.360000610351562,2217400.0,17.50370979309082
2004-10-11,21.514999389648438,21.18000030517578,21.450000762939453,21.200000762939453,2360400.0,17.372596740722656
2004-10-12,21.264999389648438,20.979999542236328,21.075000762939453,21.145000457763672,2639400.0,17.327529907226562
2004-10-13,21.59000015258789,21.30500030517578,21.350000381469727,21.3700008392334,3452600.0,17.511913299560547
2004-10-14,21.540000915527344,21.329999923706055,21.450000762939453,21.3799991607666,2531400.0,17.52010154724121
2004-10-15,21.739999771118164,21.375,21.524999618530273,21.625,2478000.0,17.720870971679688
2004-10-18,21.979999542236328,21.600000381469727,21.639999389648438,21.854999542236328,2953600.0,17.909351348876953
2004-10-19,22.219999313354492,21.809999465942383,21.950000762939453,21.829999923706055,3372000.0,17.88886833190918
2004-10-20,21.75,21.44499969482422,21.75,21.614999771118164,2944400.0,17.766725540161133
2004-10-21,21.704999923706055,21.329999923706055,21.559999465942383,21.610000610351562,3295200.0,17.76260757446289
2004-10-22,21.684999465942383,21.049999237060547,21.614999771118164,21.139999389648438,2936400.0,17.37628936767578
2004-10-25,21.2450008392334,20.854999542236328,21.0,21.190000534057617,2264800.0,17.417388916015625
2004-10-26,21.614999771118164,21.149999618530273,21.190000534057617,21.614999771118164,2996800.0,17.766725540161133
2004-10-27,22.209999084472656,21.475000381469727,21.614999771118164,22.139999389648438,3929600.0,18.198244094848633
2004-10-28,22.114999771118164,21.81999969482422,22.100000381469727,21.940000534057617,2088800.0,18.033855438232422
2004-10-29,22.059999465942383,21.530000686645508,21.915000915527344,21.729999542236328,3699000.0,17.861248016357422
2004-11-01,21.969999313354492,21.395000457763672,21.84000015258789,21.850000381469727,5539000.0,17.95987892150879
2004-11-02,22.31999969482422,21.885000228881836,21.950000762939453,21.950000762939453,5052200.0,18.042072296142578
2004-11-03,22.260000228881836,22.020000457763672,22.25,22.190000534057617,3862000.0,18.23934555053711
2004-11-04,23.46500015258789,22.350000381469727,22.489999771118164,23.450000762939453,9496800.0,19.275026321411133
2004-11-05,23.670000076293945,22.954999923706055,23.649999618530273,23.100000381469727,6468000.0,18.987333297729492
2004-11-08,23.024999618530273,22.350000381469727,22.700000762939453,22.905000686645508,5502400.0,18.82704734802246
2004-11-09,23.18000030517578,22.68000030517578,22.700000762939453,23.020000457763672,3924000.0,18.921579360961914
2004-11-10,23.469999313354492,22.985000610351562,23.049999237060547,23.28499984741211,3825000.0,19.13939094543457
2004-11-11,23.43000030517578,23.18000030517578,23.350000381469727,23.264999389648438,2820400.0,19.122955322265625
2004-11-12,23.225000381469727,22.954999923706055,23.225000381469727,23.174999237060547,3643800.0,19.04897689819336
2004-11-15,23.274999618530273,22.940000534057617,23.174999237060547,23.125,2613200.0,19.007883071899414
2004-11-16,23.235000610351562,23.0,23.125,23.15999984741211,4218600.0,19.036657333374023
2004-11-17,23.399999618530273,23.110000610351562,23.209999084472656,23.145000457763672,3993600.0,19.024324417114258
2004-11-18,23.389999389648438,22.940000534057617,23.125,23.34000015258789,2834400.0,19.184606552124023
2004-11-19,23.469999313354492,22.825000762939453,23.424999237060547,22.899999618530273,3621400.0,18.82294273376465
2004-11-22,22.989999771118164,22.700000762939453,22.875,22.899999618530273,3151600.0,18.82294273376465
2004-11-23,23.075000762939453,22.684999465942383,22.875,22.924999237060547,3425600.0,18.84349250793457
2004-11-24,23.084999084472656,22.834999084472656,22.975000381469727,23.014999389648438,2395000.0,18.917469024658203
2004-11-26,23.084999084472656,22.770000457763672,22.975000381469727,22.864999771118164,779200.0,18.79417610168457
2004-11-29,22.969999313354492,22.5049991607666,22.895000457763672,22.665000915527344,3689200.0,18.62978172302246
2004-11-30,22.735000610351562,22.440000534057617,22.59000015258789,22.684999465942383,5744000.0,18.646221160888672
2004-12-01,23.094999313354492,22.559999465942383,22.68000030517578,23.065000534057617,3477600.0,18.958568572998047
2004-12-02,23.135000228881836,22.610000610351562,23.0,22.94499969482422,2454000.0,18.859928131103516
2004-12-03,23.084999084472656,22.625,22.950000762939453,22.8799991607666,2760600.0,18.806503295898438
2004-12-06,22.834999084472656,22.415000915527344,22.825000762939453,22.625,3787200.0,18.596900939941406
2004-12-07,22.559999465942383,22.059999465942383,22.375,22.1299991607666,6308800.0,18.190027236938477
2004-12-08,22.674999237060547,22.09000015258789,22.09000015258789,22.584999084472656,3558400.0,18.564016342163086
2004-12-09,22.959999084472656,22.389999389648438,22.959999084472656,22.684999465942383,2826600.0,18.646221160888672
2004-12-10,23.094999313354492,22.434999465942383,23.094999313354492,22.56999969482422,2271600.0,18.55169677734375
2004-12-13,22.739999771118164,22.399999618530273,22.575000762939453,22.690000534057617,1907200.0,18.650327682495117
2004-12-14,22.6299991607666,22.30500030517578,22.575000762939453,22.375,6640200.0,18.39141273498535
2004-12-15,22.729999542236328,22.315000534057617,22.40999984741211,22.399999618530273,3110400.0,18.41196060180664
2004-12-16,22.5049991607666,22.325000762939453,22.350000381469727,22.44499969482422,4180800.0,18.448944091796875
2004-12-17,22.434999465942383,21.915000915527344,22.325000762939453,22.079999923706055,5648400.0,18.148927688598633
2004-12-20,22.229999542236328,21.924999237060547,22.079999923706055,22.200000762939453,3139000.0,18.247570037841797
2004-12-21,22.485000610351562,22.084999084472656,22.25,22.315000534057617,3160600.0,18.34209442138672
2004-12-22,22.645000457763672,22.25,22.364999771118164,22.479999542236328,3377200.0,18.47771453857422
2004-12-23,22.649999618530273,22.450000762939453,22.4950008392334,22.5049991607666,2176000.0,18.498268127441406
2004-12-27,22.68000030517578,22.354999542236328,22.565000534057617,22.395000457763672,2851400.0,18.40785026550293
2004-12-28,22.530000686645508,22.34000015258789,22.415000915527344,22.5049991607666,2021400.0,18.498268127441406
2004-12-29,22.700000762939453,22.40999984741211,22.40999984741211,22.600000381469727,1798000.0,18.576366424560547
2004-12-30,22.790000915527344,22.625,22.700000762939453,22.655000686645508,1454600.0,18.62156105041504
2004-12-31,22.625,22.31999969482422,22.625,22.53499984741211,3993000.0,18.522930145263672
2005-01-03,22.825000762939453,22.475000381469727,22.700000762939453,22.5,5114400.0,18.49416160583496
2005-01-04,22.690000534057617,22.200000762939453,22.625,22.2450008392334,4172800.0,18.28455924987793
2005-01-05,22.645000457763672,22.020000457763672,22.2450008392334,22.625,5192400.0,18.596900939941406
2005-01-06,22.684999465942383,22.485000610351562,22.625,22.6299991607666,2947200.0,18.601009368896484
2005-01-07,22.975000381469727,22.579999923706055,22.614999771118164,22.875,3009600.0,18.80238914489746
2005-01-10,23.219999313354492,22.895000457763672,22.924999237060547,23.0049991607666,3531000.0,18.909244537353516
2005-01-11,23.649999618530273,22.860000610351562,22.90999984741211,23.55500030517578,7491600.0,19.361324310302734
2005-01-12,23.604999542236328,23.3799991607666,23.5,23.540000915527344,3911800.0,19.3489990234375
2005-01-13,23.540000915527344,23.260000228881836,23.540000915527344,23.34000015258789,3533200.0,19.184606552124023
2005-01-14,23.549999237060547,23.270000457763672,23.334999084472656,23.5,4276800.0,19.31611442565918
2005-01-18,23.78499984741211,23.395000457763672,23.5,23.75,5232800.0,19.5216121673584
2005-01-19,23.825000762939453,23.614999771118164,23.700000762939453,23.6299991607666,3818200.0,19.422969818115234
2005-01-20,23.55500030517578,23.299999237060547,23.549999237060547,23.334999084472656,3508000.0,19.239599227905273
2005-01-21,23.325000762939453,22.924999237060547,23.28499984741211,22.94499969482422,3453200.0,18.918045043945312
2005-01-24,22.889999389648438,22.524999618530273,22.774999618530273,22.55500030517578,4687000.0,18.596494674682617
2005-01-25,22.809999465942383,22.520000457763672,22.540000915527344,22.78499984741211,3181400.0,18.7861385345459
2005-01-26,22.889999389648438,22.65999984741211,22.850000381469727,22.75,2586800.0,18.757280349731445
2005-01-27,22.899999618530273,22.59000015258789,22.649999618530273,22.81999969482422,3222200.0,18.814992904663086
2005-01-28,23.05500030517578,22.790000915527344,22.94499969482422,22.90999984741211,3565000.0,18.889196395874023
2005-01-31,23.18000030517578,22.950000762939453,23.0,23.174999237060547,3325000.0,19.107688903808594
2005-02-01,23.354999542236328,23.135000228881836,23.235000610351562,23.264999389648438,6040600.0,19.18189239501953
2005-02-02,24.434999465942383,23.475000381469727,24.100000381469727,24.1299991607666,11163400.0,19.895071029663086
2005-02-03,24.674999237060547,24.18000030517578,24.200000762939453,24.594999313354492,6485000.0,20.278470993041992
2005-02-04,25.0049991607666,24.424999237060547,24.600000381469727,24.924999237060547,6882800.0,20.550552368164062
2005-02-07,25.0,24.68000030517578,24.950000762939453,24.725000381469727,3848400.0,20.385650634765625
2005-02-08,24.78499984741211,24.56999969482422,24.700000762939453,24.65999984741211,3287200.0,20.332067489624023
2005-02-09,24.75,24.270000457763672,24.700000762939453,24.34000015258789,2672600.0,20.06821632385254
2005-02-10,24.594999313354492,24.204999923706055,24.350000381469727,24.520000457763672,3233400.0,20.21663475036621
2005-02-11,25.0049991607666,24.3700008392334,24.559999465942383,24.950000762939453,5103400.0,20.571170806884766
2005-02-14,24.96500015258789,24.459999084472656,24.899999618530273,24.479999542236328,3492800.0,20.183652877807617
2005-02-15,24.510000228881836,24.049999237060547,24.469999313354492,24.274999618530273,4383800.0,20.014633178710938
2005-02-16,24.44499969482422,24.19499969482422,24.25,24.424999237060547,2801600.0,20.138303756713867
2005-02-17,24.614999771118164,24.334999084472656,24.489999771118164,24.385000228881836,3037400.0,20.10533332824707
2005-02-18,24.454999923706055,24.18000030517578,24.40999984741211,24.315000534057617,2605200.0,20.047616958618164
2005-02-22,24.34000015258789,23.834999084472656,24.315000534057617,23.875,2146200.0,19.684831619262695
2005-02-23,24.135000228881836,23.8700008392334,23.875,24.024999618530273,2065200.0,19.80850601196289
2005-02-24,24.704999923706055,23.950000762939453,24.049999237060547,24.704999923706055,3677600.0,20.369159698486328
2005-02-25,24.975000381469727,24.5049991607666,24.704999923706055,24.934999465942383,4576000.0,20.558801651000977
2005-02-28,25.1200008392334,24.719999313354492,24.934999465942383,24.915000915527344,3423000.0,20.54230308532715
2005-03-01,25.565000534057617,25.014999389648438,25.045000076293945,25.360000610351562,6010600.0,20.909208297729492
2005-03-02,25.450000762939453,24.934999465942383,25.385000228881836,25.030000686645508,4941800.0,20.63713264465332
2005-03-03,26.795000076293945,25.950000762939453,26.795000076293945,26.389999389648438,12224800.0,21.758438110351562
2005-03-04,26.700000762939453,26.05500030517578,26.549999237060547,26.290000915527344,8157600.0,21.67599105834961
2005-03-07,26.635000228881836,26.260000228881836,26.28499984741211,26.440000534057617,4479600.0,21.799667358398438
2005-03-08,26.34000015258789,26.040000915527344,26.325000762939453,26.094999313354492,5406600.0,21.51521110534668
2005-03-09,26.09000015258789,25.709999084472656,26.059999465942383,25.94499969482422,3516200.0,21.39153480529785
2005-03-10,26.420000076293945,25.93000030517578,26.0,26.325000762939453,3361800.0,21.704853057861328
2005-03-11,26.5,26.325000762939453,26.399999618530273,26.424999237060547,3864000.0,21.787294387817383
2005-03-14,26.565000534057617,26.139999389648438,26.475000381469727,26.280000686645508,2241600.0,21.667747497558594
2005-03-15,26.459999084472656,26.05500030517578,26.364999771118164,26.155000686645508,2535200.0,21.564680099487305
2005-03-16,26.21500015258789,25.829999923706055,26.09000015258789,25.989999771118164,3126600.0,21.42864227294922
2005-03-17,26.6200008392334,25.854999542236328,25.975000381469727,26.4950008392334,4536600.0,21.845014572143555
2005-03-18,26.625,26.170000076293945,26.485000610351562,26.424999237060547,4623800.0,21.787294387817383
2005-03-21,26.4950008392334,25.950000762939453,26.399999618530273,26.15999984741211,3239800.0,21.568805694580078
2005-03-22,26.469999313354492,26.075000762939453,26.209999084472656,26.225000381469727,2968200.0,21.622394561767578
2005-03-23,26.69499969482422,26.09000015258789,26.25,26.594999313354492,4183400.0,21.927459716796875
2005-03-24,26.889999389648438,26.299999237060547,26.625,26.725000381469727,3861800.0,22.034645080566406
2005-03-28,26.799999237060547,26.5049991607666,26.725000381469727,26.575000762939453,3844000.0,21.910972595214844
2005-03-29,26.579999923706055,26.174999237060547,26.450000762939453,26.219999313354492,4284200.0,21.61827278137207
2005-03-30,26.530000686645508,26.25,26.25,26.479999542236328,3995200.0,21.832645416259766
2005-03-31,26.43000030517578,26.155000686645508,26.299999237060547,26.309999465942383,3206400.0,21.692481994628906
2005-04-01,26.399999618530273,25.729999542236328,26.309999465942383,25.780000686645508,6414800.0,21.255502700805664
2005-04-04,25.924999237060547,25.575000762939453,25.799999237060547,25.75,5753400.0,21.230762481689453
2005-04-05,26.2450008392334,25.625,25.75,26.190000534057617,3681800.0,21.593534469604492
2005-04-06,26.354999542236328,26.149999618530273,26.264999389648438,26.30500030517578,3027600.0,21.688364028930664
2005-04-07,26.295000076293945,25.875,26.290000915527344,26.06999969482422,5353200.0,21.494598388671875
2005-04-08,26.114999771118164,25.7549991607666,26.03499984741211,25.825000762939453,2737400.0,21.29259490966797
2005-04-11,26.075000762939453,25.75,25.815000534057617,26.030000686645508,2670800.0,21.46162223815918
2005-04-12,26.415000915527344,25.655000686645508,26.0,26.290000915527344,4427000.0,21.67599105834961
2005-04-13,26.325000762939453,25.985000610351562,26.290000915527344,26.104999542236328,4019600.0,21.52345848083496
2005-04-14,26.280000686645508,26.0049991607666,26.110000610351562,26.125,3215400.0,21.539949417114258
2005-04-15,26.25,25.920000076293945,26.024999618530273,25.93000030517578,4797800.0,21.379175186157227
2005-04-18,26.125,25.80500030517578,25.90999984741211,25.864999771118164,3276400.0,21.325578689575195
2005-04-19,26.350000381469727,25.450000762939453,25.625,26.315000534057617,5404600.0,21.696603775024414
2005-04-20,26.229999542236328,25.5,26.225000381469727,25.584999084472656,4613600.0,21.153079986572266
2005-04-21,25.795000076293945,25.545000076293945,25.760000228881836,25.71500015258789,4918800.0,21.260562896728516
2005-04-22,25.670000076293945,25.014999389648438,25.665000915527344,25.25,4594000.0,20.876108169555664
2005-04-25,25.639999389648438,25.270000457763672,25.325000762939453,25.545000076293945,3720000.0,21.120012283325195
2005-04-26,26.325000762939453,25.81999969482422,26.045000076293945,26.0,4570800.0,21.49619483947754
2005-04-27,26.075000762939453,25.795000076293945,26.0,25.950000762939453,4725200.0,21.45484733581543
2005-04-28,26.09000015258789,25.510000228881836,25.950000762939453,25.600000381469727,3685400.0,21.165475845336914
2005-04-29,25.899999618530273,25.235000610351562,25.799999237060547,25.790000915527344,4423000.0,21.32257080078125
2005-05-02,26.274999618530273,25.790000915527344,25.790000915527344,26.2450008392334,3253400.0,21.698753356933594
2005-05-03,26.625,26.135000228881836,26.290000915527344,26.469999313354492,4708000.0,21.884782791137695
2005-05-04,26.739999771118164,26.399999618530273,26.424999237060547,26.690000534057617,5924800.0,22.066675186157227
2005-05-05,27.200000762939453,26.264999389648438,26.450000762939453,26.950000762939453,7360000.0,22.28162956237793
2005-05-06,27.329999923706055,26.780000686645508,27.075000762939453,26.834999084472656,5048000.0,22.186553955078125
2005-05-09,26.885000228881836,26.360000610351562,26.75,26.78499984741211,3616400.0,22.145214080810547
2005-05-10,26.799999237060547,26.469999313354492,26.75,26.625,3427800.0,22.012922286987305
2005-05-11,26.924999237060547,26.170000076293945,26.6200008392334,26.799999237060547,3965800.0,22.15761375427246
2005-05-12,27.100000381469727,26.725000381469727,26.825000762939453,26.954999923706055,4602600.0,22.28575897216797
2005-05-13,27.094999313354492,26.625,26.954999923706055,26.854999542236328,3797200.0,22.203086853027344
2005-05-16,27.19499969482422,26.90999984741211,26.93000030517578,27.030000686645508,4732800.0,22.3477725982666
2005-05-17,27.329999923706055,27.0,27.0,27.30500030517578,5923000.0,22.575138092041016
2005-05-18,27.75,27.325000762939453,27.350000381469727,27.5,5363600.0,22.736358642578125
2005-05-19,27.665000915527344,27.434999465942383,27.524999618530273,27.549999237060547,4092000.0,22.777690887451172
2005-05-20,27.56999969482422,27.350000381469727,27.530000686645508,27.5,3298200.0,22.736358642578125
2005-05-23,27.725000381469727,27.549999237060547,27.600000381469727,27.575000762939453,3708800.0,22.79836082458496
2005-05-24,27.649999618530273,27.420000076293945,27.59000015258789,27.5,4185400.0,22.736358642578125
2005-05-25,27.55500030517578,27.40999984741211,27.475000381469727,27.450000762939453,5203400.0,22.69501495361328
2005-05-26,27.625,27.434999465942383,27.575000762939453,27.485000610351562,5747400.0,22.72395133972168
2005-05-27,27.575000762939453,27.389999389648438,27.5049991607666,27.479999542236328,1894200.0,22.71982192993164
2005-05-31,27.549999237060547,27.395000457763672,27.4950008392334,27.424999237060547,4658400.0,22.674354553222656
2005-06-01,27.81999969482422,27.350000381469727,27.375,27.540000915527344,4350800.0,22.76943016052246
2005-06-02,28.825000762939453,27.43000030517578,28.0,28.625,12450800.0,23.666486740112305
2005-06-03,28.78499984741211,28.43000030517578,28.739999771118164,28.635000228881836,6359800.0,23.67474365234375
2005-06-06,29.25,28.825000762939453,28.950000762939453,29.030000686645508,6374200.0,24.001319885253906
2005-06-07,29.68000030517578,29.0,29.030000686645508,29.139999389648438,6197300.0,24.092275619506836
2005-06-08,29.399999618530273,28.729999542236328,29.3799991607666,28.889999389648438,4025000.0,23.885578155517578
2005-06-09,29.25,28.75,28.889999389648438,29.040000915527344,3673000.0,24.009597778320312
2005-06-10,29.190000534057617,28.899999618530273,29.170000076293945,29.030000686645508,3248400.0,24.001319885253906
2005-06-13,29.209999084472656,28.829999923706055,29.030000686645508,28.850000381469727,2844800.0,23.852502822875977
2005-06-14,29.40999984741211,28.829999923706055,28.850000381469727,29.139999389648438,3323000.0,24.092275619506836
2005-06-15,29.399999618530273,28.729999542236328,29.399999618530273,29.229999542236328,3436500.0,24.16668128967285
2005-06-16,29.479999542236328,29.040000915527344,29.309999465942383,29.40999984741211,4348100.0,24.31549835205078
2005-06-17,29.6299991607666,29.299999237060547,29.610000610351562,29.540000915527344,5255200.0,24.422977447509766
2005-06-20,29.5,29.049999237060547,29.3799991607666,29.219999313354492,3832500.0,24.15840721130371
2005-06-21,29.270000457763672,28.780000686645508,29.149999618530273,29.079999923706055,3773000.0,24.042667388916016
2005-06-22,29.309999465942383,28.899999618530273,29.18000030517578,29.200000762939453,2649500.0,24.14188003540039
2005-06-23,29.299999237060547,28.700000762939453,29.200000762939453,28.959999084472656,3702900.0,23.94345474243164
2005-06-24,28.969999313354492,28.43000030517578,28.899999618530273,28.700000762939453,5257200.0,23.72848892211914
2005-06-27,28.950000762939453,28.5,28.700000762939453,28.579999923706055,3286500.0,23.629276275634766
2005-06-28,29.399999618530273,28.6299991607666,28.75,29.399999618530273,4184000.0,24.30723762512207
2005-06-29,29.530000686645508,29.190000534057617,29.329999923706055,29.40999984741211,3830100.0,24.31549835205078
2005-06-30,29.579999923706055,29.049999237060547,29.350000381469727,29.06999969482422,4514700.0,24.03439712524414
2005-07-01,29.09000015258789,28.780000686645508,29.049999237060547,29.049999237060547,2673900.0,24.017866134643555
2005-07-05,29.889999389648438,28.90999984741211,28.950000762939453,29.889999389648438,3053300.0,24.712350845336914
2005-07-06,30.0,29.270000457763672,29.979999542236328,29.469999313354492,3835700.0,24.3651065826416
2005-07-07,29.459999084472656,29.0,29.25,29.389999389648438,3747000.0,24.298959732055664
2005-07-08,30.350000381469727,29.40999984741211,29.520000457763672,30.260000228881836,5346700.0,25.01825523376465
2005-07-11,30.770000457763672,30.170000076293945,30.219999313354492,30.739999771118164,5900700.0,25.415111541748047
2005-07-12,31.149999618530273,30.59000015258789,30.690000534057617,30.90999984741211,5862700.0,25.555665969848633
2005-07-13,31.06999969482422,30.709999084472656,30.8700008392334,30.850000381469727,4476900.0,25.506059646606445
2005-07-14,31.149999618530273,30.420000076293945,30.829999923706055,30.549999237060547,2826500.0,25.25801658630371
2005-07-15,30.760000228881836,30.239999771118164,30.549999237060547,30.559999465942383,3583600.0,25.266286849975586
2005-07-18,30.889999389648438,30.639999389648438,30.700000762939453,30.790000915527344,3204400.0,25.456453323364258
2005-07-19,31.06999969482422,30.65999984741211,30.93000030517578,30.90999984741211,3872200.0,25.585832595825195
2005-07-20,31.0,30.520000457763672,30.760000228881836,30.899999618530273,2328100.0,25.577552795410156
2005-07-21,30.899999618530273,30.239999771118164,30.899999618530273,30.31999969482422,3352500.0,25.097454071044922
2005-07-22,30.469999313354492,30.030000686645508,30.329999923706055,30.420000076293945,2870000.0,25.18022918701172
2005-07-25,30.389999389648438,30.0,30.25,30.0,2125300.0,24.832576751708984
2005-07-26,30.549999237060547,30.34000015258789,30.350000381469727,30.3799991607666,2235300.0,25.147123336791992
2005-07-27,31.600000381469727,30.290000915527344,30.75,30.459999084472656,2508300.0,25.213342666625977
2005-07-28,31.139999389648438,30.579999923706055,30.799999237060547,30.770000457763672,3817200.0,25.46994400024414
2005-07-29,31.209999084472656,31.0,31.0,31.030000686645508,4858700.0,25.68515968322754
2005-08-01,31.389999389648438,30.84000015258789,31.15999984741211,31.0,3177600.0,25.660327911376953
2005-08-02,31.25,30.920000076293945,31.0,31.25,3438000.0,25.86726951599121
2005-08-03,31.459999084472656,30.59000015258789,31.450000762939453,30.770000457763672,5498800.0,25.46994400024414
2005-08-04,30.75,29.950000762939453,30.75,30.020000457763672,5592800.0,24.84912872314453
2005-08-05,30.0,29.399999618530273,30.0,29.93000030517578,4019900.0,24.774641036987305
2005-08-08,30.06999969482422,29.3799991607666,30.030000686645508,29.520000457763672,3620900.0,24.435253143310547
2005-08-09,29.940000534057617,29.5,29.56999969482422,29.809999465942383,3063200.0,24.675304412841797
2005-08-10,30.649999618530273,29.729999542236328,29.979999542236328,29.850000381469727,3893400.0,24.70841407775879
2005-08-11,30.040000915527344,29.31999969482422,29.850000381469727,29.549999237060547,2974600.0,24.4600830078125
2005-08-12,29.670000076293945,29.190000534057617,29.549999237060547,29.520000457763672,3344900.0,24.435253143310547
2005-08-15,29.940000534057617,29.290000915527344,29.579999923706055,29.90999984741211,2604800.0,24.758073806762695
2005-08-16,29.920000076293945,28.84000015258789,29.899999618530273,28.93000030517578,5403000.0,23.946880340576172
2005-08-17,29.350000381469727,28.670000076293945,28.850000381469727,29.190000534057617,2826400.0,24.162090301513672
2005-08-18,29.290000915527344,28.860000610351562,29.200000762939453,29.100000381469727,2526300.0,24.08759880065918
2005-08-19,29.389999389648438,28.799999237060547,29.350000381469727,28.850000381469727,2756800.0,23.880661010742188
2005-08-22,29.0,28.149999618530273,28.899999618530273,28.510000228881836,4005100.0,23.59922981262207
2005-08-23,28.729999542236328,28.360000610351562,28.600000381469727,28.59000015258789,2554900.0,23.66544532775879
2005-08-24,28.90999984741211,28.389999389648438,28.610000610351562,28.739999771118164,4632400.0,23.789608001708984
2005-08-25,29.420000076293945,28.850000381469727,28.899999618530273,29.309999465942383,4529700.0,24.26141929626465
2005-08-26,29.3799991607666,28.850000381469727,29.31999969482422,28.979999542236328,2883200.0,23.988269805908203
2005-08-29,29.270000457763672,28.549999237060547,28.75,29.229999542236328,2100200.0,24.195205688476562
2005-08-30,29.190000534057617,28.739999771118164,29.100000381469727,29.0,4558600.0,24.00482177734375
2005-08-31,29.399999618530273,28.5,28.950000762939453,29.3700008392334,3695300.0,24.311100006103516
2005-09-01,29.950000762939453,29.0,29.489999771118164,29.149999618530273,3172700.0,24.128986358642578
2005-09-02,29.299999237060547,28.540000915527344,29.149999618530273,28.969999313354492,2969500.0,23.979991912841797
2005-09-06,29.559999465942383,28.979999542236328,29.0,29.549999237060547,3736300.0,24.4600830078125
2005-09-07,29.920000076293945,29.200000762939453,29.65999984741211,29.850000381469727,3750400.0,24.70841407775879
2005-09-08,29.440000534057617,28.209999084472656,28.25,29.100000381469727,4329500.0,24.08759880065918
2005-09-09,29.799999237060547,29.260000228881836,29.34000015258789,29.489999771118164,2871400.0,24.41042709350586
2005-09-12,30.299999237060547,29.420000076293945,29.510000228881836,30.209999084472656,3048200.0,25.00640296936035
2005-09-13,30.350000381469727,29.690000534057617,30.25,29.850000381469727,3086600.0,24.70841407775879
2005-09-14,29.899999618530273,28.8799991607666,29.850000381469727,28.899999618530273,3677200.0,23.92205238342285
2005-09-15,29.3700008392334,28.690000534057617,29.010000228881836,29.09000015258789,2338800.0,24.079320907592773
2005-09-16,29.850000381469727,29.15999984741211,29.350000381469727,29.850000381469727,5678100.0,24.70841407775879
2005-09-19,29.850000381469727,29.350000381469727,29.850000381469727,29.530000686645508,3211200.0,24.44353485107422
2005-09-20,29.610000610351562,28.469999313354492,29.530000686645508,28.489999771118164,5940300.0,23.582666397094727
2005-09-21,28.299999237060547,27.670000076293945,28.0,27.81999969482422,6341900.0,23.028076171875
2005-09-22,28.860000610351562,28.0,28.0,28.760000228881836,5149700.0,23.806161880493164
2005-09-23,28.780000686645508,28.059999465942383,28.770000457763672,28.479999542236328,4451800.0,23.574399948120117
2005-09-26,28.489999771118164,27.93000030517578,28.479999542236328,28.229999542236328,6154700.0,23.36745834350586
2005-09-27,28.729999542236328,28.049999237060547,28.450000762939453,28.6200008392334,4928100.0,23.69027328491211
2005-09-28,29.139999389648438,28.469999313354492,28.75,28.469999313354492,3771700.0,23.566116333007812
2005-09-29,28.860000610351562,28.049999237060547,28.399999618530273,28.690000534057617,2923400.0,23.748214721679688
2005-09-30,29.18000030517578,28.649999618530273,28.799999237060547,29.010000228881836,2475000.0,24.013105392456055
2005-10-03,29.100000381469727,28.399999618530273,28.969999313354492,28.610000610351562,3727600.0,23.6820068359375
2005-10-04,29.040000915527344,28.350000381469727,28.770000457763672,28.399999618530273,4509900.0,23.508176803588867
2005-10-05,28.399999618530273,27.979999542236328,28.170000076293945,28.049999237060547,5191600.0,23.218456268310547
2005-10-06,27.65999984741211,25.799999237060547,27.399999618530273,26.299999237060547,19730300.0,21.7698917388916
2005-10-07,26.799999237060547,25.110000610351562,26.770000457763672,25.579999923706055,14973100.0,21.173908233642578
2005-10-10,25.940000534057617,25.1299991607666,25.75,25.1299991607666,8695700.0,20.801422119140625
2005-10-11,25.670000076293945,24.799999237060547,25.399999618530273,25.0,9186000.0,20.693815231323242
2005-10-12,24.860000610351562,24.25,24.75,24.75,10975900.0,20.486875534057617
2005-10-13,24.920000076293945,24.299999237060547,24.760000228881836,24.700000762939453,7010300.0,20.44548225402832
2005-10-14,25.110000610351562,24.719999313354492,24.899999618530273,24.979999542236328,6133700.0,20.677255630493164
2005-10-17,25.290000915527344,24.75,25.0,25.25,6064700.0,20.900753021240234
2005-10-18,25.530000686645508,25.1299991607666,25.260000228881836,25.43000030517578,6213600.0,21.049745559692383
2005-10-19,26.100000381469727,24.989999771118164,25.190000534057617,26.010000228881836,6148500.0,21.560619354248047
2005-10-20,26.899999618530273,25.59000015258789,26.479999542236328,25.719999313354492,7167100.0,21.320226669311523
2005-10-21,26.309999465942383,25.770000457763672,26.0,26.1299991607666,5737800.0,21.660097122192383
2005-10-24,26.600000381469727,25.969999313354492,26.420000076293945,26.170000076293945,3345600.0,21.6932430267334
2005-10-25,26.299999237060547,25.549999237060547,26.209999084472656,25.860000610351562,5555900.0,21.436281204223633
2005-10-26,26.0,25.350000381469727,25.829999923706055,25.360000610351562,5029900.0,21.021806716918945
2005-10-27,25.34000015258789,24.549999237060547,25.280000686645508,24.75,6081300.0,20.516162872314453
2005-10-28,25.15999984741211,24.56999969482422,25.0,25.1200008392334,7185200.0,20.822866439819336
2005-10-31,24.760000228881836,24.1200008392334,24.75,24.40999984741211,12004800.0,20.23432159423828
2005-11-01,24.6299991607666,24.100000381469727,24.40999984741211,24.3799991607666,9525900.0,20.209455490112305
2005-11-02,24.5,23.889999389648438,24.229999542236328,24.489999771118164,10918500.0,20.300634384155273
2005-11-03,27.0,25.90999984741211,25.950000762939453,26.440000534057617,12218000.0,21.91705894470215
2005-11-04,27.06999969482422,26.489999771118164,26.5,27.020000457763672,7272800.0,22.397846221923828
2005-11-07,27.719999313354492,27.06999969482422,27.079999923706055,27.670000076293945,7704600.0,22.936662673950195
2005-11-08,27.450000762939453,26.8700008392334,27.399999618530273,26.959999084472656,5567700.0,22.34809684753418
2005-11-09,27.469999313354492,27.030000686645508,27.399999618530273,27.190000534057617,4542200.0,22.538761138916016
2005-11-10,27.350000381469727,26.969999313354492,27.170000076293945,27.200000762939453,3764900.0,22.547056198120117
2005-11-11,27.399999618530273,27.0,27.31999969482422,27.079999923706055,2725300.0,22.447586059570312
2005-11-14,27.3799991607666,26.969999313354492,27.18000030517578,27.139999389648438,2629900.0,22.497314453125
2005-11-15,27.18000030517578,26.450000762939453,27.149999618530273,26.559999465942383,4645900.0,22.016538619995117
2005-11-16,26.649999618530273,26.299999237060547,26.559999465942383,26.3700008392334,4673800.0,21.859033584594727
2005-11-17,27.149999618530273,26.3799991607666,26.420000076293945,27.100000381469727,4682200.0,22.464160919189453
2005-11-18,27.399999618530273,26.65999984741211,27.399999618530273,26.920000076293945,4105000.0,22.31494903564453
2005-11-21,27.100000381469727,26.68000030517578,27.030000686645508,26.790000915527344,3073500.0,22.20718765258789
2005-11-22,27.799999237060547,26.90999984741211,27.0,27.65999984741211,6806800.0,22.928367614746094
2005-11-23,28.229999542236328,27.700000762939453,27.780000686645508,27.989999771118164,4949700.0,23.201913833618164
2005-11-25,28.110000610351562,27.610000610351562,28.100000381469727,27.959999084472656,1485100.0,23.17704200744629
2005-11-28,28.170000076293945,27.549999237060547,28.170000076293945,27.649999618530273,2555900.0,22.920074462890625
2005-11-29,27.899999618530273,27.059999465942383,27.799999237060547,27.270000457763672,4946100.0,22.605077743530273
2005-11-30,27.450000762939453,27.020000457763672,27.360000610351562,27.020000457763672,4266400.0,22.397846221923828
2005-12-01,27.56999969482422,27.06999969482422,27.450000762939453,27.479999542236328,4659600.0,22.77916145324707
2005-12-02,27.670000076293945,27.110000610351562,27.530000686645508,27.280000686645508,3673500.0,22.613372802734375
2005-12-05,27.799999237060547,27.25,27.75,27.270000457763672,7704600.0,22.605077743530273
2005-12-06,27.850000381469727,27.3700008392334,27.489999771118164,27.600000381469727,5546000.0,22.878631591796875
2005-12-07,28.110000610351562,27.40999984741211,27.649999618530273,28.110000610351562,6129200.0,23.301374435424805
2005-12-08,28.190000534057617,27.709999084472656,28.1299991607666,27.920000076293945,3611200.0,23.143890380859375
2005-12-09,28.190000534057617,27.6299991607666,28.15999984741211,27.90999984741211,2870500.0,23.135595321655273
2005-12-12,28.3700008392334,27.889999389648438,27.989999771118164,28.299999237060547,2737900.0,23.45888328552246
2005-12-13,28.6299991607666,28.100000381469727,28.260000228881836,28.450000762939453,3848500.0,23.583221435546875
2005-12-14,29.110000610351562,28.5,28.5,29.059999465942383,3484300.0,24.088876724243164
2005-12-15,29.299999237060547,28.360000610351562,29.18000030517578,28.610000610351562,4753800.0,23.71584701538086
2005-12-16,28.860000610351562,28.25,28.81999969482422,28.260000228881836,4934100.0,23.42572784423828
2005-12-19,28.350000381469727,27.579999923706055,28.299999237060547,27.639999389648438,3894700.0,22.91178321838379
2005-12-20,27.81999969482422,27.389999389648438,27.639999389648438,27.719999313354492,4176200.0,22.978105545043945
2005-12-21,27.90999984741211,27.5,27.719999313354492,27.579999923706055,3556400.0,22.8620548248291
2005-12-22,27.850000381469727,27.0,27.780000686645508,27.1299991607666,5985600.0,22.48902130126953
2005-12-23,27.360000610351562,27.06999969482422,27.299999237060547,27.139999389648438,2488300.0,22.497314453125
2005-12-27,27.299999237060547,26.709999084472656,27.299999237060547,26.860000610351562,2308800.0,22.265222549438477
2005-12-28,27.100000381469727,26.760000228881836,26.860000610351562,26.790000915527344,2418400.0,22.20718765258789
2005-12-29,26.81999969482422,26.5,26.790000915527344,26.579999923706055,3443300.0,22.033113479614258
2005-12-30,26.8799991607666,26.389999389648438,26.600000381469727,26.420000076293945,4792000.0,21.900482177734375
2006-01-03,26.700000762939453,26.059999465942383,26.670000076293945,26.350000381469727,7877900.0,21.842458724975586
2006-01-04,26.579999923706055,26.299999237060547,26.510000228881836,26.350000381469727,4739200.0,21.842458724975586
2006-01-05,27.43000030517578,26.540000915527344,26.579999923706055,26.989999771118164,8426800.0,22.372974395751953
2006-01-06,27.170000076293945,26.780000686645508,27.059999465942383,27.139999389648438,5625300.0,22.497314453125
2006-01-09,27.06999969482422,26.809999465942383,26.889999389648438,26.950000762939453,4788900.0,22.339818954467773
2006-01-10,27.219999313354492,26.670000076293945,26.760000228881836,27.139999389648438,4759000.0,22.497314453125
2006-01-11,27.420000076293945,26.860000610351562,27.40999984741211,27.06999969482422,6078400.0,22.439289093017578
2006-01-12,27.239999771118164,26.8700008392334,27.110000610351562,27.0,3863300.0,22.38126564025879
2006-01-13,27.1299991607666,26.549999237060547,26.959999084472656,26.75,3603800.0,22.17403221130371
2006-01-17,27.0,26.530000686645508,26.59000015258789,26.860000610351562,4117300.0,22.265222549438477
2006-01-18,27.299999237060547,26.899999618530273,27.0,27.200000762939453,6256600.0,22.547056198120117
2006-01-19,27.559999465942383,27.0,27.0,27.43000030517578,4506000.0,22.770193099975586
2006-01-20,27.360000610351562,26.780000686645508,27.34000015258789,27.1299991607666,5017300.0,22.521156311035156
2006-01-23,27.139999389648438,26.43000030517578,27.0,26.959999084472656,7655300.0,22.380033493041992
2006-01-24,27.540000915527344,26.969999313354492,27.0,27.360000610351562,7704000.0,22.712081909179688
2006-01-25,27.8799991607666,27.18000030517578,27.59000015258789,27.3799991607666,5383200.0,22.728681564331055
2006-01-26,27.829999923706055,27.440000534057617,27.770000457763672,27.610000610351562,7280400.0,22.919614791870117
2006-01-27,28.5,27.920000076293945,28.479999542236328,28.06999969482422,6949600.0,23.301464080810547
2006-01-30,28.350000381469727,27.850000381469727,28.200000762939453,27.860000610351562,6519100.0,23.127147674560547
2006-01-31,28.020000457763672,27.6200008392334,27.889999389648438,27.760000228881836,4906600.0,23.04412841796875
2006-02-01,27.93000030517578,27.450000762939453,27.649999618530273,27.780000686645508,5362900.0,23.060733795166016
2006-02-02,28.809999465942383,28.100000381469727,28.100000381469727,28.709999084472656,7969700.0,23.832740783691406
2006-02-03,29.399999618530273,28.450000762939453,28.459999084472656,29.229999542236328,8860200.0,24.2643985748291
2006-02-06,29.25,28.270000457763672,29.190000534057617,28.690000534057617,4207200.0,23.816139221191406
2006-02-07,28.700000762939453,28.239999771118164,28.6200008392334,28.350000381469727,3295200.0,23.533899307250977
2006-02-08,28.520000457763672,27.850000381469727,28.229999542236328,28.200000762939453,3619900.0,23.409374237060547
2006-02-09,28.5,27.799999237060547,28.3799991607666,27.8700008392334,3193700.0,23.135438919067383
2006-02-10,28.079999923706055,27.639999389648438,27.979999542236328,27.899999618530273,2534900.0,23.16034698486328
2006-02-13,28.100000381469727,27.700000762939453,27.950000762939453,27.90999984741211,1870400.0,23.16864585876465
2006-02-14,28.6299991607666,27.719999313354492,27.93000030517578,28.610000610351562,3558700.0,23.74972915649414
2006-02-15,29.139999389648438,28.280000686645508,28.510000228881836,28.979999542236328,3189500.0,24.05687713623047
2006-02-16,29.290000915527344,28.790000915527344,28.829999923706055,29.100000381469727,3364700.0,24.156494140625
2006-02-17,29.010000228881836,28.3799991607666,29.0,28.600000381469727,4616800.0,23.741432189941406
2006-02-21,28.809999465942383,28.030000686645508,28.600000381469727,28.18000030517578,3190400.0,23.39278221130371
2006-02-22,28.559999465942383,28.100000381469727,28.34000015258789,28.459999084472656,3192100.0,23.625211715698242
2006-02-23,28.709999084472656,28.360000610351562,28.3799991607666,28.5,2944800.0,23.658422470092773
2006-02-24,28.510000228881836,28.0,28.5,28.209999084472656,2487600.0,23.417682647705078
2006-02-27,28.969999313354492,28.1200008392334,28.1299991607666,28.84000015258789,2699400.0,23.940664291381836
2006-02-28,28.790000915527344,28.299999237060547,28.600000381469727,28.329999923706055,2535000.0,23.517295837402344
2006-03-01,29.190000534057617,28.440000534057617,28.5,29.059999465942383,3490100.0,24.12328338623047
2006-03-02,29.739999771118164,28.8700008392334,29.0,29.079999923706055,4247800.0,24.1398868560791
2006-03-03,29.309999465942383,28.639999389648438,29.06999969482422,28.700000762939453,2747800.0,23.824445724487305
2006-03-06,28.920000076293945,28.31999969482422,28.75,28.469999313354492,2234600.0,23.63351821899414
2006-03-07,28.950000762939453,28.139999389648438,28.299999237060547,28.920000076293945,4109900.0,24.007068634033203
2006-03-08,30.260000228881836,29.0,29.100000381469727,30.06999969482422,8475300.0,24.96170997619629
2006-03-09,30.979999542236328,29.950000762939453,30.239999771118164,30.1200008392334,7825600.0,25.003215789794922
2006-03-10,30.540000915527344,29.940000534057617,30.290000915527344,30.399999618530273,3184900.0,25.235641479492188
2006-03-13,30.729999542236328,30.010000228881836,30.329999923706055,30.059999465942383,2502400.0,24.953399658203125
2006-03-14,30.729999542236328,30.020000457763672,30.059999465942383,30.56999969482422,4379900.0,25.37677001953125
2006-03-15,30.110000610351562,29.399999618530273,29.5,29.709999084472656,9215700.0,24.662857055664062
2006-03-16,30.18000030517578,29.5,29.8799991607666,29.600000381469727,4774700.0,24.571550369262695
2006-03-17,29.729999542236328,29.5,29.549999237060547,29.600000381469727,4739000.0,24.571550369262695
2006-03-20,29.989999771118164,29.649999618530273,29.739999771118164,29.829999923706055,3393900.0,24.762466430664062
2006-03-21,29.969999313354492,29.450000762939453,29.969999313354492,29.6200008392334,3254300.0,24.588151931762695
2006-03-22,29.65999984741211,28.399999618530273,28.399999618530273,29.469999313354492,3293100.0,24.463632583618164
2006-03-23,29.809999465942383,29.469999313354492,29.56999969482422,29.489999771118164,2746200.0,24.480234146118164
2006-03-24,29.510000228881836,29.020000457763672,29.40999984741211,29.049999237060547,3443600.0,24.1149845123291
2006-03-27,29.950000762939453,29.510000228881836,29.510000228881836,29.770000457763672,4595600.0,24.712665557861328
2006-03-28,30.020000457763672,29.399999618530273,30.020000457763672,29.68000030517578,2871700.0,24.637958526611328
2006-03-29,30.219999313354492,29.65999984741211,29.850000381469727,30.059999465942383,3205600.0,24.953399658203125
2006-03-30,30.09000015258789,29.75,30.010000228881836,29.799999237060547,4056800.0,24.737571716308594
2006-03-31,30.3799991607666,29.690000534057617,29.940000534057617,29.8700008392334,3058300.0,24.795679092407227
2006-04-03,30.0,29.440000534057617,29.969999313354492,29.5,4515200.0,24.48853874206543
2006-04-04,29.809999465942383,29.420000076293945,29.579999923706055,29.770000457763672,2911700.0,24.712665557861328
2006-04-05,30.06999969482422,29.68000030517578,29.850000381469727,29.690000534057617,2935600.0,24.64626121520996
2006-04-06,31.280000686645508,30.200000762939453,30.479999542236328,31.25,7649200.0,25.941251754760742
2006-04-07,31.889999389648438,30.850000381469727,31.200000762939453,31.18000030517578,5375200.0,25.88313865661621
2006-04-10,31.18000030517578,30.709999084472656,31.139999389648438,30.84000015258789,3366300.0,25.60089683532715
2006-04-11,31.0,30.229999542236328,30.829999923706055,30.309999465942383,3766900.0,25.160930633544922
2006-04-12,30.59000015258789,30.149999618530273,30.15999984741211,30.190000534057617,2970200.0,25.061321258544922
2006-04-13,31.020000457763672,29.690000534057617,29.690000534057617,30.670000076293945,2591000.0,25.459779739379883
2006-04-17,30.600000381469727,29.8700008392334,30.530000686645508,30.299999237060547,2114700.0,25.152631759643555
2006-04-18,30.850000381469727,30.290000915527344,30.350000381469727,30.450000762939453,2827000.0,25.27715301513672
2006-04-19,30.5,29.920000076293945,30.399999618530273,29.989999771118164,4330200.0,24.895292282104492
2006-04-20,30.0,29.649999618530273,29.950000762939453,29.700000762939453,4889500.0,24.68650245666504
2006-04-21,29.75,29.030000686645508,29.700000762939453,29.3799991607666,4835400.0,24.420520782470703
2006-04-24,29.530000686645508,29.049999237060547,29.3799991607666,29.270000457763672,4305100.0,24.329090118408203
2006-04-25,29.3700008392334,28.75,29.170000076293945,28.90999984741211,5907600.0,24.02985954284668
2006-04-26,29.549999237060547,28.90999984741211,28.959999084472656,29.350000381469727,6233800.0,24.395580291748047
2006-04-27,29.969999313354492,28.760000228881836,28.760000228881836,29.709999084472656,5702300.0,24.694814682006836
2006-04-28,29.940000534057617,29.5,29.709999084472656,29.719999313354492,3282000.0,24.703125
2006-05-01,30.5,29.719999313354492,29.719999313354492,29.8700008392334,5163100.0,24.827795028686523
2006-05-02,30.229999542236328,29.799999237060547,30.0,30.1299991607666,3445900.0,25.043916702270508
2006-05-03,30.469999313354492,29.809999465942383,30.229999542236328,30.0,3679800.0,24.93585777282715
2006-05-04,30.729999542236328,30.0,30.719999313354492,30.280000686645508,4620000.0,25.16859245300293
2006-05-05,31.020000457763672,30.31999969482422,30.489999771118164,30.959999084472656,3675500.0,25.733806610107422
2006-05-08,31.18000030517578,30.559999465942383,31.059999465942383,30.799999237060547,3789900.0,25.600811004638672
2006-05-09,30.860000610351562,30.56999969482422,30.6299991607666,30.690000534057617,2347700.0,25.509380340576172
2006-05-10,30.600000381469727,30.049999237060547,30.600000381469727,30.420000076293945,3077400.0,25.284961700439453
2006-05-11,30.389999389648438,29.75,30.389999389648438,29.8799991607666,2767700.0,24.836116790771484
2006-05-12,30.030000686645508,28.979999542236328,29.889999389648438,29.260000228881836,4066300.0,24.320772171020508
2006-05-15,29.68000030517578,29.030000686645508,29.170000076293945,29.600000381469727,3619100.0,24.603378295898438
2006-05-16,29.799999237060547,29.149999618530273,29.75,29.18000030517578,3837100.0,24.25428009033203
2006-05-17,29.239999771118164,28.670000076293945,28.93000030517578,28.8700008392334,4109100.0,23.99660873413086
2006-05-18,29.040000915527344,28.59000015258789,28.8700008392334,28.600000381469727,3816800.0,23.772186279296875
2006-05-19,28.979999542236328,28.3700008392334,28.59000015258789,28.6200008392334,6035400.0,23.7888126373291
2006-05-22,28.75,28.149999618530273,28.600000381469727,28.149999618530273,4244600.0,23.398149490356445
2006-05-23,30.200000762939453,28.75,29.0,28.760000228881836,6571400.0,23.905176162719727
2006-05-24,28.43000030517578,27.510000228881836,28.43000030517578,28.1200008392334,8027500.0,23.373207092285156
2006-05-25,28.770000457763672,28.219999313354492,28.25,28.700000762939453,5934900.0,23.855302810668945
2006-05-26,28.799999237060547,28.299999237060547,28.799999237060547,28.59000015258789,2887000.0,23.76387596130371
2006-05-30,28.459999084472656,27.670000076293945,28.440000534057617,27.690000534057617,4015400.0,23.015798568725586
2006-05-31,28.0,27.709999084472656,27.950000762939453,27.899999618530273,5527100.0,23.19034767150879
2006-06-01,28.610000610351562,28.200000762939453,28.25,28.56999969482422,3889400.0,23.74725341796875
2006-06-02,29.309999465942383,28.809999465942383,28.899999618530273,29.239999771118164,5181300.0,24.30414581298828
2006-06-05,29.299999237060547,28.579999923706055,29.299999237060547,28.809999465942383,4317000.0,23.946739196777344
2006-06-06,28.959999084472656,28.219999313354492,28.950000762939453,28.34000015258789,4603900.0,23.55607795715332
2006-06-07,29.270000457763672,28.350000381469727,28.3799991607666,28.59000015258789,4684400.0,23.76387596130371
2006-06-08,29.43000030517578,28.399999618530273,28.6200008392334,29.43000030517578,6339000.0,24.46208381652832
2006-06-09,29.670000076293945,28.899999618530273,29.43000030517578,29.209999084472656,4231200.0,24.279218673706055
2006-06-12,29.389999389648438,28.940000534057617,29.31999969482422,28.950000762939453,5266600.0,24.063100814819336
2006-06-13,29.1299991607666,28.530000686645508,28.84000015258789,28.969999313354492,6811400.0,24.079734802246094
2006-06-14,29.31999969482422,28.780000686645508,28.84000015258789,29.299999237060547,4393300.0,24.354021072387695
2006-06-15,30.100000381469727,29.18000030517578,29.3700008392334,29.959999084472656,4663100.0,24.902612686157227
2006-06-16,30.459999084472656,29.899999618530273,29.899999618530273,30.190000534057617,5508300.0,25.093788146972656
2006-06-19,30.399999618530273,29.59000015258789,30.229999542236328,29.75,2999100.0,24.728055953979492
2006-06-20,30.270000457763672,29.649999618530273,29.670000076293945,30.079999923706055,3938800.0,25.002349853515625
2006-06-21,30.290000915527344,29.700000762939453,30.149999618530273,29.760000228881836,3640700.0,24.736371994018555
2006-06-22,29.850000381469727,29.18000030517578,29.850000381469727,29.530000686645508,5320000.0,24.545202255249023
2006-06-23,29.670000076293945,29.190000534057617,29.350000381469727,29.200000762939453,2715300.0,24.27090835571289
2006-06-26,29.8799991607666,29.209999084472656,29.209999084472656,29.829999923706055,2485600.0,24.794553756713867
2006-06-27,30.149999618530273,29.229999542236328,29.700000762939453,29.25,3621900.0,24.31245994567871
2006-06-28,29.969999313354492,29.450000762939453,29.450000762939453,29.600000381469727,4587500.0,24.603378295898438
2006-06-29,30.5,29.5,29.850000381469727,30.450000762939453,5891000.0,25.30989646911621
2006-06-30,31.049999237060547,30.389999389648438,30.489999771118164,30.700000762939453,5395200.0,25.517698287963867
2006-07-03,30.709999084472656,30.360000610351562,30.700000762939453,30.600000381469727,1753300.0,25.43457794189453
2006-07-05,30.670000076293945,30.170000076293945,30.25,30.25,2661800.0,25.14365005493164
2006-07-06,30.299999237060547,29.920000076293945,30.239999771118164,30.100000381469727,2870600.0,25.01898193359375
2006-07-07,30.600000381469727,29.850000381469727,29.959999084472656,30.459999084472656,2639900.0,25.318206787109375
2006-07-10,31.799999237060547,30.760000228881836,31.0,31.309999465942383,6219100.0,26.02472496032715
2006-07-11,31.989999771118164,30.959999084472656,31.18000030517578,31.979999542236328,6041000.0,26.581623077392578
2006-07-12,32.45000076293945,31.8700008392334,32.0,32.0,6738600.0,26.598243713378906
2006-07-13,32.66999816894531,31.700000762939453,31.899999618530273,32.09000015258789,6835500.0,26.673057556152344
2006-07-14,32.209999084472656,31.579999923706055,31.950000762939453,31.68000030517578,5461000.0,26.332265853881836
2006-07-17,32.380001068115234,31.540000915527344,31.690000534057617,31.649999618530273,4273100.0,26.307327270507812
2006-07-18,31.790000915527344,30.860000610351562,31.549999237060547,31.3799991607666,14777500.0,26.08291244506836
2006-07-19,32.27000045776367,31.440000534057617,31.56999969482422,32.06999969482422,5014800.0,26.689430236816406
2006-07-20,32.5,31.93000030517578,32.16999816894531,32.04999923706055,3919400.0,26.67279815673828
2006-07-21,32.31999969482422,31.940000534057617,32.22999954223633,31.989999771118164,3811300.0,26.622848510742188
2006-07-24,32.720001220703125,31.940000534057617,32.0,32.65999984741211,3579700.0,27.180444717407227
2006-07-25,33.27000045776367,32.369998931884766,32.66999816894531,33.119998931884766,3619600.0,27.563268661499023
2006-07-26,33.20000076293945,32.84000015258789,33.099998474121094,33.0,4872800.0,27.46339988708496
2006-07-27,33.540000915527344,32.939998626708984,33.02000045776367,32.9900016784668,4108300.0,27.455081939697266
2006-07-28,33.29999923706055,32.43000030517578,33.0,32.59000015258789,5095100.0,27.1221923828125
2006-07-31,32.93000030517578,32.27000045776367,32.70000076293945,32.720001220703125,4295600.0,27.230375289916992
2006-08-01,32.88999938964844,32.5,32.84000015258789,32.79999923706055,3768800.0,27.296953201293945
2006-08-02,33.27000045776367,32.869998931884766,33.209999084472656,33.189998626708984,5415800.0,27.621522903442383
2006-08-03,34.290000915527344,32.75,33.0,33.900001525878906,9722700.0,28.212406158447266
2006-08-04,33.9900016784668,33.29999923706055,33.650001525878906,33.79999923706055,5169600.0,28.129180908203125
2006-08-07,34.25,33.27000045776367,34.0,33.47999954223633,3669200.0,27.86287498474121
2006-08-08,34.20000076293945,33.70000076293945,33.70000076293945,33.900001525878906,6321300.0,28.212406158447266
2006-08-09,34.0,33.09000015258789,33.97999954223633,33.18000030517578,3337800.0,27.613197326660156
2006-08-10,33.849998474121094,33.18000030517578,33.18000030517578,33.79999923706055,3217800.0,28.129180908203125
2006-08-11,34.15999984741211,33.52000045776367,33.75,33.970001220703125,3250300.0,28.270648956298828
2006-08-14,34.7400016784668,34.08000183105469,34.20000076293945,34.27000045776367,3860600.0,28.520322799682617
2006-08-15,34.959999084472656,34.29999923706055,34.29999923706055,34.900001525878906,3084000.0,29.04463005065918
2006-08-16,35.0,34.33000183105469,34.900001525878906,34.40999984741211,4528900.0,28.636844635009766
2006-08-17,34.880001068115234,34.349998474121094,34.41999816894531,34.380001068115234,4581600.0,28.61186408996582
2006-08-18,34.470001220703125,33.540000915527344,34.38999938964844,33.869998931884766,3717000.0,28.18743324279785
2006-08-21,33.869998931884766,33.47999954223633,33.63999938964844,33.650001525878906,2767600.0,28.004348754882812
2006-08-22,33.63999938964844,32.970001220703125,33.529998779296875,33.0,4636400.0,27.46339988708496
2006-08-23,33.09000015258789,32.54999923706055,33.0,32.959999084472656,4097300.0,27.430110931396484
2006-08-24,33.060001373291016,32.40999984741211,32.93000030517578,32.900001525878906,3287900.0,27.380176544189453
2006-08-25,33.209999084472656,32.59000015258789,32.95000076293945,32.959999084472656,3177000.0,27.430110931396484
2006-08-28,33.630001068115234,32.959999084472656,32.970001220703125,33.470001220703125,2716700.0,27.854543685913086
2006-08-29,33.970001220703125,33.189998626708984,33.5,33.68000030517578,4754400.0,28.029312133789062
2006-08-30,34.09000015258789,33.650001525878906,33.83000183105469,33.95000076293945,3644800.0,28.254011154174805
2006-08-31,33.95000076293945,33.31999969482422,33.95000076293945,33.54999923706055,4866000.0,27.921113967895508
2006-09-01,34.099998474121094,33.63999938964844,33.779998779296875,33.959999084472656,3007000.0,28.2623291015625
2006-09-05,34.70000076293945,34.279998779296875,34.400001525878906,34.47999954223633,4961600.0,28.695106506347656
2006-09-06,34.790000915527344,34.41999816894531,34.47999954223633,34.66999816894531,4085300.0,28.853214263916016
2006-09-07,35.54999923706055,34.36000061035156,34.66999816894531,35.11000061035156,6708700.0,29.219390869140625
2006-09-08,35.63999938964844,35.04999923706055,35.630001068115234,35.5,3517800.0,29.54395294189453
2006-09-11,36.130001068115234,35.38999938964844,35.56999969482422,35.86000061035156,4888900.0,29.84356117248535
2006-09-12,36.13999938964844,35.83000183105469,36.119998931884766,35.95000076293945,5042400.0,29.9184627532959
2006-09-13,36.0099983215332,34.77000045776367,35.79999923706055,34.86000061035156,7680400.0,29.011335372924805
2006-09-14,35.40999984741211,34.560001373291016,34.630001068115234,35.130001068115234,4837400.0,29.236038208007812
2006-09-15,35.61000061035156,34.689998626708984,35.349998474121094,34.7400016784668,4749300.0,28.911474227905273
2006-09-18,35.06999969482422,34.689998626708984,34.88999938964844,34.720001220703125,3223300.0,28.89483070373535
2006-09-19,35.0,34.43000030517578,34.900001525878906,34.790000915527344,2915200.0,28.953081130981445
2006-09-20,35.5,34.88999938964844,35.0,35.43000030517578,3056900.0,29.485706329345703
2006-09-21,34.650001525878906,31.43000030517578,34.650001525878906,32.470001220703125,42717900.0,27.02232551574707
2006-09-22,33.25,32.369998931884766,32.75,33.029998779296875,15893100.0,27.488361358642578
2006-09-25,33.040000915527344,30.600000381469727,32.779998779296875,31.100000381469727,20878000.0,25.882171630859375
2006-09-26,31.959999084472656,31.350000381469727,31.5,31.649999618530273,16164800.0,26.33989715576172
2006-09-27,32.779998779296875,31.75,31.790000915527344,32.349998474121094,11810500.0,26.922449111938477
2006-09-28,32.619998931884766,31.959999084472656,32.34000015258789,32.279998779296875,6155600.0,26.86420440673828
2006-09-29,32.5099983215332,32.060001373291016,32.25,32.119998931884766,5761200.0,26.73104476928711
2006-10-02,32.2599983215332,31.6299991607666,32.0099983215332,31.920000076293945,5527200.0,26.564605712890625
2006-10-03,31.899999618530273,31.559999465942383,31.81999969482422,31.75,7039100.0,26.423124313354492
2006-10-04,32.209999084472656,31.5,31.559999465942383,32.150001525878906,6639400.0,26.756011962890625
2006-10-05,31.950000762939453,29.90999984741211,31.93000030517578,30.93000030517578,30524200.0,25.740694046020508
2006-10-06,30.889999389648438,28.479999542236328,30.889999389648438,29.31999969482422,46123100.0,24.400815963745117
2006-10-09,29.729999542236328,28.799999237060547,29.190000534057617,29.719999313354492,19301400.0,24.73370933532715
2006-10-10,30.850000381469727,29.59000015258789,30.700000762939453,29.719999313354492,30111300.0,24.73370933532715
2006-10-11,31.239999771118164,29.600000381469727,29.899999618530273,31.15999984741211,19657700.0,25.932104110717773
2006-10-12,32.18000030517578,31.309999465942383,31.489999771118164,31.5,18853300.0,26.215063095092773
2006-10-13,31.719999313354492,31.040000915527344,31.5,31.09000015258789,9542300.0,25.873851776123047
2006-10-16,31.309999465942383,30.84000015258789,31.25,31.25,10257500.0,26.007009506225586
2006-10-17,31.329999923706055,30.950000762939453,31.329999923706055,31.1299991607666,6392800.0,25.907140731811523
2006-10-18,31.610000610351562,31.149999618530273,31.25,31.389999389648438,6326600.0,26.156118392944336
2006-10-19,31.25,30.5,30.780000686645508,31.149999618530273,9478300.0,25.956138610839844
2006-10-20,31.149999618530273,30.549999237060547,31.149999618530273,30.690000534057617,6445400.0,25.572839736938477
2006-10-23,31.450000762939453,30.600000381469727,30.600000381469727,31.299999237060547,7013000.0,26.081130981445312
2006-10-24,32.029998779296875,31.100000381469727,31.31999969482422,31.43000030517578,6199100.0,26.189449310302734
2006-10-25,31.670000076293945,30.6200008392334,31.309999465942383,30.8700008392334,8082500.0,25.722829818725586
2006-10-26,31.3700008392334,30.459999084472656,30.81999969482422,31.350000381469727,6279500.0,26.12279510498047
2006-10-27,31.5,31.059999465942383,31.350000381469727,31.200000762939453,4558600.0,25.997800827026367
2006-10-30,31.8700008392334,31.280000686645508,31.3700008392334,31.729999542236328,5235500.0,26.439435958862305
2006-10-31,31.979999542236328,31.350000381469727,31.920000076293945,31.3799991607666,8092300.0,26.147789001464844
2006-11-01,29.75,28.6299991607666,29.520000457763672,29.059999465942383,64356500.0,24.21462631225586
2006-11-02,29.5,28.610000610351562,29.299999237060547,28.860000610351562,37238600.0,24.0479679107666
2006-11-03,29.299999237060547,28.68000030517578,29.100000381469727,28.790000915527344,19903500.0,23.989641189575195
2006-11-06,29.889999389648438,28.850000381469727,28.889999389648438,29.84000015258789,22548300.0,24.864566802978516
2006-11-07,30.030000686645508,29.709999084472656,29.8799991607666,29.93000030517578,16042600.0,24.939559936523438
2006-11-08,30.110000610351562,29.5,30.100000381469727,29.6200008392334,26339300.0,24.681243896484375
2006-11-09,29.75,28.530000686645508,29.75,28.610000610351562,31284500.0,23.83964729309082
2006-11-10,29.15999984741211,28.6299991607666,28.68000030517578,28.959999084472656,15497700.0,24.131288528442383
2006-11-13,29.309999465942383,28.920000076293945,28.969999313354492,28.989999771118164,16092300.0,24.15629005432129
2006-11-14,29.420000076293945,28.899999618530273,29.239999771118164,28.920000076293945,23214900.0,24.097963333129883
2006-11-15,29.510000228881836,29.0,29.049999237060547,29.420000076293945,20777900.0,24.51459503173828
2006-11-16,29.709999084472656,29.389999389648438,29.459999084472656,29.610000610351562,15067600.0,24.672916412353516
2006-11-17,29.610000610351562,28.770000457763672,29.610000610351562,29.06999969482422,20292100.0,24.222951889038086
2006-11-20,29.010000228881836,28.010000228881836,29.0,28.450000762939453,25869800.0,23.706327438354492
2006-11-21,28.5,27.760000228881836,28.459999084472656,28.079999923706055,18975800.0,23.39802360534668
2006-11-22,28.15999984741211,27.8700008392334,28.049999237060547,28.0,13472400.0,23.331357955932617
2006-11-24,28.020000457763672,27.770000457763672,27.799999237060547,27.969999313354492,3985000.0,23.306365966796875
2006-11-27,27.969999313354492,27.15999984741211,27.969999313354492,27.190000534057617,21354800.0,22.656417846679688
2006-11-28,27.579999923706055,27.09000015258789,27.110000610351562,27.56999969482422,17960900.0,22.973052978515625
2006-11-29,28.549999237060547,27.700000762939453,27.81999969482422,28.530000686645508,21818400.0,23.772987365722656
2006-11-30,28.979999542236328,28.389999389648438,28.920000076293945,28.770000457763672,15800900.0,23.972970962524414
2006-12-01,28.93000030517578,28.469999313354492,28.6299991607666,28.670000076293945,12664500.0,23.889644622802734
2006-12-04,29.309999465942383,28.65999984741211,28.65999984741211,29.260000228881836,14303700.0,24.381271362304688
2006-12-05,29.700000762939453,29.299999237060547,29.3700008392334,29.610000610351562,10580500.0,24.672916412353516
2006-12-06,30.530000686645508,29.65999984741211,29.8799991607666,30.040000915527344,16226400.0,25.031213760375977
2006-12-07,30.489999771118164,29.979999542236328,30.200000762939453,30.010000228881836,9626700.0,25.0062198638916
2006-12-08,30.309999465942383,29.899999618530273,29.950000762939453,30.229999542236328,5697800.0,25.189537048339844
2006-12-11,30.350000381469727,29.920000076293945,30.25,30.110000610351562,9169100.0,25.08953857421875
2006-12-12,30.440000534057617,29.93000030517578,30.299999237060547,30.1299991607666,9865100.0,25.1062068939209
2006-12-13,30.489999771118164,30.049999237060547,30.25,30.309999465942383,6897600.0,25.256195068359375
2006-12-14,31.030000686645508,30.31999969482422,30.3700008392334,30.719999313354492,12150500.0,25.597827911376953
2006-12-15,31.440000534057617,30.5,30.75,30.520000457763672,13859800.0,25.431182861328125
2006-12-18,30.670000076293945,29.600000381469727,30.600000381469727,30.010000228881836,42399600.0,25.0062198638916
2006-12-19,30.079999923706055,29.440000534057617,30.079999923706055,29.979999542236328,19909800.0,24.981216430664062
2006-12-20,30.200000762939453,29.75,29.8799991607666,29.90999984741211,11590100.0,24.92288589477539
2006-12-21,31.18000030517578,29.959999084472656,30.229999542236328,30.920000076293945,14099600.0,25.76449203491211
2006-12-22,31.829999923706055,31.079999923706055,31.59000015258789,31.25,8898400.0,26.039466857910156
2006-12-26,31.450000762939453,31.010000228881836,31.190000534057617,31.18000030517578,4750500.0,25.98114013671875
2006-12-27,31.399999618530273,31.0,31.299999237060547,31.219999313354492,5242500.0,26.014469146728516
2006-12-28,31.31999969482422,30.969999313354492,31.239999771118164,31.25,4733400.0,26.039466857910156
2006-12-29,31.389999389648438,30.760000228881836,31.190000534057617,30.90999984741211,4279900.0,25.756149291992188
2007-01-03,31.389999389648438,30.459999084472656,30.950000762939453,30.84000015258789,10397100.0,25.697824478149414
2007-01-04,31.229999542236328,30.65999984741211,31.209999084472656,31.0,9449400.0,25.831148147583008
2007-01-05,31.25,30.690000534057617,31.010000228881836,31.170000076293945,10817200.0,25.972803115844727
2007-01-08,31.510000228881836,30.75,31.510000228881836,31.350000381469727,14188500.0,26.12279510498047
2007-01-09,31.469999313354492,30.75,31.329999923706055,31.010000228881836,14052600.0,25.8394775390625
2007-01-10,31.3700008392334,30.639999389648438,31.0,31.31999969482422,10273900.0,26.09778594970703
2007-01-11,31.56999969482422,30.940000534057617,31.239999771118164,31.510000228881836,10508100.0,26.256114959716797
2007-01-12,31.989999771118164,31.280000686645508,31.520000457763672,31.940000534057617,10058900.0,26.61441993713379
2007-01-16,32.119998931884766,31.6299991607666,31.799999237060547,31.790000915527344,14242800.0,26.489431381225586
2007-01-17,32.619998931884766,31.90999984741211,32.0,32.47999954223633,21121400.0,27.064382553100586
2007-01-18,32.63999938964844,32.18000030517578,32.619998931884766,32.61000061035156,18427600.0,27.213552474975586
2007-01-19,33.380001068115234,32.54999923706055,32.77000045776367,33.279998779296875,27239600.0,27.772676467895508
2007-01-22,33.25,32.849998474121094,33.0,33.029998779296875,14622300.0,27.56403923034668
2007-01-23,33.380001068115234,32.720001220703125,32.79999923706055,33.25,12634400.0,27.747636795043945
2007-01-24,33.56999969482422,32.83000183105469,33.25,32.86000061035156,15805900.0,27.42217445373535
2007-01-25,33.06999969482422,32.68000030517578,32.86000061035156,32.75,12844400.0,27.330381393432617
2007-01-26,33.099998474121094,32.529998779296875,32.7599983215332,32.970001220703125,12250500.0,27.513978958129883
2007-01-29,33.02000045776367,32.630001068115234,32.90999984741211,32.689998626708984,5456600.0,27.28030776977539
2007-01-30,33.33000183105469,32.849998474121094,32.900001525878906,33.04999923706055,8482800.0,27.58073616027832
2007-01-31,33.720001220703125,33.04999923706055,33.16999816894531,33.650001525878906,14174600.0,28.081439971923828
2007-02-01,33.58000183105469,33.0,33.5,33.290000915527344,16662700.0,27.78101921081543
2007-02-02,33.54999923706055,33.04999923706055,33.54999923706055,33.189998626708984,13774300.0,27.697566986083984
2007-02-05,33.369998931884766,33.0,33.20000076293945,33.29999923706055,7390400.0,27.789363861083984
2007-02-06,33.349998474121094,32.970001220703125,33.33000183105469,33.22999954223633,7569900.0,27.73094367980957
2007-02-07,33.369998931884766,32.7400016784668,33.20000076293945,33.2400016784668,6957600.0,27.73929214477539
2007-02-08,33.380001068115234,32.849998474121094,33.33000183105469,33.119998931884766,8755500.0,27.6391544342041
2007-02-09,33.25,32.779998779296875,33.16999816894531,32.90999984741211,10765400.0,27.463905334472656
2007-02-12,32.90999984741211,32.38999938964844,32.79999923706055,32.4900016784668,12410900.0,27.113401412963867
2007-02-13,32.45000076293945,31.8799991607666,32.279998779296875,32.09000015258789,25374500.0,26.779598236083984
2007-02-14,32.720001220703125,31.8799991607666,32.08000183105469,32.720001220703125,13562400.0,27.305339813232422
2007-02-15,33.310001373291016,32.59000015258789,32.75,32.90999984741211,12701200.0,27.463905334472656
2007-02-16,32.939998626708984,32.43000030517578,32.66999816894531,32.72999954223633,8851700.0,27.31368637084961
2007-02-20,32.84000015258789,32.45000076293945,32.54999923706055,32.790000915527344,7975300.0,27.3637638092041
2007-02-21,33.18000030517578,32.599998474121094,32.720001220703125,33.06999969482422,8010200.0,27.597421646118164
2007-02-22,33.130001068115234,32.36000061035156,33.0,32.52000045776367,8686000.0,27.138446807861328
2007-02-23,32.66999816894531,32.27000045776367,32.599998474121094,32.47999954223633,7713100.0,27.105058670043945
2007-02-26,32.59000015258789,32.189998626708984,32.31999969482422,32.380001068115234,7378500.0,27.021610260009766
2007-02-27,32.11000061035156,30.760000228881836,32.099998474121094,31.5,14101100.0,26.287233352661133
2007-02-28,31.889999389648438,31.280000686645508,31.5,31.420000076293945,9922900.0,26.220470428466797
2007-03-01,31.489999771118164,30.450000762939453,31.260000228881836,31.34000015258789,10778500.0,26.153717041015625
2007-03-02,31.350000381469727,30.920000076293945,31.280000686645508,30.940000534057617,9820000.0,25.819910049438477
2007-03-05,31.309999465942383,30.549999237060547,30.65999984741211,30.790000915527344,9549200.0,25.694730758666992
2007-03-06,31.399999618530273,30.75,31.25,31.299999237060547,9604200.0,26.120328903198242
2007-03-07,31.56999969482422,31.0,31.100000381469727,31.31999969482422,10304800.0,26.13701629638672
2007-03-08,33.150001525878906,31.700000762939453,31.899999618530273,32.40999984741211,45727500.0,27.04664421081543
2007-03-09,32.95000076293945,32.5099983215332,32.95000076293945,32.599998474121094,36145500.0,27.2052001953125
2007-03-12,32.33000183105469,31.399999618530273,31.899999618530273,31.979999542236328,45350700.0,26.68779754638672
2007-03-13,32.56999969482422,31.700000762939453,32.27000045776367,31.899999618530273,33782100.0,26.62104606628418
2007-03-14,32.540000915527344,31.729999542236328,31.899999618530273,32.310001373291016,36086900.0,26.96319007873535
2007-03-15,33.47999954223633,32.31999969482422,32.31999969482422,33.34000015258789,47241300.0,27.82274627685547
2007-03-16,33.880001068115234,32.65999984741211,33.29999923706055,32.939998626708984,56563300.0,27.488927841186523
2007-03-19,33.47999954223633,32.97999954223633,33.20000076293945,33.13999938964844,23121800.0,27.655839920043945
2007-03-20,33.7400016784668,33.02000045776367,33.33000183105469,33.66999816894531,20530200.0,28.098134994506836
2007-03-21,34.66999816894531,33.61000061035156,33.709999084472656,34.66999816894531,34280800.0,28.932647705078125
2007-03-22,34.93000030517578,34.11000061035156,34.79999923706055,34.310001373291016,24359400.0,28.632219314575195
2007-03-23,34.619998931884766,34.20000076293945,34.40999984741211,34.56999969482422,29164300.0,28.849205017089844
2007-03-26,34.900001525878906,34.29999923706055,34.79999923706055,34.619998931884766,26532500.0,28.890913009643555
2007-03-27,34.72999954223633,34.15999984741211,34.630001068115234,34.369998931884766,32090300.0,28.682292938232422
2007-03-28,34.7400016784668,33.93000030517578,34.20000076293945,33.95000076293945,28718500.0,28.33180046081543
2007-03-29,34.599998474121094,33.86000061035156,34.38999938964844,34.15999984741211,21249600.0,28.507043838500977
2007-03-30,34.4900016784668,33.869998931884766,34.29999923706055,34.13999938964844,15990300.0,28.490358352661133
2007-04-02,34.560001373291016,34.13999938964844,34.380001068115234,34.41999816894531,18109700.0,28.724018096923828
2007-04-03,34.849998474121094,34.22999954223633,34.5,34.290000915527344,17404400.0,28.615535736083984
2007-04-04,34.720001220703125,34.34000015258789,34.66999816894531,34.59000015258789,12167700.0,28.86587905883789
2007-04-05,34.83000183105469,34.33000183105469,34.599998474121094,34.72999954223633,11754900.0,28.98271369934082
2007-04-09,35.040000915527344,34.75,34.84000015258789,34.900001525878906,14098900.0,29.12459373474121
2007-04-10,35.0,34.70000076293945,34.779998779296875,35.0,11465000.0,29.20804214477539
2007-04-11,35.31999969482422,34.939998626708984,35.04999923706055,35.0099983215332,15059000.0,29.216381072998047
2007-04-12,35.04999923706055,34.619998931884766,35.0099983215332,35.029998779296875,8731100.0,29.233078002929688
2007-04-13,35.45000076293945,35.0,35.150001525878906,35.130001068115234,10599400.0,29.316524505615234
2007-04-16,35.349998474121094,34.90999984741211,35.130001068115234,34.95000076293945,10189900.0,29.166311264038086
2007-04-17,35.119998931884766,34.650001525878906,35.060001373291016,34.720001220703125,16173200.0,28.974374771118164
2007-04-18,35.0,34.400001525878906,34.7599983215332,34.56999969482422,23243600.0,28.849205017089844
2007-04-19,35.119998931884766,34.349998474121094,34.900001525878906,34.90999984741211,31081900.0,29.132932662963867
2007-04-20,35.33000183105469,34.900001525878906,35.04999923706055,34.970001220703125,15447500.0,29.23324966430664
2007-04-23,35.20000076293945,34.95000076293945,35.20000076293945,35.09000015258789,31337400.0,29.333568572998047
2007-04-24,36.88999938964844,35.4900016784668,35.4900016784668,36.709999084472656,47703200.0,30.68780517578125
2007-04-25,36.9900016784668,36.16999816894531,36.97999954223633,36.68000030517578,16523500.0,30.662717819213867
2007-04-26,37.150001525878906,36.68000030517578,36.7400016784668,36.86000061035156,16371900.0,30.81317901611328
2007-04-27,36.849998474121094,36.349998474121094,36.70000076293945,36.72999954223633,8723200.0,30.704519271850586
2007-04-30,37.20000076293945,36.2400016784668,36.849998474121094,36.2400016784668,15658600.0,30.294906616210938
2007-05-01,36.31999969482422,35.20000076293945,35.900001525878906,35.9900016784668,14952400.0,30.085918426513672
2007-05-02,36.540000915527344,35.880001068115234,35.95000076293945,36.33000183105469,12356900.0,30.370145797729492
2007-05-03,36.599998474121094,36.0,36.349998474121094,36.11000061035156,7844000.0,30.186227798461914
2007-05-04,36.84000015258789,35.810001373291016,36.72999954223633,35.939998626708984,8160800.0,30.044130325317383
2007-05-07,36.380001068115234,35.720001220703125,36.380001068115234,36.119998931884766,23548800.0,30.19458770751953
2007-05-08,37.20000076293945,36.0,36.220001220703125,37.0099983215332,34505500.0,30.938587188720703
2007-05-09,38.08000183105469,36.900001525878906,37.0099983215332,38.02000045776367,29297800.0,31.782909393310547
2007-05-10,38.45000076293945,37.470001220703125,37.86000061035156,37.470001220703125,18267600.0,31.323123931884766
2007-05-11,37.54999923706055,37.099998474121094,37.400001525878906,37.310001373291016,9504300.0,31.189374923706055
2007-05-14,37.459999084472656,37.16999816894531,37.349998474121094,37.349998474121094,12734000.0,31.222810745239258
2007-05-15,37.939998626708984,37.220001220703125,37.27000045776367,37.56999969482422,17710600.0,31.406719207763672
2007-05-16,38.22999954223633,37.40999984741211,37.56999969482422,38.119998931884766,20246400.0,31.86649513244629
2007-05-17,38.290000915527344,37.599998474121094,37.70000076293945,38.060001373291016,16728900.0,31.816343307495117
2007-05-18,38.47999954223633,37.93000030517578,38.09000015258789,38.459999084472656,20166000.0,32.150726318359375
2007-05-21,38.54999923706055,37.75,38.459999084472656,37.79999923706055,15255700.0,31.598987579345703
2007-05-22,38.0,37.16999816894531,37.869998931884766,37.58000183105469,11789400.0,31.415084838867188
2007-05-23,38.209999084472656,37.59000015258789,37.70000076293945,38.099998474121094,26278500.0,31.849796295166016
2007-05-24,38.52000045776367,37.93000030517578,38.0,38.290000915527344,22925900.0,32.00860595703125
2007-05-25,39.439998626708984,38.25,38.25,39.08000183105469,21931900.0,32.66902160644531
2007-05-29,39.08000183105469,38.650001525878906,38.95000076293945,38.869998931884766,16071100.0,32.493465423583984
2007-05-30,39.0099983215332,38.720001220703125,38.869998931884766,38.869998931884766,14540900.0,32.493465423583984
2007-05-31,39.09000015258789,38.38999938964844,38.97999954223633,38.540000915527344,14950700.0,32.21760940551758
2007-06-01,38.86000061035156,38.33000183105469,38.5,38.54999923706055,11438700.0,32.2259635925293
2007-06-04,38.84000015258789,38.06999969482422,38.45000076293945,38.189998626708984,11908400.0,31.924997329711914
2007-06-05,38.150001525878906,37.58000183105469,38.0,37.79999923706055,12288100.0,31.598987579345703
2007-06-06,37.61000061035156,37.20000076293945,37.4900016784668,37.25,11361300.0,31.139217376708984
2007-06-07,38.900001525878906,37.25,37.310001373291016,37.56999969482422,23794300.0,31.406719207763672
2007-06-08,37.959999084472656,37.470001220703125,37.5,37.86000061035156,10690400.0,31.64914321899414
2007-06-11,37.939998626708984,37.439998626708984,37.86000061035156,37.45000076293945,8158500.0,31.30640411376953
2007-06-12,37.61000061035156,37.099998474121094,37.310001373291016,37.150001525878906,10219300.0,31.05561637878418
2007-06-13,37.5,37.0,37.349998474121094,37.400001525878906,8658200.0,31.264612197875977
2007-06-14,37.70000076293945,37.220001220703125,37.400001525878906,37.2599983215332,9244200.0,31.147571563720703
2007-06-15,37.869998931884766,37.349998474121094,37.349998474121094,37.630001068115234,14190600.0,31.456878662109375
2007-06-18,37.68000030517578,37.25,37.630001068115234,37.34000015258789,7215100.0,31.21445083618164
2007-06-19,37.63999938964844,37.060001373291016,37.400001525878906,37.52000045776367,7156700.0,31.364925384521484
2007-06-20,37.75,36.97999954223633,37.52000045776367,37.040000915527344,8247500.0,30.963674545288086
2007-06-21,37.2400016784668,36.52000045776367,36.900001525878906,37.119998931884766,10364500.0,31.03054428100586
2007-06-22,37.029998779296875,36.400001525878906,36.95000076293945,36.54999923706055,12051100.0,30.554059982299805
2007-06-25,37.0,36.15999984741211,36.79999923706055,36.310001373291016,8392600.0,30.353425979614258
2007-06-26,36.599998474121094,35.599998474121094,36.310001373291016,35.86000061035156,12486000.0,29.977245330810547
2007-06-27,36.70000076293945,35.16999816894531,35.619998931884766,36.56999969482422,13789900.0,30.570775985717773
2007-06-28,36.970001220703125,36.099998474121094,36.58000183105469,36.54999923706055,11116200.0,30.554059982299805
2007-06-29,37.06999969482422,36.099998474121094,36.70000076293945,36.45000076293945,10274000.0,30.470462799072266
2007-07-02,36.65999984741211,36.189998626708984,36.45000076293945,36.540000915527344,8026000.0,30.54569435119629
2007-07-03,36.900001525878906,36.33000183105469,36.439998626708984,36.540000915527344,2809400.0,30.54569435119629
2007-07-05,36.95000076293945,36.130001068115234,36.54999923706055,36.540000915527344,5091200.0,30.54569435119629
2007-07-06,36.88999938964844,36.29999923706055,36.599998474121094,36.7599983215332,7163300.0,30.72960090637207
2007-07-09,36.900001525878906,36.47999954223633,36.75,36.650001525878906,6792000.0,30.637645721435547
2007-07-10,36.5,35.97999954223633,36.459999084472656,36.130001068115234,8686800.0,30.20295524597168
2007-07-11,36.63999938964844,35.709999084472656,36.63999938964844,36.18000030517578,6956700.0,30.244747161865234
2007-07-12,36.65999984741211,35.95000076293945,36.27000045776367,36.52000045776367,12788000.0,30.528972625732422
2007-07-13,36.84000015258789,36.060001373291016,36.84000015258789,36.36000061035156,10710800.0,30.395219802856445
2007-07-16,36.400001525878906,36.150001525878906,36.189998626708984,36.189998626708984,6169400.0,30.253122329711914
2007-07-17,36.36000061035156,35.95000076293945,36.2599983215332,36.06999969482422,6291700.0,30.152793884277344
2007-07-18,36.47999954223633,35.650001525878906,36.220001220703125,36.099998474121094,11327200.0,30.17788314819336
2007-07-19,36.59000015258789,35.13999938964844,36.119998931884766,35.689998626708984,16479400.0,29.88481330871582
2007-07-20,35.90999984741211,35.33000183105469,35.63999938964844,35.65999984741211,9839800.0,29.859682083129883
2007-07-23,36.29999923706055,35.70000076293945,35.86000061035156,36.04999923706055,8148600.0,30.186243057250977
2007-07-24,36.66999816894531,35.54999923706055,35.54999923706055,35.91999816894531,8467600.0,30.077394485473633
2007-07-25,36.52000045776367,35.75,35.75,36.439998626708984,10688000.0,30.512821197509766
2007-07-26,36.22999954223633,35.279998779296875,35.95000076293945,35.58000183105469,17360300.0,29.792688369750977
2007-07-27,35.70000076293945,35.04999923706055,35.400001525878906,35.13999938964844,11408000.0,29.42426872253418
2007-07-30,35.70000076293945,34.79999923706055,35.529998779296875,35.119998931884766,11448200.0,29.407516479492188
2007-07-31,36.029998779296875,35.189998626708984,35.650001525878906,35.189998626708984,13740000.0,29.46613121032715
2007-08-01,36.25,34.849998474121094,34.849998474121094,35.540000915527344,13085700.0,29.75920295715332
2007-08-02,37.04999923706055,36.150001525878906,36.5,36.790000915527344,27190800.0,30.805879592895508
2007-08-03,37.119998931884766,36.290000915527344,37.0,36.43000030517578,14439200.0,30.50444221496582
2007-08-06,37.290000915527344,36.40999984741211,36.5,37.290000915527344,14136600.0,31.22455596923828
2007-08-07,38.20000076293945,37.0,37.25,38.11000061035156,17810500.0,31.911163330078125
2007-08-08,39.029998779296875,37.95000076293945,37.95000076293945,38.689998626708984,20987000.0,32.3968391418457
2007-08-09,38.689998626708984,37.66999816894531,38.68000030517578,37.689998626708984,18884200.0,31.55948257446289
2007-08-10,38.18000030517578,36.88999938964844,36.900001525878906,38.0,12966400.0,31.81907081604004
2007-08-13,38.33000183105469,37.65999984741211,38.25,37.93000030517578,11003000.0,31.76044273376465
2007-08-14,38.189998626708984,37.349998474121094,38.11000061035156,37.349998474121094,12692600.0,31.274803161621094
2007-08-15,37.869998931884766,36.70000076293945,37.400001525878906,36.70000076293945,19428200.0,30.73051643371582
2007-08-16,36.959999084472656,36.09000015258789,36.52000045776367,36.5,18774300.0,30.56304359436035
2007-08-17,37.4900016784668,36.16999816894531,37.27000045776367,36.81999969482422,18776300.0,30.83099937438965
2007-08-20,37.20000076293945,36.5,36.84000015258789,36.59000015258789,8105300.0,30.638416290283203
2007-08-21,36.66999816894531,36.16999816894531,36.59000015258789,36.65999984741211,12017700.0,30.697036743164062
2007-08-22,37.27000045776367,36.84000015258789,37.0099983215332,37.0,9317800.0,30.981727600097656
2007-08-23,37.29999923706055,36.650001525878906,37.279998779296875,36.81999969482422,7684900.0,30.83099937438965
2007-08-24,37.25,36.0099983215332,37.25,36.79999923706055,6340900.0,30.814258575439453
2007-08-27,36.959999084472656,36.5099983215332,36.630001068115234,36.68000030517578,5054400.0,30.71377182006836
2007-08-28,36.79999923706055,36.33000183105469,36.4900016784668,36.56999969482422,8556400.0,30.62166404724121
2007-08-29,37.45000076293945,36.22999954223633,36.619998931884766,37.36000061035156,8164600.0,31.283164978027344
2007-08-30,37.849998474121094,36.81999969482422,36.91999816894531,37.2400016784668,9304600.0,31.18268394470215
2007-08-31,38.040000915527344,37.279998779296875,37.310001373291016,37.81999969482422,10658200.0,31.66836166381836
2007-09-04,38.36000061035156,37.41999816894531,38.08000183105469,38.279998779296875,8022200.0,32.05351257324219
2007-09-05,38.40999984741211,37.459999084472656,38.34000015258789,37.97999954223633,9739900.0,31.80231475830078
2007-09-06,38.290000915527344,37.56999969482422,37.779998779296875,37.91999816894531,6368800.0,31.752073287963867
2007-09-07,37.56999969482422,36.90999984741211,37.4900016784668,37.189998626708984,9488500.0,31.140811920166016
2007-09-10,37.47999954223633,36.630001068115234,37.27000045776367,37.130001068115234,6460000.0,31.09058380126953
2007-09-11,37.61000061035156,37.08000183105469,37.45000076293945,37.40999984741211,6568100.0,31.325031280517578
2007-09-12,37.90999984741211,37.279998779296875,37.439998626708984,37.310001373291016,8493500.0,31.241300582885742
2007-09-13,38.040000915527344,37.25,37.4900016784668,37.7599983215332,7188500.0,31.618106842041016
2007-09-14,37.939998626708984,37.36000061035156,37.61000061035156,37.83000183105469,10058000.0,31.676727294921875
2007-09-17,37.75,37.209999084472656,37.689998626708984,37.400001525878906,7030700.0,31.316665649414062
2007-09-18,38.369998931884766,37.29999923706055,37.5099983215332,38.0,12278200.0,31.81907081604004
2007-09-19,38.380001068115234,37.810001373291016,38.0,38.130001068115234,10991400.0,31.92790985107422
2007-09-20,38.0,37.599998474121094,37.95000076293945,37.810001373291016,9320600.0,31.659969329833984
2007-09-21,38.25,37.689998626708984,38.02000045776367,37.83000183105469,15855700.0,31.676727294921875
2007-09-24,38.5,37.720001220703125,37.91999816894531,38.130001068115234,9226800.0,31.92790985107422
2007-09-25,39.349998474121094,37.959999084472656,38.06999969482422,38.880001068115234,11165300.0,32.555931091308594
2007-09-26,39.79999923706055,38.91999816894531,39.400001525878906,39.189998626708984,13132400.0,32.81550216674805
2007-09-27,39.619998931884766,38.63999938964844,39.4900016784668,39.599998474121094,7140400.0,33.1588134765625
2007-09-28,39.849998474121094,39.310001373291016,39.459999084472656,39.630001068115234,8724600.0,33.183937072753906
2007-10-01,38.2599983215332,36.43000030517578,37.5099983215332,37.150001525878906,54975300.0,31.107330322265625
2007-10-02,38.599998474121094,37.25,37.650001525878906,38.459999084472656,20373400.0,32.20424270629883
2007-10-03,38.970001220703125,38.11000061035156,38.599998474121094,38.290000915527344,11963100.0,32.0619010925293
2007-10-04,39.9900016784668,38.38999938964844,38.83000183105469,38.65999984741211,6463200.0,32.37171173095703
2007-10-05,39.34000015258789,38.689998626708984,39.0099983215332,38.939998626708984,7777400.0,32.60617446899414
2007-10-08,39.349998474121094,38.88999938964844,38.95000076293945,39.16999816894531,4899800.0,32.79876708984375
2007-10-09,39.43000030517578,38.650001525878906,39.209999084472656,39.06999969482422,7476900.0,32.715023040771484
2007-10-10,39.29999923706055,38.68000030517578,39.11000061035156,38.849998474121094,5817800.0,32.53080749511719
2007-10-11,39.9900016784668,38.88999938964844,39.0,39.619998931884766,8979100.0,33.175567626953125
2007-10-12,39.91999816894531,39.38999938964844,39.5,39.900001525878906,11011100.0,33.4100227355957
2007-10-15,40.099998474121094,39.63999938964844,39.95000076293945,39.95000076293945,8110700.0,33.45188522338867
2007-10-16,40.060001373291016,39.63999938964844,39.959999084472656,39.77000045776367,7567300.0,33.30116271972656
2007-10-17,40.2400016784668,39.41999816894531,40.040000915527344,39.72999954223633,10671700.0,33.26766586303711
2007-10-18,40.310001373291016,39.209999084472656,39.709999084472656,40.13999938964844,10050200.0,33.66182327270508
2007-10-19,40.13999938964844,39.130001068115234,39.97999954223633,39.13999938964844,8818500.0,32.82319259643555
2007-10-22,39.790000915527344,38.68000030517578,38.90999984741211,39.720001220703125,7298900.0,33.30961608886719
2007-10-23,40.150001525878906,39.38999938964844,39.84000015258789,40.11000061035156,6166800.0,33.636653900146484
2007-10-24,40.31999969482422,39.349998474121094,39.9900016784668,40.31999969482422,11642000.0,33.81277084350586
2007-10-25,41.11000061035156,40.04999923706055,40.279998779296875,40.97999954223633,11218400.0,34.36625671386719
2007-10-26,42.0,40.93000030517578,41.22999954223633,41.41999816894531,10505400.0,34.7352409362793
2007-10-29,41.97999954223633,41.31999969482422,41.70000076293945,41.83000183105469,7538600.0,35.07907485961914
2007-10-30,41.81999969482422,40.810001373291016,41.58000183105469,41.209999084472656,9270500.0,34.55913543701172
2007-10-31,42.08000183105469,40.779998779296875,41.75,41.65999984741211,13267600.0,34.936500549316406
2007-11-01,41.75,40.400001525878906,40.81999969482422,41.029998779296875,19346900.0,34.40818405151367
2007-11-02,41.810001373291016,40.900001525878906,41.130001068115234,41.75,13281500.0,35.011993408203125
2007-11-05,41.790000915527344,41.0,41.75,41.349998474121094,6788800.0,34.676536560058594
2007-11-06,41.849998474121094,40.599998474121094,41.380001068115234,41.81999969482422,9136400.0,35.0706787109375
2007-11-07,42.439998626708984,41.349998474121094,41.349998474121094,41.63999938964844,13553200.0,34.91972351074219
2007-11-08,42.2599983215332,41.25,41.68000030517578,42.15999984741211,14345500.0,35.355804443359375
2007-11-09,42.380001068115234,41.470001220703125,42.380001068115234,41.560001373291016,12018800.0,34.852622985839844
2007-11-12,41.95000076293945,41.310001373291016,41.400001525878906,41.43000030517578,12672500.0,34.74361801147461
2007-11-13,42.470001220703125,41.560001373291016,41.689998626708984,42.25,19054400.0,35.431270599365234
2007-11-14,42.599998474121094,41.70000076293945,42.41999816894531,41.79999923706055,13895500.0,35.05390930175781
2007-11-15,42.45000076293945,41.720001220703125,41.720001220703125,42.02000045776367,13537500.0,35.23841094970703
2007-11-16,42.38999938964844,41.900001525878906,42.38999938964844,42.209999084472656,16162200.0,35.39774703979492
2007-11-19,42.290000915527344,41.79999923706055,42.029998779296875,41.880001068115234,12306900.0,35.120994567871094
2007-11-20,42.099998474121094,40.97999954223633,42.029998779296875,41.5,15314000.0,34.80232238769531
2007-11-21,41.5,40.720001220703125,41.08000183105469,40.81999969482422,13172200.0,34.23208236694336
2007-11-23,41.959999084472656,41.0099983215332,41.0099983215332,41.939998626708984,8268600.0,35.17131423950195
2007-11-26,42.029998779296875,40.91999816894531,42.029998779296875,41.040000915527344,8908900.0,34.416568756103516
2007-11-27,41.349998474121094,40.439998626708984,41.31999969482422,41.15999984741211,11653700.0,34.5172119140625
2007-11-28,41.599998474121094,40.77000045776367,41.38999938964844,41.5,22323700.0,34.80232238769531
2007-11-29,41.33000183105469,39.66999816894531,41.29999923706055,40.060001373291016,25051100.0,33.59474182128906
2007-11-30,40.97999954223633,39.90999984741211,40.619998931884766,40.09000015258789,13207800.0,33.6198844909668
2007-12-03,40.400001525878906,39.720001220703125,40.15999984741211,39.90999984741211,8964900.0,33.468936920166016
2007-12-04,39.86000061035156,38.9900016784668,39.70000076293945,39.060001373291016,16004400.0,32.756126403808594
2007-12-05,39.36000061035156,38.79999923706055,39.34000015258789,39.16999816894531,13097900.0,32.84836196899414
2007-12-06,40.029998779296875,39.15999984741211,39.15999984741211,39.849998474121094,12519500.0,33.41861343383789
2007-12-07,40.38999938964844,39.93000030517578,40.0,40.040000915527344,10360700.0,33.57796859741211
2007-12-10,40.56999969482422,39.93000030517578,40.22999954223633,40.0099983215332,10923200.0,33.552791595458984
2007-12-11,40.58000183105469,39.79999923706055,40.38999938964844,39.869998931884766,10415400.0,33.435394287109375
2007-12-12,40.5,39.5,40.25,39.779998779296875,14614100.0,33.35992431640625
2007-12-13,39.88999938964844,39.22999954223633,39.65999984741211,39.65999984741211,8879700.0,33.2592887878418
2007-12-14,39.61000061035156,39.189998626708984,39.470001220703125,39.20000076293945,9512700.0,32.87351608276367
2007-12-17,39.5099983215332,38.9900016784668,39.20000076293945,39.130001068115234,13622400.0,32.81482696533203
2007-12-18,39.36000061035156,38.790000915527344,39.150001525878906,39.13999938964844,8754700.0,32.82319259643555
2007-12-19,39.599998474121094,39.060001373291016,39.20000076293945,39.4900016784668,9122400.0,33.11672592163086
2007-12-20,39.45000076293945,38.38999938964844,39.439998626708984,38.84000015258789,20578200.0,32.571632385253906
2007-12-21,39.9900016784668,39.06999969482422,39.220001220703125,39.650001525878906,19870900.0,33.25090026855469
2007-12-24,39.97999954223633,39.459999084472656,39.459999084472656,39.93000030517578,4398600.0,33.485713958740234
2007-12-26,39.88999938964844,39.2599983215332,39.849998474121094,39.79999923706055,5276700.0,33.3766975402832
2007-12-27,39.880001068115234,39.40999984741211,39.77000045776367,39.65999984741211,5808300.0,33.2592887878418
2007-12-28,40.33000183105469,39.63999938964844,39.65999984741211,40.0,7186700.0,33.544403076171875
2007-12-31,40.029998779296875,39.61000061035156,39.810001373291016,39.75,6530700.0,33.33475875854492
2008-01-02,39.959999084472656,39.2400016784668,39.709999084472656,39.349998474121094,16954800.0,32.99931716918945
2008-01-03,37.790000915527344,36.369998931884766,37.68000030517578,36.77000045776367,74308800.0,30.835702896118164
2008-01-04,37.70000076293945,36.20000076293945,36.7599983215332,37.27000045776367,24253100.0,31.255002975463867
2008-01-07,38.5,36.84000015258789,37.45000076293945,38.20000076293945,21489600.0,32.0349235534668
2008-01-08,39.04999923706055,37.43000030517578,38.45000076293945,37.529998779296875,21197600.0,31.473041534423828
2008-01-09,37.970001220703125,36.380001068115234,37.66999816894531,37.189998626708984,20812200.0,31.18791961669922
2008-01-10,37.95000076293945,36.95000076293945,37.540000915527344,37.630001068115234,13815700.0,31.556900024414062
2008-01-11,37.70000076293945,36.65999984741211,37.36000061035156,36.77000045776367,15373900.0,30.835702896118164
2008-01-14,37.220001220703125,36.13999938964844,36.869998931884766,36.33000183105469,17288600.0,30.466720581054688
2008-01-15,36.189998626708984,35.54999923706055,36.15999984741211,36.02000045776367,21121800.0,30.206745147705078
2008-01-16,37.349998474121094,35.779998779296875,35.790000915527344,37.099998474121094,15812400.0,31.11244010925293
2008-01-17,37.88999938964844,36.970001220703125,37.130001068115234,36.970001220703125,13588900.0,31.053651809692383
2008-01-18,37.900001525878906,36.689998626708984,37.220001220703125,36.91999816894531,14270300.0,31.011648178100586
2008-01-22,37.65999984741211,35.459999084472656,35.459999084472656,37.279998779296875,17581800.0,31.31403923034668
2008-01-23,37.7400016784668,36.25,36.25,37.09000015258789,19413400.0,31.154438018798828
2008-01-24,36.650001525878906,35.7400016784668,35.900001525878906,36.189998626708984,23671600.0,30.398473739624023
2008-01-25,36.79999923706055,35.27000045776367,36.459999084472656,35.560001373291016,15649600.0,29.86928939819336
2008-01-28,35.75,34.90999984741211,35.5,35.4900016784668,17317600.0,29.81049346923828
2008-01-29,36.58000183105469,35.20000076293945,35.720001220703125,36.310001373291016,17084800.0,30.49925994873047
2008-01-30,37.040000915527344,36.0099983215332,36.380001068115234,36.02000045776367,13229300.0,30.255674362182617
2008-01-31,39.209999084472656,37.4900016784668,37.70000076293945,38.90999984741211,33397300.0,32.68317794799805
2008-02-01,40.029998779296875,38.70000076293945,39.0,39.900001525878906,18630200.0,33.514747619628906
2008-02-04,40.040000915527344,39.25,39.90999984741211,39.25,10238100.0,32.968772888183594
2008-02-05,39.099998474121094,37.880001068115234,38.63999938964844,38.0,14265000.0,31.918811798095703
2008-02-06,39.220001220703125,38.150001525878906,38.20000076293945,38.349998474121094,12661600.0,32.21279525756836
2008-02-07,39.5099983215332,38.0099983215332,38.209999084472656,39.15999984741211,10939200.0,32.893165588378906
2008-02-08,39.7599983215332,38.79999923706055,39.029998779296875,39.560001373291016,15902300.0,33.22917556762695
2008-02-11,40.27000045776367,39.2599983215332,39.630001068115234,40.16999816894531,12904900.0,33.74154281616211
2008-02-12,40.81999969482422,40.099998474121094,40.34000015258789,40.36000061035156,10387100.0,33.90114974975586
2008-02-13,40.880001068115234,40.0099983215332,40.0099983215332,40.720001220703125,9340500.0,34.203529357910156
2008-02-14,40.88999938964844,39.56999969482422,40.650001525878906,39.81999969482422,14046100.0,33.44755554199219
2008-02-15,39.849998474121094,39.16999816894531,39.599998474121094,39.720001220703125,10889000.0,33.36356735229492
2008-02-19,40.36000061035156,39.63999938964844,40.099998474121094,40.06999969482422,11030300.0,33.657535552978516
2008-02-20,40.88999938964844,39.709999084472656,39.709999084472656,40.5099983215332,11387300.0,34.027130126953125
2008-02-21,40.869998931884766,40.09000015258789,40.56999969482422,40.2400016784668,11026500.0,33.80036163330078
2008-02-22,40.66999816894531,39.75,40.33000183105469,40.15999984741211,14247300.0,33.733150482177734
2008-02-25,40.349998474121094,39.58000183105469,40.290000915527344,40.2599983215332,9418200.0,33.817142486572266
2008-02-26,40.5,39.88999938964844,40.130001068115234,40.09000015258789,9259200.0,33.67435073852539
2008-02-27,40.900001525878906,39.81999969482422,39.93000030517578,40.47999954223633,11798800.0,34.00193405151367
2008-02-28,41.029998779296875,40.04999923706055,40.349998474121094,40.93000030517578,10632400.0,34.37992477416992
2008-02-29,41.150001525878906,40.220001220703125,40.40999984741211,40.380001068115234,11709200.0,33.91793441772461
2008-03-03,40.31999969482422,39.70000076293945,40.2599983215332,40.09000015258789,7825600.0,33.67435073852539
2008-03-04,41.13999938964844,39.779998779296875,39.779998779296875,40.91999816894531,11367200.0,34.37152099609375
2008-03-05,41.060001373291016,40.029998779296875,40.9900016784668,40.279998779296875,8849000.0,33.833946228027344
2008-03-06,40.349998474121094,39.16999816894531,40.15999984741211,39.20000076293945,8627900.0,32.926780700683594
2008-03-07,39.47999954223633,38.560001373291016,38.970001220703125,38.90999984741211,6860100.0,32.68317794799805
2008-03-10,39.619998931884766,38.400001525878906,38.959999084472656,38.65999984741211,7403900.0,32.47318649291992
2008-03-11,39.83000183105469,38.95000076293945,39.45000076293945,39.7400016784668,11446200.0,33.38035583496094
2008-03-12,40.099998474121094,39.2599983215332,39.75,39.369998931884766,8877300.0,33.06957244873047
2008-03-13,40.099998474121094,38.88999938964844,38.90999984741211,39.939998626708984,13049600.0,33.5483512878418
2008-03-14,40.150001525878906,38.099998474121094,40.150001525878906,38.61000061035156,12399500.0,32.43119430541992
2008-03-17,39.439998626708984,37.400001525878906,37.619998931884766,37.52000045776367,13899000.0,31.5156307220459
2008-03-18,39.279998779296875,37.65999984741211,37.65999984741211,39.25,10947700.0,32.968772888183594
2008-03-19,40.0,39.13999938964844,39.36000061035156,39.13999938964844,10044200.0,32.87637710571289
2008-03-20,40.189998626708984,38.619998931884766,39.189998626708984,39.849998474121094,15970100.0,33.472747802734375
2008-03-24,41.09000015258789,39.86000061035156,39.95000076293945,40.91999816894531,12286000.0,34.37152099609375
2008-03-25,41.529998779296875,40.400001525878906,40.959999084472656,41.150001525878906,10717400.0,34.564720153808594
2008-03-26,41.400001525878906,40.2599983215332,41.02000045776367,41.25,8104400.0,34.648719787597656
2008-03-27,41.47999954223633,40.84000015258789,41.31999969482422,40.88999938964844,10231300.0,34.34632110595703
2008-03-28,41.470001220703125,40.77000045776367,41.099998474121094,40.849998474121094,5521900.0,34.312721252441406
2008-03-31,41.349998474121094,40.45000076293945,40.81999969482422,40.5099983215332,9150100.0,34.027130126953125
2008-04-01,41.38999938964844,40.439998626708984,40.79999923706055,41.16999816894531,10440000.0,34.58151626586914
2008-04-02,41.18000030517578,39.83000183105469,41.130001068115234,39.97999954223633,8815700.0,33.58195495605469
2008-04-03,40.5099983215332,39.72999954223633,39.7599983215332,39.86000061035156,7565900.0,33.48115539550781
2008-04-04,40.470001220703125,39.619998931884766,39.9900016784668,40.29999923706055,5812900.0,33.85074234008789
2008-04-07,41.4900016784668,40.5099983215332,40.5099983215332,40.9900016784668,9424100.0,34.430320739746094
2008-04-08,41.08000183105469,40.599998474121094,40.779998779296875,40.880001068115234,6716200.0,34.337928771972656
2008-04-09,40.880001068115234,40.34000015258789,40.66999816894531,40.59000015258789,7641800.0,34.09433364868164
2008-04-10,41.33000183105469,40.279998779296875,40.5099983215332,41.06999969482422,8815300.0,34.49750900268555
2008-04-11,41.029998779296875,40.09000015258789,40.65999984741211,40.150001525878906,7098800.0,33.724754333496094
2008-04-14,40.400001525878906,39.54999923706055,40.060001373291016,39.81999969482422,5889700.0,33.44755554199219
2008-04-15,40.09000015258789,39.380001068115234,40.0,39.790000915527344,6968100.0,33.4223518371582
2008-04-16,40.220001220703125,39.68000030517578,40.09000015258789,40.150001525878906,7787700.0,33.724754333496094
2008-04-17,40.52000045776367,39.90999984741211,39.95000076293945,40.41999816894531,5560800.0,34.00236129760742
2008-04-18,41.02000045776367,40.349998474121094,40.779998779296875,40.58000183105469,7440500.0,34.1369514465332
2008-04-21,40.56999969482422,39.72999954223633,40.4900016784668,40.119998931884766,6280900.0,33.7499885559082
2008-04-22,40.400001525878906,39.470001220703125,40.0,39.880001068115234,6173900.0,33.548091888427734
2008-04-23,40.83000183105469,39.75,40.0099983215332,40.63999938964844,7647500.0,34.18741989135742
2008-04-24,41.04999923706055,40.29999923706055,40.77000045776367,40.75,6501000.0,34.279964447021484
2008-04-25,41.13999938964844,40.349998474121094,40.900001525878906,40.93000030517578,7790400.0,34.431373596191406
2008-04-28,41.369998931884766,40.630001068115234,40.630001068115234,41.029998779296875,7971500.0,34.515506744384766
2008-04-29,41.5,40.93000030517578,41.0,41.27000045776367,6362700.0,34.717411041259766
2008-04-30,41.70000076293945,40.31999969482422,41.599998474121094,40.369998931884766,10404300.0,33.96027755737305
2008-05-01,40.900001525878906,39.02000045776367,40.099998474121094,40.790000915527344,17689000.0,34.31360626220703
2008-05-02,41.849998474121094,40.22999954223633,41.099998474121094,40.43000030517578,13584300.0,34.010765075683594
2008-05-05,42.150001525878906,40.2599983215332,40.970001220703125,41.810001373291016,11386900.0,35.17165756225586
2008-05-06,41.7400016784668,40.880001068115234,41.02000045776367,41.5099983215332,8973800.0,34.91929244995117
2008-05-07,41.86000061035156,41.20000076293945,41.61000061035156,41.529998779296875,7470600.0,34.936119079589844
2008-05-08,41.869998931884766,40.2599983215332,41.61000061035156,41.52000045776367,6993800.0,34.92770004272461
2008-05-09,41.47999954223633,40.77000045776367,41.290000915527344,41.34000015258789,4539300.0,34.776268005371094
2008-05-12,41.65999984741211,41.02000045776367,41.36000061035156,41.189998626708984,6997000.0,34.65010070800781
2008-05-13,41.41999816894531,40.790000915527344,41.380001068115234,41.130001068115234,7966700.0,34.59961700439453
2008-05-14,42.52000045776367,41.099998474121094,41.38999938964844,42.189998626708984,9979400.0,35.49131393432617
2008-05-15,43.45000076293945,41.869998931884766,42.130001068115234,43.189998626708984,13058800.0,36.33255386352539
2008-05-16,43.529998779296875,42.66999816894531,43.220001220703125,43.41999816894531,9539600.0,36.526031494140625
2008-05-19,43.75,42.86000061035156,43.349998474121094,43.0099983215332,7432200.0,36.18112564086914
2008-05-20,43.130001068115234,42.29999923706055,42.88999938964844,42.689998626708984,5923000.0,35.91193771362305
2008-05-21,43.13999938964844,41.7400016784668,42.849998474121094,41.970001220703125,12788800.0,35.306251525878906
2008-05-22,43.0099983215332,42.0,42.0,42.59000015258789,8990200.0,35.82780838012695
2008-05-23,42.79999923706055,42.119998931884766,42.470001220703125,42.150001525878906,8363700.0,35.457672119140625
2008-05-27,42.599998474121094,41.630001068115234,42.25,42.0099983215332,7126600.0,35.33989715576172
2008-05-28,42.66999816894531,42.04999923706055,42.209999084472656,42.45000076293945,5839500.0,35.710044860839844
2008-05-29,43.349998474121094,42.29999923706055,42.29999923706055,42.95000076293945,6036300.0,36.13065719604492
2008-05-30,43.119998931884766,42.47999954223633,43.119998931884766,42.790000915527344,6488700.0,35.996055603027344
2008-06-02,43.040000915527344,42.33000183105469,42.650001525878906,42.68000030517578,7732400.0,35.90351867675781
2008-06-03,43.52000045776367,42.709999084472656,42.900001525878906,43.290000915527344,11238300.0,36.41667556762695
2008-06-04,43.70000076293945,42.900001525878906,43.20000076293945,43.439998626708984,8343900.0,36.542850494384766
2008-06-05,44.290000915527344,43.4900016784668,43.84000015258789,44.119998931884766,10016900.0,37.114891052246094
2008-06-06,44.0,42.560001373291016,44.0,42.63999938964844,8838000.0,35.869873046875
2008-06-09,42.90999984741211,42.150001525878906,42.779998779296875,42.4900016784668,5425500.0,35.74369430541992
2008-06-10,42.540000915527344,42.04999923706055,42.15999984741211,42.29999923706055,6791100.0,35.58385467529297
2008-06-11,42.29999923706055,41.209999084472656,42.13999938964844,41.36000061035156,9161300.0,34.79310607910156
2008-06-12,42.189998626708984,41.47999954223633,41.47999954223633,41.880001068115234,6275800.0,35.23054504394531
2008-06-13,42.709999084472656,41.709999084472656,41.72999954223633,42.619998931884766,6195600.0,35.85305404663086
2008-06-16,42.779998779296875,41.65999984741211,42.41999816894531,42.56999969482422,7343000.0,35.81098175048828
2008-06-17,42.75,41.65999984741211,42.61000061035156,41.900001525878906,6411000.0,35.24734878540039
2008-06-18,41.869998931884766,40.7400016784668,41.720001220703125,41.22999954223633,9047200.0,34.683738708496094
2008-06-19,41.689998626708984,40.7400016784668,41.290000915527344,41.5,8183600.0,34.91086959838867
2008-06-20,41.709999084472656,40.75,41.11000061035156,41.36000061035156,9039300.0,34.79310607910156
2008-06-23,41.58000183105469,39.93000030517578,41.459999084472656,40.209999084472656,10634600.0,33.82569122314453
2008-06-24,40.95000076293945,39.560001373291016,40.09000015258789,40.459999084472656,9027600.0,34.03601837158203
2008-06-25,41.779998779296875,40.380001068115234,40.459999084472656,41.029998779296875,8207800.0,34.515506744384766
2008-06-26,40.7400016784668,39.40999984741211,40.47999954223633,39.47999954223633,8260100.0,33.21159744262695
2008-06-27,40.15999984741211,39.25,39.5,39.77000045776367,10613700.0,33.45555114746094
2008-06-30,40.13999938964844,39.43000030517578,39.4900016784668,39.56999969482422,11129300.0,33.28731155395508
2008-07-01,39.36000061035156,38.36000061035156,39.20000076293945,39.20000076293945,10239600.0,32.9760627746582
2008-07-02,39.27000045776367,38.470001220703125,39.27000045776367,38.70000076293945,11258400.0,32.555450439453125
2008-07-03,39.09000015258789,38.33000183105469,38.95000076293945,38.4900016784668,7043600.0,32.378780364990234
2008-07-07,39.29999923706055,38.400001525878906,38.58000183105469,38.779998779296875,10766900.0,32.62274932861328
2008-07-08,39.47999954223633,38.220001220703125,38.65999984741211,38.790000915527344,14476500.0,32.631160736083984
2008-07-09,39.15999984741211,38.529998779296875,38.79999923706055,38.56999969482422,13855200.0,32.44608688354492
2008-07-10,38.779998779296875,38.16999816894531,38.59000015258789,38.5,10041600.0,32.38719940185547
2008-07-11,39.18000030517578,38.02000045776367,38.150001525878906,38.63999938964844,10070400.0,32.50497055053711
2008-07-14,39.209999084472656,38.04999923706055,39.029998779296875,38.36000061035156,6684900.0,32.26943588256836
2008-07-15,38.58000183105469,36.5,38.060001373291016,38.220001220703125,12742800.0,32.151668548583984
2008-07-16,38.77000045776367,37.459999084472656,38.220001220703125,38.72999954223633,12487600.0,32.58066940307617
2008-07-17,39.119998931884766,37.70000076293945,38.880001068115234,38.599998474121094,9886400.0,32.52928161621094
2008-07-18,38.86000061035156,36.970001220703125,38.560001373291016,37.36000061035156,13654000.0,31.48429298400879
2008-07-21,37.939998626708984,36.970001220703125,37.43000030517578,37.66999816894531,7398800.0,31.745527267456055
2008-07-22,38.810001373291016,37.310001373291016,37.33000183105469,38.75,9310000.0,32.65568161010742
2008-07-23,39.689998626708984,38.33000183105469,38.81999969482422,39.0,9753400.0,32.866363525390625
2008-07-24,39.099998474121094,37.9900016784668,39.09000015258789,38.08000183105469,8912200.0,32.09107208251953
2008-07-25,38.68000030517578,37.93000030517578,38.130001068115234,38.34000015258789,8260500.0,32.310176849365234
2008-07-28,38.810001373291016,37.150001525878906,38.47999954223633,37.15999984741211,11381900.0,31.315736770629883
2008-07-29,38.540000915527344,37.08000183105469,37.09000015258789,38.290000915527344,10427900.0,32.26802062988281
2008-07-30,39.099998474121094,37.970001220703125,38.65999984741211,38.56999969482422,11304400.0,32.503990173339844
2008-07-31,38.13999938964844,36.45000076293945,37.779998779296875,36.5,24123400.0,30.759546279907227
2008-08-01,37.25,35.38999938964844,37.16999816894531,35.75,21139900.0,30.127498626708984
2008-08-04,36.59000015258789,35.75,35.790000915527344,36.209999084472656,14912700.0,30.515167236328125
2008-08-05,37.77000045776367,36.220001220703125,36.5099983215332,37.540000915527344,14967200.0,31.6359806060791
2008-08-06,37.75,37.150001525878906,37.5,37.5,10725400.0,31.60226821899414
2008-08-07,37.79999923706055,36.79999923706055,37.29999923706055,37.279998779296875,9739500.0,31.416873931884766
2008-08-08,38.83000183105469,37.0,37.099998474121094,38.619998931884766,12094800.0,32.5461311340332
2008-08-11,39.34000015258789,38.31999969482422,38.63999938964844,38.540000915527344,10190900.0,32.47871780395508
2008-08-12,38.689998626708984,38.029998779296875,38.5,38.04999923706055,9499900.0,32.06576919555664
2008-08-13,38.31999969482422,36.9900016784668,37.0099983215332,38.029998779296875,17961000.0,32.048919677734375
2008-08-14,38.81999969482422,37.400001525878906,38.209999084472656,38.09000015258789,9850500.0,32.09949493408203
2008-08-15,38.790000915527344,38.11000061035156,38.2400016784668,38.59000015258789,8955300.0,32.52084732055664
2008-08-18,38.7599983215332,37.93000030517578,38.61000061035156,38.279998779296875,7421900.0,32.25960159301758
2008-08-19,38.29999923706055,37.400001525878906,38.18000030517578,37.63999938964844,5079000.0,31.72025489807129
2008-08-20,37.79999923706055,37.0,37.79999923706055,37.31999969482422,7256100.0,31.45057487487793
2008-08-21,37.52000045776367,36.599998474121094,37.18000030517578,37.36000061035156,7513100.0,31.48429298400879
2008-08-22,37.7400016784668,37.349998474121094,37.59000015258789,37.630001068115234,8669100.0,31.711816787719727
2008-08-25,37.66999816894531,36.5099983215332,37.439998626708984,36.63999938964844,8406200.0,30.87752342224121
2008-08-26,37.22999954223633,36.34000015258789,36.70000076293945,36.93000030517578,6302700.0,31.121906280517578
2008-08-27,37.20000076293945,36.54999923706055,36.88999938964844,37.08000183105469,5663200.0,31.248319625854492
2008-08-28,37.2400016784668,36.900001525878906,37.22999954223633,37.0,9014400.0,31.180912017822266
2008-08-29,37.0,36.599998474121094,36.970001220703125,36.599998474121094,8219700.0,30.843822479248047
2008-09-02,37.54999923706055,36.7400016784668,37.06999969482422,37.27000045776367,11414400.0,31.4084529876709
2008-09-03,37.599998474121094,36.65999984741211,37.25,37.45000076293945,10772800.0,31.560131072998047
2008-09-04,37.54999923706055,36.45000076293945,37.310001373291016,36.4900016784668,8171500.0,30.751117706298828
2008-09-05,36.41999816894531,35.43000030517578,36.34000015258789,35.86000061035156,13786700.0,30.22020721435547
2008-09-08,37.5099983215332,36.11000061035156,36.720001220703125,37.47999954223633,11262700.0,31.585426330566406
2008-09-09,38.119998931884766,36.400001525878906,37.439998626708984,36.43000030517578,12684600.0,30.700565338134766
2008-09-10,37.220001220703125,36.279998779296875,36.59000015258789,36.849998474121094,9093200.0,31.054506301879883
2008-09-11,37.68000030517578,36.34000015258789,36.689998626708984,37.65999984741211,8921100.0,31.737112045288086
2008-09-12,38.04999923706055,36.9900016784668,37.279998779296875,37.63999938964844,7731400.0,31.72025489807129
2008-09-15,37.209999084472656,36.45000076293945,36.59000015258789,36.52000045776367,10098700.0,30.77640724182129
2008-09-16,36.29999923706055,35.43000030517578,36.0,36.130001068115234,11499700.0,30.447742462158203
2008-09-17,36.099998474121094,34.70000076293945,35.95000076293945,35.0099983215332,13584800.0,29.503877639770508
2008-09-18,36.36000061035156,34.439998626708984,35.560001373291016,36.11000061035156,18851700.0,30.430879592895508
2008-09-19,38.7400016784668,35.7599983215332,37.0,36.11000061035156,17197800.0,30.430879592895508
2008-09-22,36.119998931884766,34.900001525878906,36.119998931884766,35.02000045776367,8765200.0,29.512311935424805
2008-09-23,35.5,33.540000915527344,35.029998779296875,33.65999984741211,13742200.0,28.366201400756836
2008-09-24,34.040000915527344,31.809999465942383,33.81999969482422,33.099998474121094,20276000.0,27.894269943237305
2008-09-25,34.630001068115234,33.279998779296875,33.31999969482422,34.400001525878906,10522900.0,28.989824295043945
2008-09-26,35.5099983215332,33.40999984741211,33.40999984741211,34.97999954223633,7820700.0,29.478599548339844
2008-09-29,34.900001525878906,31.020000457763672,34.630001068115234,32.66999816894531,15814800.0,27.531896591186523
2008-09-30,34.099998474121094,32.18000030517578,33.040000915527344,33.65999984741211,13292100.0,28.366201400756836
2008-10-01,34.02000045776367,32.900001525878906,33.290000915527344,33.77000045776367,7261000.0,28.458900451660156
2008-10-02,34.4900016784668,32.150001525878906,33.58000183105469,32.66999816894531,10338100.0,27.531896591186523
2008-10-03,34.290000915527344,31.799999237060547,33.130001068115234,31.93000030517578,11140200.0,26.908283233642578
2008-10-06,31.93000030517578,28.0,31.170000076293945,30.510000228881836,13749300.0,25.71160888671875
2008-10-07,31.8700008392334,28.5,31.860000610351562,29.1299991607666,11430400.0,24.548646926879883
2008-10-08,30.579999923706055,28.0,28.510000228881836,29.84000015258789,12246300.0,25.14698028564453
2008-10-09,31.899999618530273,29.3700008392334,31.899999618530273,30.3799991607666,15794200.0,25.602046966552734
2008-10-10,32.04999923706055,26.110000610351562,28.850000381469727,30.8799991607666,27620400.0,26.02342414855957
2008-10-13,32.04999923706055,29.18000030517578,31.799999237060547,31.700000762939453,19772000.0,26.71445655822754
2008-10-14,33.369998931884766,29.0,32.86000061035156,29.610000610351562,18778800.0,24.953155517578125
2008-10-15,29.790000915527344,26.25,29.649999618530273,26.700000762939453,14958800.0,22.50082015991211
2008-10-16,28.389999389648438,25.489999771118164,26.40999984741211,28.1200008392334,16313600.0,23.697492599487305
2008-10-17,28.450000762939453,26.18000030517578,27.18000030517578,26.90999984741211,14255400.0,22.73357582092285
2008-10-20,29.059999465942383,27.1200008392334,27.729999542236328,28.850000381469727,10644500.0,24.37248420715332
2008-10-21,30.889999389648438,28.360000610351562,28.389999389648438,29.760000228881836,13808800.0,25.141258239746094
2008-10-22,29.479999542236328,28.020000457763672,29.170000076293945,28.850000381469727,12598500.0,24.37248420715332
2008-10-23,30.149999618530273,27.25,29.040000915527344,28.8700008392334,14277500.0,24.389387130737305
2008-10-24,28.600000381469727,26.75,27.100000381469727,27.770000457763672,12076400.0,23.460107803344727
2008-10-27,27.84000015258789,24.25,27.459999084472656,24.420000076293945,19777100.0,20.630023956298828
2008-10-28,27.940000534057617,24.350000381469727,24.959999084472656,27.81999969482422,21089800.0,23.502342224121094
2008-10-29,27.8700008392334,25.969999313354492,27.8700008392334,26.309999465942383,19077500.0,22.226688385009766
2008-10-30,29.649999618530273,27.34000015258789,27.34000015258789,29.31999969482422,19595300.0,24.769542694091797
2008-10-31,31.780000686645508,29.239999771118164,29.239999771118164,30.649999618530273,17158100.0,25.89312171936035
2008-11-03,31.3700008392334,30.059999465942383,30.639999389648438,30.829999923706055,7797500.0,26.045194625854492
2008-11-04,32.5,31.059999465942383,31.459999084472656,31.770000457763672,11239800.0,26.839305877685547
2008-11-05,32.529998779296875,30.459999084472656,31.469999313354492,30.690000534057617,11403600.0,25.926921844482422
2008-11-06,31.079999923706055,29.559999465942383,30.3700008392334,29.850000381469727,11071600.0,25.217283248901367
2008-11-07,30.489999771118164,29.600000381469727,29.979999542236328,30.299999237060547,8000000.0,25.597444534301758
2008-11-10,31.170000076293945,29.020000457763672,30.729999542236328,29.690000534057617,8826200.0,25.082122802734375
2008-11-11,30.1200008392334,28.209999084472656,29.459999084472656,28.8700008392334,9700200.0,24.389387130737305
2008-11-12,29.040000915527344,28.1200008392334,28.459999084472656,28.31999969482422,9144300.0,23.924739837646484
2008-11-13,31.0,27.729999542236328,28.030000686645508,30.729999542236328,14460600.0,25.960704803466797
2008-11-14,31.0,28.780000686645508,30.149999618530273,29.309999465942383,11938200.0,24.761089324951172
2008-11-17,29.020000457763672,27.809999465942383,28.920000076293945,28.260000228881836,12553300.0,23.87405014038086
2008-11-18,28.969999313354492,27.760000228881836,28.270000457763672,28.81999969482422,11188900.0,24.347143173217773
2008-11-19,29.84000015258789,27.709999084472656,28.719999313354492,27.84000015258789,10735800.0,23.519237518310547
2008-11-20,29.1299991607666,26.40999984741211,27.5,26.799999237060547,16245500.0,22.64064598083496
2008-11-21,27.489999771118164,23.190000534057617,27.489999771118164,26.389999389648438,26030300.0,22.29427719116211
2008-11-24,28.969999313354492,26.229999542236328,26.729999542236328,28.3799991607666,13256500.0,23.975435256958008
2008-11-25,29.690000534057617,27.149999618530273,28.75,27.809999465942383,13326400.0,23.493894577026367
2008-11-26,28.09000015258789,26.5,27.25,27.90999984741211,13109300.0,23.578372955322266
2008-11-28,29.0,27.84000015258789,27.850000381469727,28.93000030517578,5513500.0,24.44007110595703
2008-12-01,28.8799991607666,26.969999313354492,28.229999542236328,27.06999969482422,9903600.0,22.868743896484375
2008-12-02,27.579999923706055,26.459999084472656,27.3799991607666,27.079999923706055,10318200.0,22.8771915435791
2008-12-03,27.270000457763672,25.6299991607666,26.329999923706055,26.329999923706055,15187600.0,22.24358558654785
2008-12-04,28.139999389648438,25.68000030517578,26.040000915527344,26.979999542236328,11437300.0,22.792713165283203
2008-12-05,28.079999923706055,25.93000030517578,26.6299991607666,27.8799991607666,10778200.0,23.553028106689453
2008-12-08,28.959999084472656,27.15999984741211,28.479999542236328,28.459999084472656,12380300.0,24.043014526367188
2008-12-09,29.479999542236328,28.049999237060547,28.200000762939453,28.270000457763672,11494900.0,23.882503509521484
2008-12-10,29.270000457763672,27.950000762939453,28.43000030517578,29.09000015258789,10159600.0,24.575241088867188
2008-12-11,29.649999618530273,28.700000762939453,29.040000915527344,28.799999237060547,10060300.0,24.330244064331055
2008-12-12,28.700000762939453,27.809999465942383,27.969999313354492,28.450000762939453,7071400.0,24.034570693969727
2008-12-15,29.0,27.68000030517578,28.540000915527344,27.979999542236328,7686000.0,23.63750457763672
2008-12-16,28.290000915527344,26.75,28.190000534057617,27.739999771118164,15601100.0,23.434757232666016
2008-12-17,27.420000076293945,26.100000381469727,27.149999618530273,26.510000228881836,16017700.0,22.395658493041992
2008-12-18,27.559999465942383,26.309999465942383,26.760000228881836,27.270000457763672,12019000.0,23.037702560424805
2008-12-19,28.100000381469727,26.5,28.100000381469727,26.959999084472656,17276900.0,22.775814056396484
2008-12-22,26.90999984741211,24.829999923706055,26.399999618530273,26.90999984741211,15754500.0,22.73357582092285
2008-12-23,27.31999969482422,26.280000686645508,26.940000534057617,26.520000457763672,8299700.0,22.40410614013672
2008-12-24,27.110000610351562,26.459999084472656,26.59000015258789,27.040000915527344,2948400.0,22.84339714050293
2008-12-26,27.149999618530273,26.510000228881836,27.149999618530273,26.729999542236328,3609300.0,22.581504821777344
2008-12-29,27.329999923706055,26.700000762939453,26.770000457763672,27.229999542236328,5781600.0,23.003915786743164
2008-12-30,28.399999618530273,27.3799991607666,27.389999389648438,28.329999923706055,8265300.0,23.933191299438477
2008-12-31,28.90999984741211,28.360000610351562,28.450000762939453,28.739999771118164,6644700.0,24.279558181762695
2009-01-02,29.549999237060547,28.559999465942383,28.809999465942383,29.3799991607666,6352800.0,24.820228576660156
2009-01-05,30.049999237060547,29.3700008392334,29.3700008392334,29.799999237060547,8583800.0,25.175045013427734
2009-01-06,30.469999313354492,29.09000015258789,30.0,29.350000381469727,8914400.0,24.794893264770508
2009-01-07,29.579999923706055,28.75,29.010000228881836,29.389999389648438,6758100.0,24.828678131103516
2009-01-08,29.389999389648438,27.950000762939453,28.43000030517578,29.34000015258789,8779900.0,24.786439895629883
2009-01-09,27.09000015258789,25.5,27.0,25.690000534057617,47044900.0,21.702917098999023
2009-01-12,25.989999771118164,24.600000381469727,25.989999771118164,24.93000030517578,21745300.0,21.060867309570312
2009-01-13,26.84000015258789,24.15999984741211,24.959999084472656,26.690000534057617,32529300.0,22.547719955444336
2009-01-14,26.690000534057617,25.799999237060547,26.1299991607666,25.899999618530273,22730600.0,21.880321502685547
2009-01-15,26.40999984741211,25.549999237060547,25.850000381469727,26.15999984741211,13804700.0,22.099971771240234
2009-01-16,26.989999771118164,26.18000030517578,26.40999984741211,26.829999923706055,13394500.0,22.665990829467773
2009-01-20,26.84000015258789,26.030000686645508,26.799999237060547,26.190000534057617,13949700.0,22.125320434570312
2009-01-21,26.579999923706055,25.84000015258789,26.5,26.350000381469727,13800600.0,22.32548713684082
2009-01-22,27.700000762939453,25.75,25.770000457763672,27.34000015258789,17449300.0,23.164278030395508
2009-01-23,28.239999771118164,26.600000381469727,26.860000610351562,27.729999542236328,16093900.0,23.494712829589844
2009-01-26,28.549999237060547,27.420000076293945,28.18000030517578,27.93000030517578,10415600.0,23.664169311523438
2009-01-27,28.270000457763672,27.389999389648438,28.049999237060547,27.59000015258789,12131200.0,23.37609100341797
2009-01-28,28.479999542236328,27.850000381469727,27.950000762939453,28.09000015258789,10437600.0,23.799732208251953
2009-01-29,28.1200008392334,27.290000915527344,27.93000030517578,27.3700008392334,9216700.0,23.189699172973633
2009-01-30,27.530000686645508,26.6200008392334,27.530000686645508,26.8799991607666,11672300.0,22.774534225463867
2009-02-02,27.1299991607666,26.399999618530273,26.559999465942383,26.790000915527344,7683000.0,22.69828224182129
2009-02-03,27.479999542236328,26.489999771118164,26.950000762939453,27.40999984741211,11340000.0,23.223594665527344
2009-02-04,28.200000762939453,27.079999923706055,27.440000534057617,27.479999542236328,8743200.0,23.282894134521484
2009-02-05,28.700000762939453,27.170000076293945,27.229999542236328,28.559999465942383,10502000.0,24.197946548461914
2009-02-06,29.139999389648438,28.25,28.5,29.040000915527344,9747200.0,24.604631423950195
2009-02-09,28.969999313354492,27.959999084472656,28.969999313354492,28.68000030517578,8463800.0,24.299619674682617
2009-02-10,28.68000030517578,27.56999969482422,28.600000381469727,27.799999237060547,10172500.0,23.55402183532715
2009-02-11,28.1299991607666,27.040000915527344,27.979999542236328,27.649999618530273,9761200.0,23.42693519592285
2009-02-12,28.149999618530273,26.950000762939453,27.329999923706055,28.06999969482422,8108100.0,23.782787322998047
2009-02-13,28.100000381469727,27.309999465942383,28.040000915527344,27.469999313354492,7813200.0,23.274423599243164
2009-02-17,27.559999465942383,26.600000381469727,27.0,27.299999237060547,11405700.0,23.130386352539062
2009-02-18,27.489999771118164,26.920000076293945,27.43000030517578,26.989999771118164,11241200.0,22.86773681640625
2009-02-19,29.610000610351562,28.459999084472656,28.649999618530273,28.709999084472656,18128100.0,24.32503318786621
2009-02-20,29.049999237060547,27.639999389648438,28.450000762939453,27.81999969482422,16169900.0,23.57097053527832
2009-02-23,28.520000457763672,26.84000015258789,28.110000610351562,26.950000762939453,10928400.0,22.83384132385254
2009-02-24,27.31999969482422,26.530000686645508,26.959999084472656,26.959999084472656,13211100.0,22.842315673828125
2009-02-25,27.049999237060547,26.06999969482422,26.889999389648438,26.450000762939453,12001900.0,22.410213470458984
2009-02-26,26.920000076293945,25.520000457763672,26.6200008392334,25.8700008392334,14398600.0,21.918794631958008
2009-02-27,26.170000076293945,25.56999969482422,25.739999771118164,25.739999771118164,12769400.0,21.80865478515625
2009-03-02,25.649999618530273,24.600000381469727,25.559999465942383,25.360000610351562,16766900.0,21.486684799194336
2009-03-03,25.700000762939453,24.579999923706055,25.579999923706055,24.600000381469727,15893300.0,20.8427677154541
2009-03-04,26.100000381469727,24.450000762939453,24.860000610351562,25.579999923706055,16266800.0,21.673084259033203
2009-03-05,25.43000030517578,24.459999084472656,25.190000534057617,24.690000534057617,13798700.0,20.919025421142578
2009-03-06,25.09000015258789,23.770000457763672,24.829999923706055,24.459999084472656,11878800.0,20.724153518676758
2009-03-09,24.59000015258789,23.739999771118164,24.200000762939453,23.979999542236328,9123000.0,20.31746482849121
2009-03-10,25.049999237060547,23.979999542236328,24.290000915527344,24.920000076293945,15470500.0,21.1138916015625
2009-03-11,25.760000228881836,24.979999542236328,25.020000457763672,25.219999313354492,11612800.0,21.368066787719727
2009-03-12,26.200000762939453,25.0,25.229999542236328,26.1200008392334,9052400.0,22.1306095123291
2009-03-13,27.25,25.850000381469727,26.239999771118164,26.530000686645508,10884700.0,22.47799301147461
2009-03-16,27.5,26.559999465942383,26.770000457763672,26.860000610351562,8640800.0,22.75759506225586
2009-03-17,27.65999984741211,26.719999313354492,26.84000015258789,27.65999984741211,7499400.0,23.435405731201172
2009-03-18,28.34000015258789,27.15999984741211,27.559999465942383,27.459999084472656,13956600.0,23.26594352722168
2009-03-19,27.649999618530273,26.350000381469727,27.649999618530273,26.649999618530273,9814000.0,22.579660415649414
2009-03-20,27.229999542236328,26.479999542236328,26.690000534057617,26.690000534057617,12444700.0,22.613555908203125
2009-03-23,28.389999389648438,27.049999237060547,27.149999618530273,28.360000610351562,11327600.0,24.02849006652832
2009-03-24,29.079999923706055,27.760000228881836,28.040000915527344,28.540000915527344,12301700.0,24.180999755859375
2009-03-25,29.739999771118164,28.34000015258789,28.549999237060547,29.219999313354492,10360600.0,24.75714683532715
2009-03-26,29.0,27.950000762939453,28.969999313354492,28.600000381469727,16145900.0,24.231834411621094
2009-03-27,28.729999542236328,28.079999923706055,28.360000610351562,28.260000228881836,8051200.0,23.943763732910156
2009-03-30,27.850000381469727,26.850000381469727,27.600000381469727,27.299999237060547,8313200.0,23.130386352539062
2009-03-31,27.979999542236328,27.049999237060547,27.440000534057617,27.489999771118164,9197700.0,23.291366577148438
2009-04-01,28.309999465942383,27.079999923706055,27.25,28.100000381469727,11651900.0,23.808198928833008
2009-04-02,29.59000015258789,28.469999313354492,28.559999465942383,29.389999389648438,12127600.0,24.901180267333984
2009-04-03,29.549999237060547,28.149999618530273,29.350000381469727,28.450000762939453,11747200.0,24.10474395751953
2009-04-06,29.020000457763672,27.75,28.530000686645508,28.989999771118164,10037000.0,24.56227684020996
2009-04-07,28.809999465942383,28.3799991607666,28.65999984741211,28.56999969482422,5827200.0,24.206417083740234
2009-04-08,29.5,28.6299991607666,28.719999313354492,29.5,9118700.0,24.99437713623047
2009-04-09,30.239999771118164,29.020000457763672,29.389999389648438,30.09000015258789,8547700.0,25.494258880615234
2009-04-13,30.389999389648438,29.479999542236328,29.959999084472656,29.899999618530273,7108900.0,25.33327865600586
2009-04-14,29.809999465942383,29.110000610351562,29.56999969482422,29.479999542236328,8749500.0,24.97743034362793
2009-04-15,29.6299991607666,28.940000534057617,29.520000457763672,29.239999771118164,9457200.0,24.774085998535156
2009-04-16,30.700000762939453,29.200000762939453,29.440000534057617,30.450000762939453,11743800.0,25.79928207397461
2009-04-17,30.770000457763672,30.09000015258789,30.469999313354492,30.139999389648438,9331600.0,25.53662872314453
2009-04-20,30.1200008392334,28.899999618530273,29.920000076293945,29.1299991607666,11839000.0,24.743484497070312
2009-04-21,30.6299991607666,29.059999465942383,29.059999465942383,30.209999084472656,11963900.0,25.66085433959961
2009-04-22,30.75,29.719999313354492,29.920000076293945,30.280000686645508,10947200.0,25.720308303833008
2009-04-23,30.270000457763672,29.010000228881836,30.219999313354492,29.56999969482422,12072100.0,25.11722755432129
2009-04-24,30.049999237060547,29.43000030517578,29.780000686645508,29.729999542236328,9806300.0,25.253137588500977
2009-04-27,30.34000015258789,29.719999313354492,30.229999542236328,29.920000076293945,8162000.0,25.414522171020508
2009-04-28,31.420000076293945,30.020000457763672,30.260000228881836,30.790000915527344,14755900.0,26.153514862060547
2009-04-29,31.549999237060547,30.450000762939453,30.799999237060547,30.799999237060547,10273100.0,26.162006378173828
2009-04-30,31.889999389648438,31.0,31.079999923706055,31.780000686645508,13293600.0,26.99443244934082
2009-05-01,32.27000045776367,31.360000610351562,31.829999923706055,32.2599983215332,8564800.0,27.40215301513672
2009-05-04,32.27000045776367,31.510000228881836,32.27000045776367,32.029998779296875,13664800.0,27.206787109375
2009-05-05,34.220001220703125,31.110000610351562,33.529998779296875,31.799999237060547,24047500.0,27.01142692565918
2009-05-06,32.720001220703125,31.59000015258789,32.119998931884766,31.959999084472656,10100900.0,27.147335052490234
2009-05-07,32.2400016784668,31.440000534057617,31.920000076293945,31.790000915527344,12319100.0,27.002931594848633
2009-05-08,32.470001220703125,31.600000381469727,32.130001068115234,32.119998931884766,10539700.0,27.28323745727539
2009-05-11,32.959999084472656,31.559999465942383,31.739999771118164,32.599998474121094,11365000.0,27.690954208374023
2009-05-12,33.16999816894531,32.349998474121094,32.77000045776367,32.97999954223633,11065600.0,28.013729095458984
2009-05-13,32.939998626708984,31.459999084472656,32.869998931884766,31.950000762939453,12371300.0,27.138837814331055
2009-05-14,32.380001068115234,31.549999237060547,31.93000030517578,31.940000534057617,11652300.0,27.13034439086914
2009-05-15,32.16999816894531,30.219999313354492,31.670000076293945,30.799999237060547,17666200.0,26.162006378173828
2009-05-18,31.43000030517578,30.350000381469727,30.989999771118164,31.34000015258789,12310700.0,26.620691299438477
2009-05-19,31.59000015258789,30.90999984741211,31.489999771118164,30.940000534057617,8798700.0,26.280929565429688
2009-05-20,31.1200008392334,29.760000228881836,31.09000015258789,29.84000015258789,16910100.0,25.346574783325195
2009-05-21,29.969999313354492,29.280000686645508,29.540000915527344,29.639999389648438,10285700.0,25.176681518554688
2009-05-22,30.040000915527344,29.34000015258789,29.75,29.530000686645508,5406900.0,25.083250045776367
2009-05-26,30.399999618530273,29.34000015258789,29.360000610351562,29.8700008392334,12320000.0,25.37204933166504
2009-05-27,30.0,28.959999084472656,29.940000534057617,28.989999771118164,13756000.0,24.624568939208984
2009-05-28,29.739999771118164,29.0,29.1200008392334,29.639999389648438,13373700.0,25.176681518554688
2009-05-29,29.8799991607666,29.360000610351562,29.700000762939453,29.799999237060547,9455200.0,25.31259536743164
2009-06-01,30.770000457763672,29.850000381469727,29.850000381469727,30.600000381469727,12633500.0,25.99212074279785
2009-06-02,31.739999771118164,30.360000610351562,30.690000534057617,31.34000015258789,10557300.0,26.620691299438477
2009-06-03,31.190000534057617,30.209999084472656,31.040000915527344,30.610000610351562,10661400.0,26.000619888305664
2009-06-04,30.850000381469727,29.799999237060547,30.170000076293945,30.350000381469727,8074700.0,25.779775619506836
2009-06-05,31.15999984741211,30.030000686645508,31.020000457763672,30.190000534057617,11902900.0,25.643863677978516
2009-06-08,31.040000915527344,30.0,30.100000381469727,30.780000686645508,8728000.0,26.14501953125
2009-06-09,30.920000076293945,30.530000686645508,30.920000076293945,30.81999969482422,5349900.0,26.178997039794922
2009-06-10,31.09000015258789,30.15999984741211,30.850000381469727,30.479999542236328,7055400.0,25.890199661254883
2009-06-11,30.75,30.0,30.420000076293945,30.270000457763672,10222500.0,25.71181869506836
2009-06-12,30.360000610351562,29.899999618530273,30.079999923706055,30.350000381469727,7274400.0,25.779775619506836
2009-06-15,30.200000762939453,29.700000762939453,30.18000030517578,29.979999542236328,8276000.0,25.465482711791992
2009-06-16,30.200000762939453,29.809999465942383,30.1200008392334,30.020000457763672,11879600.0,25.49947166442871
2009-06-17,31.229999542236328,30.059999465942383,30.059999465942383,30.860000610351562,12841900.0,26.212974548339844
2009-06-18,31.25,30.649999618530273,30.850000381469727,31.049999237060547,7052400.0,26.37436866760254
2009-06-19,32.0,31.200000762939453,31.200000762939453,31.770000457763672,14958300.0,26.985944747924805
2009-06-22,31.6200008392334,30.959999084472656,31.239999771118164,31.1299991607666,9556200.0,26.442317962646484
2009-06-23,31.299999237060547,30.600000381469727,31.149999618530273,30.90999984741211,8140600.0,26.255435943603516
2009-06-24,31.31999969482422,30.700000762939453,30.75,31.06999969482422,8339900.0,26.391345977783203
2009-06-25,31.43000030517578,30.670000076293945,30.739999771118164,31.200000762939453,8617800.0,26.501773834228516
2009-06-26,31.59000015258789,30.989999771118164,31.190000534057617,31.360000610351562,16267700.0,26.637683868408203
2009-06-29,32.45000076293945,31.229999542236328,31.3700008392334,32.130001068115234,10084600.0,27.29173469543457
2009-06-30,32.45000076293945,31.670000076293945,32.189998626708984,31.8700008392334,11943500.0,27.070890426635742
2009-07-01,32.0099983215332,31.520000457763672,31.940000534057617,31.75,10210300.0,26.96895408630371
2009-07-02,31.75,31.020000457763672,31.459999084472656,31.06999969482422,9348900.0,26.391345977783203
2009-07-06,31.450000762939453,30.770000457763672,30.860000610351562,31.25,9988100.0,26.54424476623535
2009-07-07,31.25,30.579999923706055,31.25,30.68000030517578,10721500.0,26.060075759887695
2009-07-08,31.34000015258789,30.719999313354492,30.729999542236328,31.149999618530273,12330500.0,26.459304809570312
2009-07-09,31.299999237060547,30.610000610351562,31.18000030517578,31.059999465942383,7447400.0,26.382856369018555
2009-07-10,31.170000076293945,30.649999618530273,30.8700008392334,30.899999618530273,8633800.0,26.246950149536133
2009-07-13,31.719999313354492,30.780000686645508,30.989999771118164,31.68000030517578,9625700.0,26.90949058532715
2009-07-14,31.700000762939453,31.09000015258789,31.579999923706055,31.3700008392334,8936700.0,26.646175384521484
2009-07-15,31.959999084472656,31.360000610351562,31.59000015258789,31.75,9846100.0,26.96895408630371
2009-07-16,32.25,31.68000030517578,31.690000534057617,32.06999969482422,10184000.0,27.240772247314453
2009-07-17,32.83000183105469,32.06999969482422,32.06999969482422,32.7400016784668,9432000.0,27.809879302978516
2009-07-20,33.25,32.560001373291016,32.81999969482422,32.939998626708984,9655500.0,27.979755401611328
2009-07-21,33.400001525878906,32.47999954223633,33.290000915527344,32.849998474121094,9170300.0,27.968050003051758
2009-07-22,33.38999938964844,32.84000015258789,33.27000045776367,33.099998474121094,8394600.0,28.18089485168457
2009-07-23,33.84000015258789,32.77000045776367,33.18000030517578,33.5,9648600.0,28.521455764770508
2009-07-24,34.459999084472656,33.310001373291016,33.310001373291016,34.380001068115234,9887700.0,29.270675659179688
2009-07-27,34.47999954223633,33.400001525878906,34.33000183105469,34.04999923706055,8343600.0,28.989717483520508
2009-07-28,34.22999954223633,33.4900016784668,33.939998626708984,34.08000183105469,7269600.0,29.015254974365234
2009-07-29,34.349998474121094,33.65999984741211,33.97999954223633,33.91999816894531,9779100.0,28.879039764404297
2009-07-30,34.59000015258789,33.540000915527344,34.130001068115234,33.59000015258789,12130100.0,28.59807777404785
2009-07-31,33.900001525878906,33.209999084472656,33.619998931884766,33.47999954223633,10734300.0,28.504425048828125
2009-08-03,34.15999984741211,33.029998779296875,33.790000915527344,34.0,11003900.0,28.947145462036133
2009-08-04,35.5,33.38999938964844,35.0099983215332,33.97999954223633,19971900.0,28.930112838745117
2009-08-05,34.7599983215332,34.130001068115234,34.369998931884766,34.38999938964844,11933200.0,29.279186248779297
2009-08-06,34.599998474121094,33.95000076293945,34.45000076293945,34.119998931884766,7576300.0,29.049320220947266
2009-08-07,34.7400016784668,34.0,34.0099983215332,34.470001220703125,9198700.0,29.3472957611084
2009-08-10,34.79999923706055,34.279998779296875,34.439998626708984,34.75,7480300.0,29.585676193237305
2009-08-11,34.849998474121094,34.40999984741211,34.75,34.63999938964844,8511600.0,29.49203109741211
2009-08-12,35.18000030517578,34.06999969482422,34.11000061035156,34.720001220703125,9421500.0,29.560144424438477
2009-08-13,35.09000015258789,34.33000183105469,34.7599983215332,35.060001373291016,9321000.0,29.8496150970459
2009-08-14,35.130001068115234,34.20000076293945,35.029998779296875,34.75,7824300.0,29.585676193237305
2009-08-17,34.380001068115234,33.75,34.08000183105469,34.18000030517578,8047800.0,29.10039710998535
2009-08-18,34.5099983215332,34.09000015258789,34.29999923706055,34.4900016784668,7359700.0,29.36433219909668
2009-08-19,34.540000915527344,33.86000061035156,34.189998626708984,34.41999816894531,8007700.0,29.30472755432129
2009-08-20,35.099998474121094,34.25,34.4900016784668,35.02000045776367,8074200.0,29.815567016601562
2009-08-21,35.84000015258789,35.0,35.15999984741211,35.720001220703125,10101500.0,30.411537170410156
2009-08-24,36.04999923706055,35.75,36.0099983215332,35.939998626708984,7971300.0,30.59884262084961
2009-08-25,37.130001068115234,35.790000915527344,36.0099983215332,36.88999938964844,15126000.0,31.407663345336914
2009-08-26,37.150001525878906,36.4900016784668,36.900001525878906,36.97999954223633,12984100.0,31.484275817871094
2009-08-27,37.189998626708984,36.599998474121094,37.06999969482422,36.84000015258789,7485900.0,31.365083694458008
2009-08-28,37.08000183105469,36.40999984741211,37.04999923706055,36.77000045776367,8159100.0,31.305484771728516
2009-08-31,37.59000015258789,36.599998474121094,36.66999816894531,37.52000045776367,12269100.0,31.94402313232422
2009-09-01,37.75,36.81999969482422,37.43000030517578,36.959999084472656,11886800.0,31.467252731323242
2009-09-02,36.84000015258789,36.27000045776367,36.84000015258789,36.41999816894531,10429500.0,31.007497787475586
2009-09-03,36.68000030517578,36.0099983215332,36.34000015258789,36.630001068115234,9227700.0,31.186294555664062
2009-09-04,37.209999084472656,36.47999954223633,36.720001220703125,37.20000076293945,5866900.0,31.671585083007812
2009-09-08,37.31999969482422,36.40999984741211,37.31999969482422,36.70000076293945,8715700.0,31.245895385742188
2009-09-09,36.779998779296875,36.18000030517578,36.63999938964844,36.63999938964844,9056600.0,31.194808959960938
2009-09-10,36.77000045776367,36.45000076293945,36.63999938964844,36.66999816894531,8918400.0,31.220352172851562
2009-09-11,37.0,36.43000030517578,36.79999923706055,36.529998779296875,7539500.0,31.101158142089844
2009-09-14,36.630001068115234,36.22999954223633,36.2400016784668,36.529998779296875,6986300.0,31.101158142089844
2009-09-15,36.720001220703125,36.20000076293945,36.61000061035156,36.439998626708984,8321000.0,31.02452850341797
2009-09-16,36.959999084472656,36.400001525878906,36.470001220703125,36.959999084472656,8536400.0,31.467252731323242
2009-09-17,37.0,36.310001373291016,36.900001525878906,36.38999938964844,12759500.0,30.981952667236328
2009-09-18,36.560001373291016,35.939998626708984,36.54999923706055,35.97999954223633,17045600.0,30.632883071899414
2009-09-21,36.29999923706055,35.66999816894531,35.75,36.18000030517578,12523200.0,30.803173065185547
2009-09-22,36.27000045776367,35.779998779296875,36.16999816894531,36.09000015258789,9753700.0,30.726551055908203
2009-09-23,36.5,35.84000015258789,35.9900016784668,36.09000015258789,14269400.0,30.726551055908203
2009-09-24,35.97999954223633,34.45000076293945,35.869998931884766,35.20000076293945,15280800.0,29.96880531311035
2009-09-25,35.689998626708984,34.959999084472656,35.20000076293945,35.20000076293945,9724800.0,29.96880531311035
2009-09-28,35.470001220703125,34.810001373291016,35.34000015258789,34.880001068115234,14731500.0,29.696367263793945
2009-09-29,36.470001220703125,35.560001373291016,36.369998931884766,36.06999969482422,22020400.0,30.709518432617188
2009-09-30,36.04999923706055,35.4900016784668,35.959999084472656,35.7400016784668,12945000.0,30.428565979003906
2009-10-01,36.11000061035156,35.34000015258789,35.61000061035156,35.869998931884766,13126900.0,30.539234161376953
2009-10-02,36.09000015258789,35.2599983215332,35.720001220703125,35.31999969482422,18267900.0,30.070972442626953
2009-10-05,35.369998931884766,34.619998931884766,35.20000076293945,34.779998779296875,14991100.0,29.61122703552246
2009-10-06,35.08000183105469,33.91999816894531,34.90999984741211,34.650001525878906,22072300.0,29.50056266784668
2009-10-07,35.779998779296875,34.529998779296875,34.66999816894531,35.630001068115234,14572400.0,30.33489990234375
2009-10-08,36.59000015258789,35.779998779296875,35.849998474121094,36.189998626708984,11427700.0,30.81169319152832
2009-10-09,36.4900016784668,36.040000915527344,36.25,36.47999954223633,6744700.0,31.058582305908203
2009-10-12,36.540000915527344,36.25,36.540000915527344,36.400001525878906,4722900.0,30.990478515625
2009-10-13,37.09000015258789,36.47999954223633,36.72999954223633,36.720001220703125,9967400.0,31.26291847229004
2009-10-14,37.5,36.91999816894531,36.959999084472656,37.40999984741211,9266700.0,31.850383758544922
2009-10-15,38.09000015258789,37.130001068115234,37.2599983215332,38.0099983215332,9605300.0,32.361202239990234
2009-10-16,37.91999816894531,37.290000915527344,37.90999984741211,37.70000076293945,9145900.0,32.097267150878906
2009-10-19,38.150001525878906,37.540000915527344,37.72999954223633,37.959999084472656,6722000.0,32.31863784790039
2009-10-20,38.130001068115234,37.54999923706055,38.09000015258789,37.810001373291016,8566600.0,32.25571823120117
2009-10-21,38.27000045776367,37.209999084472656,37.75,37.2400016784668,7963800.0,31.76946449279785
2009-10-22,37.91999816894531,37.099998474121094,37.209999084472656,37.7400016784668,6802400.0,32.19600296020508
2009-10-23,37.84000015258789,36.93000030517578,37.77000045776367,37.15999984741211,7073900.0,31.70119285583496
2009-10-26,37.33000183105469,36.41999816894531,37.22999954223633,36.5,8975200.0,31.13816261291504
2009-10-27,36.84000015258789,35.84000015258789,36.5,36.029998779296875,12920800.0,30.737199783325195
2009-10-28,36.209999084472656,35.560001373291016,35.88999938964844,35.61000061035156,7968100.0,30.378902435302734
2009-10-29,36.4900016784668,35.540000915527344,36.029998779296875,36.40999984741211,7572800.0,31.061389923095703
2009-10-30,36.54999923706055,35.25,36.349998474121094,35.29999923706055,10728600.0,30.114437103271484
2009-11-02,36.040000915527344,35.29999923706055,35.54999923706055,35.75,7630300.0,30.498336791992188
2009-11-03,36.130001068115234,35.209999084472656,35.70000076293945,35.43000030517578,7931000.0,30.225345611572266
2009-11-04,36.65999984741211,35.709999084472656,35.810001373291016,36.150001525878906,12665700.0,30.839584350585938
2009-11-05,29.639999389648438,27.3799991607666,28.450000762939453,28.8700008392334,185123500.0,24.629009246826172
2009-11-06,30.030000686645508,28.8700008392334,29.020000457763672,29.790000915527344,48999400.0,25.41385841369629
2009-11-09,30.979999542236328,29.940000534057617,29.989999771118164,30.899999618530273,33645600.0,26.360797882080078
2009-11-10,30.760000228881836,29.709999084472656,30.540000915527344,29.860000610351562,30357200.0,25.473567962646484
2009-11-11,30.6299991607666,29.799999237060547,30.149999618530273,30.0,30179200.0,25.59300994873047
2009-11-12,30.15999984741211,29.420000076293945,29.829999923706055,29.670000076293945,26379700.0,25.311487197875977
2009-11-13,30.3799991607666,29.81999969482422,29.860000610351562,30.25,18320800.0,25.8062801361084
2009-11-16,30.700000762939453,30.079999923706055,30.530000686645508,30.190000534057617,17578900.0,25.755094528198242
2009-11-17,30.5,30.0,30.15999984741211,30.440000534057617,13330700.0,25.96837615966797
2009-11-18,30.75,30.209999084472656,30.389999389648438,30.690000534057617,16219200.0,26.181644439697266
2009-11-19,31.399999618530273,30.440000534057617,30.5,31.079999923706055,25046300.0,26.514354705810547
2009-11-20,31.709999084472656,31.100000381469727,31.139999389648438,31.639999389648438,27276000.0,26.99209213256836
2009-11-23,32.27000045776367,31.809999465942383,31.90999984741211,31.889999389648438,19636400.0,27.205371856689453
2009-11-24,32.08000183105469,31.56999969482422,31.760000228881836,31.600000381469727,14163700.0,26.95796775817871
2009-11-25,31.920000076293945,31.3799991607666,31.799999237060547,31.530000686645508,12348800.0,26.898256301879883
2009-11-27,31.3799991607666,30.68000030517578,30.719999313354492,31.200000762939453,5377900.0,26.616724014282227
2009-11-30,31.209999084472656,30.90999984741211,31.110000610351562,31.010000228881836,10831700.0,26.45464324951172
2009-12-01,31.600000381469727,31.010000228881836,31.190000534057617,31.18000030517578,10674700.0,26.59967041015625
2009-12-02,31.239999771118164,30.540000915527344,30.729999542236328,31.110000610351562,14261600.0,26.539947509765625
2009-12-03,31.229999542236328,30.709999084472656,31.110000610351562,30.799999237060547,12615300.0,26.275487899780273
2009-12-04,31.309999465942383,30.579999923706055,30.969999313354492,30.760000228881836,12910600.0,26.241361618041992
2009-12-07,31.0,30.709999084472656,30.790000915527344,30.850000381469727,10526400.0,26.318143844604492
2009-12-08,30.959999084472656,30.3700008392334,30.950000762939453,30.559999465942383,16128700.0,26.070743560791016
2009-12-09,31.09000015258789,30.489999771118164,30.559999465942383,31.030000686645508,14589100.0,26.471702575683594
2009-12-10,31.600000381469727,31.170000076293945,31.290000915527344,31.5,9689500.0,26.872655868530273
2009-12-11,32.43000030517578,31.799999237060547,31.799999237060547,32.220001220703125,16492500.0,27.48689079284668
2009-12-14,32.45000076293945,32.15999984741211,32.369998931884766,32.36000061035156,10937100.0,27.606321334838867
2009-12-15,32.279998779296875,31.690000534057617,32.2400016784668,31.760000228881836,16689300.0,27.094467163085938
2009-12-16,31.850000381469727,30.860000610351562,31.850000381469727,30.93000030517578,37292600.0,26.386390686035156
2009-12-17,31.360000610351562,30.399999618530273,30.850000381469727,31.200000762939453,21801600.0,26.616724014282227
2009-12-18,31.290000915527344,30.739999771118164,31.270000457763672,31.18000030517578,20372600.0,26.59967041015625
2009-12-21,32.779998779296875,31.760000228881836,31.84000015258789,32.29999923706055,21198400.0,27.555133819580078
2009-12-22,32.58000183105469,32.220001220703125,32.369998931884766,32.310001373291016,7086300.0,27.563671112060547
2009-12-23,32.45000076293945,31.989999771118164,32.349998474121094,32.09000015258789,5900700.0,27.375986099243164
2009-12-24,32.2400016784668,32.04999923706055,32.060001373291016,32.13999938964844,2184900.0,27.418638229370117
2009-12-28,32.54999923706055,32.15999984741211,32.25,32.38999938964844,5454400.0,27.631916046142578
2009-12-29,32.720001220703125,32.380001068115234,32.540000915527344,32.650001525878906,6313900.0,27.85372543334961
2009-12-30,32.79999923706055,32.45000076293945,32.560001373291016,32.709999084472656,5340000.0,27.9049072265625
2009-12-31,32.7599983215332,32.189998626708984,32.61000061035156,32.209999084472656,4962600.0,27.478363037109375
2010-01-04,33.060001373291016,32.380001068115234,32.43000030517578,32.97999954223633,14676800.0,28.135242462158203
2010-01-05,33.029998779296875,32.65999984741211,32.93000030517578,32.849998474121094,7512000.0,28.024341583251953
2010-01-06,32.97999954223633,32.36000061035156,32.45000076293945,32.560001373291016,11319600.0,27.776945114135742
2010-01-07,33.869998931884766,32.560001373291016,32.599998474121094,33.7599983215332,17940200.0,28.800662994384766
2010-01-08,34.40999984741211,33.5099983215332,33.66999816894531,34.0,21856500.0,29.005409240722656
2010-01-11,34.18000030517578,33.7400016784668,34.18000030517578,33.93000030517578,9829000.0,28.945697784423828
2010-01-12,33.970001220703125,33.43000030517578,33.86000061035156,33.560001373291016,11745000.0,28.63004493713379
2010-01-13,34.099998474121094,33.220001220703125,33.369998931884766,33.970001220703125,11407200.0,28.97981834411621
2010-01-14,34.04999923706055,33.63999938964844,33.790000915527344,33.95000076293945,9664800.0,28.96276092529297
2010-01-15,34.13999938964844,33.619998931884766,33.95000076293945,33.90999984741211,14320000.0,28.928627014160156
2010-01-19,34.060001373291016,33.689998626708984,33.83000183105469,33.95000076293945,8592900.0,28.96276092529297
2010-01-20,34.040000915527344,33.52000045776367,33.83000183105469,33.849998474121094,9541300.0,28.952058792114258
2010-01-21,33.970001220703125,33.119998931884766,33.79999923706055,33.2400016784668,12078000.0,28.430326461791992
2010-01-22,33.81999969482422,32.70000076293945,33.06999969482422,33.2400016784668,10972000.0,28.430326461791992
2010-01-25,33.45000076293945,33.0,33.45000076293945,33.040000915527344,7404100.0,28.259262084960938
2010-01-26,33.189998626708984,32.7599983215332,32.939998626708984,32.810001373291016,7440300.0,28.062543869018555
2010-01-27,33.040000915527344,32.2400016784668,32.68000030517578,32.470001220703125,10626700.0,27.77174186706543
2010-01-28,33.2599983215332,32.290000915527344,32.58000183105469,32.33000183105469,13955400.0,27.65199851989746
2010-01-29,33.0,32.33000183105469,32.45000076293945,32.369998931884766,11500200.0,27.686208724975586
2010-02-01,32.95000076293945,32.43000030517578,32.56999969482422,32.91999816894531,7311100.0,28.15662956237793
2010-02-02,33.61000061035156,32.619998931884766,32.9900016784668,33.380001068115234,9421200.0,28.550067901611328
2010-02-03,33.029998779296875,32.34000015258789,32.70000076293945,32.41999816894531,13361800.0,27.72896957397461
2010-02-04,32.41999816894531,31.1299991607666,32.41999816894531,31.149999618530273,15837600.0,26.642742156982422
2010-02-05,31.5,30.360000610351562,31.1299991607666,31.06999969482422,25372800.0,26.574308395385742
2010-02-08,33.91999816894531,32.36000061035156,33.91999816894531,32.720001220703125,36924800.0,27.985565185546875
2010-02-09,33.25,32.38999938964844,33.209999084472656,32.720001220703125,15547500.0,27.985565185546875
2010-02-10,32.849998474121094,32.33000183105469,32.7599983215332,32.72999954223633,8070100.0,27.99411964416504
2010-02-11,33.290000915527344,32.650001525878906,32.720001220703125,33.209999084472656,10367800.0,28.404666900634766
2010-02-12,33.31999969482422,32.7599983215332,33.150001525878906,32.9900016784668,10772300.0,28.216501235961914
2010-02-16,33.630001068115234,33.040000915527344,33.13999938964844,33.52000045776367,7642400.0,28.669815063476562
2010-02-17,34.150001525878906,33.619998931884766,33.72999954223633,33.9900016784668,9118400.0,29.071807861328125
2010-02-18,34.25,33.86000061035156,34.0,34.119998931884766,8455400.0,29.183000564575195
2010-02-19,34.41999816894531,33.79999923706055,34.08000183105469,34.310001373291016,7935700.0,29.345502853393555
2010-02-22,34.4900016784668,34.119998931884766,34.40999984741211,34.220001220703125,6978800.0,29.268524169921875
2010-02-23,34.2400016784668,33.63999938964844,34.099998474121094,34.150001525878906,10182000.0,29.208654403686523
2010-02-24,34.529998779296875,34.150001525878906,34.209999084472656,34.5099983215332,7587900.0,29.516563415527344
2010-02-25,34.529998779296875,33.869998931884766,34.0099983215332,34.0,13221900.0,29.080358505249023
2010-02-26,34.06999969482422,33.650001525878906,34.029998779296875,33.75,12715400.0,28.866533279418945
2010-03-01,34.47999954223633,33.790000915527344,33.869998931884766,34.40999984741211,11964100.0,29.431026458740234
2010-03-02,34.75,34.36000061035156,34.470001220703125,34.65999984741211,9878200.0,29.644861221313477
2010-03-03,34.97999954223633,34.470001220703125,34.529998779296875,34.7400016784668,8414200.0,29.713285446166992
2010-03-04,35.09000015258789,34.599998474121094,34.83000183105469,34.869998931884766,10790800.0,29.824474334716797
2010-03-05,35.15999984741211,34.72999954223633,34.91999816894531,35.029998779296875,6873700.0,29.961328506469727
2010-03-08,35.15999984741211,34.77000045776367,35.09000015258789,34.83000183105469,4710600.0,29.790260314941406
2010-03-09,35.0,34.560001373291016,34.77000045776367,34.68000030517578,6657600.0,29.661958694458008
2010-03-10,35.0099983215332,34.540000915527344,34.650001525878906,34.849998474121094,6590400.0,29.80735969543457
2010-03-11,34.900001525878906,34.43000030517578,34.81999969482422,34.65999984741211,8626700.0,29.644861221313477
2010-03-12,34.81999969482422,34.439998626708984,34.7400016784668,34.630001068115234,6330100.0,29.61920738220215
2010-03-15,34.869998931884766,34.34000015258789,34.56999969482422,34.72999954223633,5650000.0,29.704730987548828
2010-03-16,35.099998474121094,34.61000061035156,34.72999954223633,34.93000030517578,7861200.0,29.875795364379883
2010-03-17,35.400001525878906,34.81999969482422,34.97999954223633,35.209999084472656,7652700.0,30.115272521972656
2010-03-18,35.310001373291016,34.939998626708984,35.310001373291016,35.09000015258789,7255900.0,30.012643814086914
2010-03-19,35.2599983215332,34.22999954223633,34.54999923706055,34.54999923706055,16438000.0,29.5507869720459
2010-03-22,35.279998779296875,34.33000183105469,34.47999954223633,35.189998626708984,13113800.0,30.098169326782227
2010-03-23,36.0,35.220001220703125,35.400001525878906,35.91999816894531,11595200.0,30.72254753112793
2010-03-24,36.099998474121094,35.41999816894531,35.90999984741211,35.5099983215332,10334500.0,30.371870040893555
2010-03-25,36.54999923706055,35.68000030517578,35.709999084472656,36.41999816894531,15189400.0,31.150196075439453
2010-03-26,37.0,36.4900016784668,36.4900016784668,36.790000915527344,14978400.0,31.466657638549805
2010-03-29,37.13999938964844,36.5099983215332,36.810001373291016,37.06999969482422,13182300.0,31.706146240234375
2010-03-30,37.31999969482422,36.88999938964844,37.06999969482422,37.029998779296875,8150800.0,31.67192840576172
2010-03-31,36.970001220703125,36.47999954223633,36.90999984741211,36.560001373291016,7802100.0,31.269943237304688
2010-04-01,36.5099983215332,36.060001373291016,36.119998931884766,36.22999954223633,14384900.0,30.98768424987793
2010-04-05,36.29999923706055,35.86000061035156,36.2599983215332,36.0099983215332,9693500.0,30.799518585205078
2010-04-06,36.0099983215332,35.709999084472656,35.880001068115234,35.849998474121094,7201200.0,30.662675857543945
2010-04-07,35.849998474121094,35.540000915527344,35.83000183105469,35.65999984741211,8613700.0,30.50016212463379
2010-04-08,36.720001220703125,35.56999969482422,35.61000061035156,36.470001220703125,13672000.0,31.192955017089844
2010-04-09,37.2599983215332,36.349998474121094,36.349998474121094,37.22999954223633,11278600.0,31.84299659729004
2010-04-12,37.20000076293945,36.849998474121094,36.91999816894531,36.97999954223633,9311800.0,31.62915802001953
2010-04-13,37.25,36.59000015258789,36.849998474121094,37.18000030517578,8166100.0,31.800222396850586
2010-04-14,37.31999969482422,36.88999938964844,37.060001373291016,37.2599983215332,9404100.0,31.8686466217041
2010-04-15,37.689998626708984,37.029998779296875,37.16999816894531,37.369998931884766,10477800.0,31.96272850036621
2010-04-16,37.720001220703125,37.119998931884766,37.279998779296875,37.13999938964844,13510900.0,31.766014099121094
2010-04-19,37.209999084472656,36.70000076293945,36.97999954223633,37.029998779296875,7791900.0,31.67192840576172
2010-04-20,37.43000030517578,37.04999923706055,37.04999923706055,37.20000076293945,7342900.0,31.81733512878418
2010-04-21,37.400001525878906,36.59000015258789,37.2400016784668,36.900001525878906,9747700.0,31.63515853881836
2010-04-22,37.08000183105469,36.599998474121094,36.88999938964844,36.83000183105469,7911300.0,31.57513999938965
2010-04-23,37.099998474121094,36.52000045776367,36.79999923706055,37.0099983215332,8979600.0,31.72945785522461
2010-04-26,37.119998931884766,36.7599983215332,36.91999816894531,36.869998931884766,10710900.0,31.60943603515625
2010-04-27,37.0099983215332,36.20000076293945,36.709999084472656,36.2599983215332,11384200.0,31.086462020874023
2010-04-28,37.470001220703125,36.349998474121094,36.38999938964844,37.11000061035156,15631300.0,31.815187454223633
2010-04-29,37.619998931884766,37.209999084472656,37.310001373291016,37.2599983215332,8509200.0,31.943798065185547
2010-04-30,37.81999969482422,36.86000061035156,37.13999938964844,36.91999816894531,12803300.0,31.65228843688965
2010-05-03,37.43000030517578,36.66999816894531,36.9900016784668,37.08000183105469,9472000.0,31.789474487304688
2010-05-04,37.38999938964844,36.27000045776367,36.59000015258789,36.47999954223633,10297600.0,31.275070190429688
2010-05-05,36.880001068115234,35.900001525878906,36.33000183105469,36.060001373291016,9594700.0,30.915008544921875
2010-05-06,36.29999923706055,33.540000915527344,36.0099983215332,35.2400016784668,14949800.0,30.212007522583008
2010-05-07,35.5,33.93000030517578,35.18000030517578,34.86000061035156,15890300.0,29.886211395263672
2010-05-10,36.2400016784668,35.689998626708984,35.91999816894531,36.16999816894531,9067000.0,31.009307861328125
2010-05-11,36.40999984741211,35.650001525878906,35.93000030517578,35.75,8788200.0,30.64923095703125
2010-05-12,36.380001068115234,35.66999816894531,35.81999969482422,36.31999969482422,6643200.0,31.13790512084961
2010-05-13,36.83000183105469,35.849998474121094,36.279998779296875,36.5,9356700.0,31.292221069335938
2010-05-14,36.45000076293945,35.54999923706055,36.2599983215332,35.779998779296875,10421600.0,30.674959182739258
2010-05-17,35.9900016784668,35.2599983215332,35.880001068115234,35.869998931884766,6777100.0,30.75210952758789
2010-05-18,36.06999969482422,35.029998779296875,36.06999969482422,35.20000076293945,13181500.0,30.177705764770508
2010-05-19,35.06999969482422,34.59000015258789,35.04999923706055,34.95000076293945,11833500.0,29.963375091552734
2010-05-20,34.459999084472656,33.7400016784668,34.220001220703125,33.86000061035156,14021600.0,29.028900146484375
2010-05-21,34.310001373291016,33.189998626708984,33.22999954223633,34.29999923706055,14841500.0,29.40612030029297
2010-05-24,34.34000015258789,33.880001068115234,34.130001068115234,33.95000076293945,9217800.0,29.106061935424805
2010-05-25,34.11000061035156,33.060001373291016,33.119998931884766,34.06999969482422,16577800.0,29.20893669128418
2010-05-26,34.369998931884766,33.650001525878906,34.189998626708984,33.77000045776367,15421700.0,28.951740264892578
2010-05-27,34.61000061035156,33.959999084472656,34.08000183105469,34.59000015258789,12019700.0,29.65473175048828
2010-05-28,34.97999954223633,34.13999938964844,34.56999969482422,34.630001068115234,19128400.0,29.68903923034668
2010-06-01,34.93000030517578,34.0,34.400001525878906,34.34000015258789,12359300.0,29.440414428710938
2010-06-02,35.209999084472656,34.459999084472656,34.4900016784668,35.20000076293945,11578700.0,30.177705764770508
2010-06-03,35.310001373291016,34.5099983215332,35.15999984741211,35.060001373291016,7212900.0,30.057682037353516
2010-06-04,34.56999969482422,33.63999938964844,34.45000076293945,33.790000915527344,11875500.0,28.9688777923584
2010-06-07,32.040000915527344,29.6200008392334,30.940000534057617,31.040000915527344,50088700.0,26.611249923706055
2010-06-08,31.350000381469727,30.719999313354492,30.959999084472656,31.15999984741211,24171700.0,26.71412467956543
2010-06-09,31.450000762939453,30.299999237060547,31.260000228881836,30.670000076293945,24847200.0,26.294048309326172
2010-06-10,31.979999542236328,30.829999923706055,30.860000610351562,31.899999618530273,23754700.0,27.34854507446289
2010-06-11,32.119998931884766,31.389999389648438,31.700000762939453,32.08000183105469,16015000.0,27.502866744995117
2010-06-14,32.75,31.829999923706055,32.38999938964844,31.8700008392334,15508200.0,27.322826385498047
2010-06-15,32.2599983215332,31.850000381469727,31.889999389648438,32.209999084472656,14741600.0,27.61431884765625
2010-06-16,32.2599983215332,31.81999969482422,32.060001373291016,31.8799991607666,15939600.0,27.331396102905273
2010-06-17,32.08000183105469,31.56999969482422,31.979999542236328,31.84000015258789,9714700.0,27.29710578918457
2010-06-18,33.5,32.41999816894531,33.45000076293945,32.43000030517578,24300000.0,27.80292510986328
2010-06-21,33.040000915527344,31.690000534057617,32.90999984741211,31.780000686645508,12220800.0,27.24567222595215
2010-06-22,31.84000015258789,31.350000381469727,31.399999618530273,31.399999618530273,11923900.0,26.91988754272461
2010-06-23,31.639999389648438,31.18000030517578,31.399999618530273,31.43000030517578,13838400.0,26.945600509643555
2010-06-24,31.280000686645508,30.510000228881836,31.209999084472656,30.790000915527344,13355600.0,26.39692497253418
2010-06-25,30.8700008392334,30.540000915527344,30.770000457763672,30.600000381469727,15624300.0,26.234031677246094
2010-06-28,31.079999923706055,30.510000228881836,30.670000076293945,30.889999389648438,8500800.0,26.482656478881836
2010-06-29,30.649999618530273,29.6200008392334,30.56999969482422,29.81999969482422,17858600.0,25.565317153930664
2010-06-30,30.25,29.219999313354492,29.940000534057617,29.31999969482422,14228800.0,25.13665771484375
2010-07-01,29.299999237060547,28.469999313354492,29.190000534057617,29.229999542236328,16773300.0,25.05949592590332
2010-07-02,29.540000915527344,28.860000610351562,29.260000228881836,29.079999923706055,7185400.0,24.93090057373047
2010-07-06,29.56999969482422,28.309999465942383,29.299999237060547,28.549999237060547,15013800.0,24.476524353027344
2010-07-07,29.139999389648438,28.299999237060547,28.790000915527344,29.1299991607666,17175500.0,24.97376823425293
2010-07-08,29.520000457763672,28.959999084472656,29.360000610351562,29.43000030517578,11450000.0,25.230960845947266
2010-07-09,29.8700008392334,29.25,29.479999542236328,29.799999237060547,8522400.0,25.548171997070312
2010-07-12,30.040000915527344,29.68000030517578,29.75,29.969999313354492,7756800.0,25.69391441345215
2010-07-13,30.68000030517578,30.110000610351562,30.110000610351562,30.549999237060547,10360200.0,26.191158294677734
2010-07-14,30.780000686645508,30.229999542236328,30.520000457763672,30.670000076293945,6297700.0,26.294048309326172
2010-07-15,30.84000015258789,30.219999313354492,30.649999618530273,30.780000686645508,7820200.0,26.388349533081055
2010-07-16,30.770000457763672,29.959999084472656,30.6200008392334,30.040000915527344,10504500.0,25.753925323486328
2010-07-19,30.309999465942383,29.899999618530273,30.09000015258789,30.15999984741211,8211700.0,25.856801986694336
2010-07-20,30.540000915527344,29.780000686645508,29.850000381469727,30.489999771118164,7235000.0,26.215784072875977
2010-07-21,30.65999984741211,29.850000381469727,30.65999984741211,29.959999084472656,8985700.0,25.760080337524414
2010-07-22,30.799999237060547,29.200000762939453,30.239999771118164,29.920000076293945,17824000.0,25.72568702697754
2010-07-23,31.1200008392334,29.8799991607666,29.940000534057617,30.93000030517578,12284100.0,26.594099044799805
2010-07-26,31.239999771118164,30.579999923706055,31.020000457763672,31.0,6062400.0,26.654287338256836
2010-07-27,31.190000534057617,30.540000915527344,31.059999465942383,30.600000381469727,8069400.0,26.31036376953125
2010-07-28,32.09000015258789,29.5,29.5,31.540000915527344,28020900.0,27.11859130859375
2010-07-29,31.940000534057617,30.600000381469727,31.31999969482422,30.899999618530273,15087600.0,26.568302154541016
2010-07-30,30.889999389648438,30.360000610351562,30.6299991607666,30.690000534057617,10946100.0,26.38774299621582
2010-08-02,31.229999542236328,30.850000381469727,31.020000457763672,31.1200008392334,7944100.0,26.75746726989746
2010-08-03,31.25,30.770000457763672,30.90999984741211,30.860000610351562,7515200.0,26.533918380737305
2010-08-04,31.100000381469727,30.559999465942383,30.829999923706055,30.559999465942383,9054400.0,26.275970458984375
2010-08-05,30.479999542236328,30.059999465942383,30.299999237060547,30.1200008392334,12994100.0,25.897653579711914
2010-08-06,30.010000228881836,29.399999618530273,29.860000610351562,29.84000015258789,9972000.0,25.656906127929688
2010-08-09,30.09000015258789,29.770000457763672,30.09000015258789,30.0,6424300.0,25.794471740722656
2010-08-10,29.969999313354492,29.450000762939453,29.8700008392334,29.68000030517578,5557900.0,25.519332885742188
2010-08-11,29.420000076293945,28.530000686645508,29.31999969482422,28.6200008392334,10788000.0,24.607919692993164
2010-08-12,29.200000762939453,28.299999237060547,28.440000534057617,28.940000534057617,12059300.0,24.883068084716797
2010-08-13,29.010000228881836,28.649999618530273,28.889999389648438,28.700000762939453,8719700.0,24.67671012878418
2010-08-16,28.799999237060547,28.399999618530273,28.579999923706055,28.700000762939453,5276600.0,24.67671012878418
2010-08-17,29.149999618530273,28.709999084472656,28.799999237060547,28.8799991607666,6424400.0,24.83147430419922
2010-08-18,29.209999084472656,28.600000381469727,28.790000915527344,29.049999237060547,7779400.0,24.97764778137207
2010-08-19,29.049999237060547,28.5,28.989999771118164,28.520000457763672,10499600.0,24.52195167541504
2010-08-20,28.56999969482422,27.950000762939453,28.530000686645508,27.989999771118164,13410500.0,24.066240310668945
2010-08-23,28.649999618530273,28.040000915527344,28.18000030517578,28.469999313354492,11243300.0,24.47895050048828
2010-08-24,28.280000686645508,27.8700008392334,28.079999923706055,27.93000030517578,10500000.0,24.0146541595459
2010-08-25,28.18000030517578,27.700000762939453,27.709999084472656,28.030000686645508,7718700.0,24.100637435913086
2010-08-26,28.309999465942383,27.75,28.309999465942383,27.760000228881836,6165600.0,23.868480682373047
2010-08-27,27.920000076293945,27.1299991607666,27.850000381469727,27.510000228881836,13479800.0,23.653526306152344
2010-08-30,27.8799991607666,27.399999618530273,27.479999542236328,27.420000076293945,5786200.0,23.57615089416504
2010-08-31,27.350000381469727,26.84000015258789,27.239999771118164,26.979999542236328,10353000.0,23.197826385498047
2010-09-01,27.989999771118164,26.860000610351562,26.860000610351562,27.979999542236328,12341300.0,24.057640075683594
2010-09-02,28.3799991607666,27.959999084472656,28.049999237060547,28.309999465942383,5537200.0,24.341384887695312
2010-09-03,29.020000457763672,28.510000228881836,28.520000457763672,28.68000030517578,6003500.0,24.659517288208008
2010-09-07,28.729999542236328,28.149999618530273,28.549999237060547,28.18000030517578,6056800.0,24.2296085357666
2010-09-08,28.6299991607666,28.110000610351562,28.209999084472656,28.489999771118164,6077800.0,24.496150970458984
2010-09-09,28.850000381469727,28.600000381469727,28.700000762939453,28.75,6355600.0,24.719701766967773
2010-09-10,29.149999618530273,28.770000457763672,28.850000381469727,29.020000457763672,5509800.0,24.951852798461914
2010-09-13,29.350000381469727,29.09000015258789,29.190000534057617,29.229999542236328,5365000.0,25.132410049438477
2010-09-14,29.469999313354492,28.979999542236328,28.979999542236328,29.270000457763672,6242000.0,25.16680908203125
2010-09-15,29.459999084472656,29.100000381469727,29.139999389648438,29.43000030517578,5586600.0,25.30437469482422
2010-09-16,29.56999969482422,29.270000457763672,29.43000030517578,29.479999542236328,5885100.0,25.347366333007812
2010-09-17,29.93000030517578,29.479999542236328,29.540000915527344,29.829999923706055,8889800.0,25.648298263549805
2010-09-20,30.399999618530273,29.75,29.950000762939453,30.299999237060547,7642700.0,26.05241584777832
2010-09-21,30.399999618530273,29.920000076293945,30.030000686645508,30.040000915527344,8570100.0,25.828859329223633
2010-09-22,30.270000457763672,29.860000610351562,30.010000228881836,30.09000015258789,4860700.0,25.871854782104492
2010-09-23,30.350000381469727,29.780000686645508,29.829999923706055,29.899999618530273,8044800.0,25.708494186401367
2010-09-24,31.18000030517578,30.139999389648438,30.350000381469727,31.010000228881836,10439000.0,26.662887573242188
2010-09-27,31.1299991607666,30.59000015258789,31.1200008392334,30.610000610351562,6643000.0,26.318958282470703
2010-09-28,31.700000762939453,30.920000076293945,31.260000228881836,31.450000762939453,12925000.0,27.04120635986328
2010-09-29,31.600000381469727,31.260000228881836,31.260000228881836,31.290000915527344,8364300.0,26.90363121032715
2010-09-30,31.75,31.239999771118164,31.329999923706055,31.469999313354492,8564400.0,27.058399200439453
2010-10-01,32.02000045776367,31.530000686645508,31.670000076293945,31.780000686645508,8486700.0,27.324947357177734
2010-10-04,32.11000061035156,31.34000015258789,31.639999389648438,31.43000030517578,6105600.0,27.024002075195312
2010-10-05,32.47999954223633,31.600000381469727,31.68000030517578,32.060001373291016,10511300.0,27.565692901611328
2010-10-06,32.40999984741211,31.959999084472656,32.04999923706055,32.40999984741211,7862000.0,27.866628646850586
2010-10-07,32.5,31.8700008392334,32.43000030517578,31.979999542236328,8987200.0,27.496910095214844
2010-10-08,31.440000534057617,30.610000610351562,31.09000015258789,31.25,22302100.0,26.869237899780273
2010-10-11,31.309999465942383,31.020000457763672,31.209999084472656,31.049999237060547,6981900.0,26.697277069091797
2010-10-12,31.100000381469727,30.770000457763672,30.940000534057617,30.950000762939453,8351900.0,26.611299514770508
2010-10-13,31.969999313354492,30.8700008392334,30.989999771118164,31.639999389648438,14309000.0,27.204565048217773
2010-10-14,31.739999771118164,30.950000762939453,31.65999984741211,31.25,7953300.0,26.869237899780273
2010-10-15,31.559999465942383,31.149999618530273,31.469999313354492,31.309999465942383,8178000.0,26.92083168029785
2010-10-18,31.350000381469727,30.979999542236328,31.25,31.25,7403700.0,26.869237899780273
2010-10-19,31.190000534057617,30.399999618530273,30.979999542236328,30.549999237060547,8000300.0,26.267364501953125
2010-10-20,31.170000076293945,30.540000915527344,30.549999237060547,31.030000686645508,6474300.0,26.7567195892334
2010-10-21,31.530000686645508,30.8799991607666,31.079999923706055,31.25,7681300.0,26.94642448425293
2010-10-22,31.65999984741211,31.1299991607666,31.209999084472656,31.360000610351562,7790400.0,27.041271209716797
2010-10-25,31.760000228881836,31.170000076293945,31.579999923706055,31.229999542236328,7958800.0,26.92917251586914
2010-10-26,31.25,30.56999969482422,31.100000381469727,30.770000457763672,11678000.0,26.53252410888672
2010-10-27,30.8799991607666,30.209999084472656,30.579999923706055,30.84000015258789,10250800.0,26.592884063720703
2010-10-28,30.920000076293945,30.450000762939453,30.920000076293945,30.65999984741211,9836500.0,26.43767547607422
2010-10-29,30.579999923706055,30.1200008392334,30.549999237060547,30.1299991607666,13280800.0,25.98065948486328
2010-11-01,30.40999984741211,29.700000762939453,30.299999237060547,29.899999618530273,10960600.0,25.78233528137207
2010-11-02,30.889999389648438,30.010000228881836,30.139999389648438,30.530000686645508,16851300.0,26.325572967529297
2010-11-03,31.100000381469727,30.309999465942383,30.309999465942383,30.8700008392334,16641100.0,26.618755340576172
2010-11-04,31.530000686645508,31.030000686645508,31.149999618530273,31.510000228881836,10626200.0,27.17061424255371
2010-11-05,31.579999923706055,30.670000076293945,31.510000228881836,30.940000534057617,11079100.0,26.67911148071289
2010-11-08,31.309999465942383,30.84000015258789,30.84000015258789,31.229999542236328,8818000.0,26.92917251586914
2010-11-09,31.399999618530273,30.899999618530273,31.260000228881836,31.030000686645508,8832800.0,26.7567195892334
2010-11-10,31.149999618530273,30.610000610351562,30.90999984741211,31.1299991607666,8552000.0,26.842947006225586
2010-11-11,31.06999969482422,30.719999313354492,31.030000686645508,30.860000610351562,8930300.0,26.610126495361328
2010-11-12,30.75,29.989999771118164,30.65999984741211,30.239999771118164,12041300.0,26.075511932373047
2010-11-15,30.420000076293945,30.020000457763672,30.280000686645508,30.049999237060547,7381800.0,25.91167449951172
2010-11-16,30.190000534057617,29.450000762939453,29.940000534057617,29.649999618530273,11385100.0,25.566757202148438
2010-11-17,30.079999923706055,29.670000076293945,29.739999771118164,29.829999923706055,8515500.0,25.721973419189453
2010-11-18,30.979999542236328,30.309999465942383,30.579999923706055,30.790000915527344,13437000.0,26.549772262573242
2010-11-19,31.040000915527344,30.770000457763672,30.799999237060547,31.030000686645508,9657700.0,26.7567195892334
2010-11-22,31.229999542236328,30.770000457763672,30.770000457763672,30.979999542236328,9134400.0,26.71359634399414
2010-11-23,31.010000228881836,30.489999771118164,30.68000030517578,31.0,10495200.0,26.73085594177246
2010-11-24,31.690000534057617,31.030000686645508,31.139999389648438,31.559999465942383,9411900.0,27.213729858398438
2010-11-26,31.3799991607666,31.09000015258789,31.15999984741211,31.149999618530273,3299200.0,26.860185623168945
2010-11-29,31.540000915527344,30.729999542236328,30.899999618530273,31.440000534057617,9972400.0,27.110254287719727
2010-11-30,31.299999237060547,30.979999542236328,31.170000076293945,31.0,10676300.0,26.73085594177246
2010-12-01,31.989999771118164,31.399999618530273,31.440000534057617,31.8700008392334,8974900.0,27.481042861938477
2010-12-02,32.400001525878906,31.899999618530273,31.969999313354492,31.979999542236328,9631000.0,27.575889587402344
2010-12-03,32.5,31.829999923706055,31.8799991607666,32.41999816894531,7413200.0,27.95528793334961
2010-12-06,32.540000915527344,32.13999938964844,32.349998474121094,32.52000045776367,6463200.0,28.04152488708496
2010-12-07,33.25,32.79999923706055,32.86000061035156,33.060001373291016,12362000.0,28.507164001464844
2010-12-08,33.43000030517578,32.93000030517578,33.0,33.29999923706055,9235800.0,28.71410369873047
2010-12-09,33.619998931884766,33.20000076293945,33.4900016784668,33.59000015258789,11272700.0,28.96416664123535
2010-12-10,33.7599983215332,33.209999084472656,33.59000015258789,33.650001525878906,8297100.0,29.015911102294922
2010-12-13,33.97999954223633,33.65999984741211,33.75,33.75,10681300.0,29.102140426635742
2010-12-14,34.18000030517578,33.790000915527344,33.790000915527344,34.08000183105469,8700400.0,29.386686325073242
2010-12-15,34.040000915527344,33.59000015258789,33.88999938964844,33.84000015258789,11929500.0,29.17974281311035
2010-12-16,34.560001373291016,33.83000183105469,33.84000015258789,34.560001373291016,10026400.0,29.80059051513672
2010-12-17,34.540000915527344,34.130001068115234,34.5,34.400001525878906,10891400.0,29.66262435913086
2010-12-20,34.599998474121094,34.15999984741211,34.599998474121094,34.36000061035156,7264200.0,29.628129959106445
2010-12-21,34.66999816894531,34.2599983215332,34.540000915527344,34.47999954223633,6278600.0,29.731605529785156
2010-12-22,35.459999084472656,34.810001373291016,34.970001220703125,34.95000076293945,9685300.0,30.136871337890625
2010-12-23,34.93000030517578,34.529998779296875,34.83000183105469,34.709999084472656,5185200.0,29.929931640625
2010-12-27,34.7599983215332,34.41999816894531,34.58000183105469,34.650001525878906,2783300.0,29.878198623657227
2010-12-28,34.939998626708984,34.650001525878906,34.68000030517578,34.75,3455500.0,29.96442222595215
2010-12-29,34.97999954223633,34.689998626708984,34.7400016784668,34.900001525878906,5451900.0,30.093765258789062
2010-12-30,35.220001220703125,34.70000076293945,34.7400016784668,35.0,4711000.0,30.179996490478516
2010-12-31,35.189998626708984,34.689998626708984,34.86000061035156,34.77000045776367,5031800.0,29.981666564941406
2011-01-03,35.16999816894531,34.790000915527344,34.939998626708984,35.04999923706055,8164600.0,30.22310447692871
2011-01-04,35.08000183105469,34.400001525878906,35.0,35.02000045776367,9891900.0,30.197229385375977
2011-01-05,35.43000030517578,34.79999923706055,34.86000061035156,35.38999938964844,10946500.0,30.51628303527832
2011-01-06,35.310001373291016,34.849998474121094,35.29999923706055,35.029998779296875,8680000.0,30.205862045288086
2011-01-07,35.34000015258789,34.810001373291016,35.0,35.04999923706055,8220600.0,30.22310447692871
2011-01-10,35.33000183105469,34.95000076293945,34.95000076293945,35.18000030517578,6579400.0,30.3351993560791
2011-01-11,35.7400016784668,35.13999938964844,35.2400016784668,35.33000183105469,8869300.0,30.464550018310547
2011-01-12,35.95000076293945,34.720001220703125,35.439998626708984,34.810001373291016,13151500.0,30.016162872314453
2011-01-13,34.880001068115234,34.459999084472656,34.77000045776367,34.86000061035156,8165500.0,30.05927276611328
2011-01-14,35.150001525878906,34.630001068115234,34.880001068115234,35.08000183105469,7016700.0,30.24896812438965
2011-01-18,35.209999084472656,34.88999938964844,34.88999938964844,35.13999938964844,6310400.0,30.30071258544922
2011-01-19,35.02000045776367,34.209999084472656,34.939998626708984,34.5,8813700.0,29.85504913330078
2011-01-20,35.5,34.5,34.5,35.310001373291016,11020400.0,30.55599594116211
2011-01-21,35.810001373291016,35.290000915527344,35.529998779296875,35.40999984741211,8628700.0,30.642526626586914
2011-01-24,35.470001220703125,34.95000076293945,35.31999969482422,34.9900016784668,7058100.0,30.279075622558594
2011-01-25,35.18000030517578,34.779998779296875,35.02000045776367,35.15999984741211,6791900.0,30.426185607910156
2011-01-26,35.900001525878906,35.13999938964844,35.189998626708984,35.599998474121094,12063800.0,30.806943893432617
2011-01-27,35.7599983215332,35.380001068115234,35.58000183105469,35.709999084472656,8293500.0,30.902145385742188
2011-01-28,35.79999923706055,34.68000030517578,35.779998779296875,34.79999923706055,9347000.0,30.11466407775879
2011-01-31,34.65999984741211,33.619998931884766,33.7400016784668,34.20000076293945,12032900.0,29.595436096191406
2011-02-01,35.2400016784668,34.0099983215332,34.189998626708984,34.95000076293945,13108400.0,30.24445915222168
2011-02-02,35.29999923706055,34.369998931884766,34.900001525878906,34.650001525878906,12729600.0,29.98485565185547
2011-02-03,33.540000915527344,32.290000915527344,33.41999816894531,32.91999816894531,44349700.0,28.487775802612305
2011-02-04,33.060001373291016,32.27000045776367,33.040000915527344,32.66999816894531,24230000.0,28.271432876586914
2011-02-07,33.2599983215332,32.54999923706055,32.630001068115234,32.93000030517578,14279000.0,28.496429443359375
2011-02-08,33.400001525878906,32.95000076293945,33.0099983215332,33.29999923706055,9865500.0,28.816606521606445
2011-02-09,33.7599983215332,33.0,33.279998779296875,33.31999969482422,12781200.0,28.833921432495117
2011-02-10,33.41999816894531,32.81999969482422,33.25,32.959999084472656,13208800.0,28.522390365600586
2011-02-11,33.060001373291016,32.36000061035156,32.790000915527344,33.029998779296875,11284400.0,28.58296775817871
2011-02-14,33.0,32.68000030517578,32.88999938964844,32.77000045776367,9032500.0,28.357969284057617
2011-02-15,33.150001525878906,32.41999816894531,32.59000015258789,32.97999954223633,15813100.0,28.53969383239746
2011-02-16,33.119998931884766,32.40999984741211,32.939998626708984,32.709999084472656,16244100.0,28.30604362487793
2011-02-17,32.90999984741211,32.41999816894531,32.689998626708984,32.7599983215332,12102300.0,28.349315643310547
2011-02-18,33.099998474121094,32.72999954223633,32.84000015258789,33.060001373291016,7496100.0,28.608924865722656
2011-02-22,33.029998779296875,32.43000030517578,32.47999954223633,32.70000076293945,13551700.0,28.297395706176758
2011-02-23,32.810001373291016,32.099998474121094,32.529998779296875,32.2400016784668,12870300.0,27.899324417114258
2011-02-24,32.630001068115234,32.08000183105469,32.13999938964844,32.5099983215332,9454800.0,28.132972717285156
2011-02-25,33.04999923706055,32.400001525878906,32.5099983215332,32.939998626708984,7388700.0,28.505075454711914
2011-02-28,33.310001373291016,32.849998474121094,32.849998474121094,33.060001373291016,10834600.0,28.608924865722656
2011-03-01,33.61000061035156,33.0,33.209999084472656,33.099998474121094,12715800.0,28.643537521362305
2011-03-02,33.34000015258789,32.72999954223633,32.97999954223633,32.7599983215332,9426000.0,28.349315643310547
2011-03-03,33.7599983215332,32.95000076293945,33.02000045776367,33.470001220703125,10770600.0,28.963726043701172
2011-03-04,33.7400016784668,32.779998779296875,33.40999984741211,33.0099983215332,9845900.0,28.565654754638672
2011-03-07,33.31999969482422,32.75,33.15999984741211,32.83000183105469,7027500.0,28.409894943237305
2011-03-08,33.540000915527344,32.91999816894531,32.93000030517578,33.36000061035156,7032500.0,28.868534088134766
2011-03-09,34.25,33.36000061035156,33.380001068115234,34.06999969482422,13103500.0,29.482942581176758
2011-03-10,34.2400016784668,33.650001525878906,33.869998931884766,34.029998779296875,10953000.0,29.44832992553711
2011-03-11,34.099998474121094,33.630001068115234,33.790000915527344,34.0,8124000.0,29.422367095947266
2011-03-14,33.959999084472656,33.220001220703125,33.869998931884766,33.52000045776367,9627800.0,29.006996154785156
2011-03-15,33.279998779296875,32.79999923706055,33.06999969482422,33.130001068115234,11714100.0,28.669504165649414
2011-03-16,33.15999984741211,32.5,32.97999954223633,32.880001068115234,17359600.0,28.453161239624023
2011-03-17,33.470001220703125,32.81999969482422,33.27000045776367,32.97999954223633,8689300.0,28.53969383239746
2011-03-18,33.86000061035156,33.31999969482422,33.540000915527344,33.61000061035156,12541000.0,29.084884643554688
2011-03-21,34.060001373291016,33.650001525878906,33.86000061035156,33.72999954223633,7430700.0,29.188718795776367
2011-03-22,33.650001525878906,33.220001220703125,33.47999954223633,33.40999984741211,8587100.0,28.91179656982422
2011-03-23,33.689998626708984,33.34000015258789,33.47999954223633,33.650001525878906,7275500.0,29.119491577148438
2011-03-24,34.18000030517578,33.540000915527344,33.810001373291016,34.0,9355000.0,29.422367095947266
2011-03-25,34.119998931884766,33.810001373291016,34.09000015258789,33.88999938964844,6037000.0,29.327173233032227
2011-03-28,34.16999816894531,33.61000061035156,34.02000045776367,33.61000061035156,7061200.0,29.084884643554688
2011-03-29,33.81999969482422,33.380001068115234,33.560001373291016,33.79999923706055,6965700.0,29.24929428100586
2011-03-30,34.060001373291016,33.58000183105469,34.0,33.63999938964844,7519100.0,29.110830307006836
2011-03-31,34.31999969482422,33.529998779296875,33.54999923706055,34.31999969482422,11492600.0,29.699289321899414
2011-04-01,34.959999084472656,34.209999084472656,34.25,34.959999084472656,9924300.0,30.25312042236328
2011-04-04,34.9900016784668,34.529998779296875,34.81999969482422,34.77000045776367,7611300.0,30.08869171142578
2011-04-05,35.20000076293945,34.689998626708984,34.7599983215332,35.0,6992300.0,30.2877254486084
2011-04-06,36.13999938964844,35.279998779296875,35.38999938964844,35.7599983215332,18224200.0,30.94540023803711
2011-04-07,35.790000915527344,35.29999923706055,35.599998474121094,35.470001220703125,7235600.0,30.694456100463867
2011-04-08,36.90999984741211,36.02000045776367,36.15999984741211,36.22999954223633,14094500.0,31.352134704589844
2011-04-11,36.459999084472656,35.95000076293945,36.0099983215332,36.040000915527344,7231700.0,31.187702178955078
2011-04-12,36.130001068115234,35.63999938964844,35.90999984741211,36.11000061035156,10810800.0,31.248291015625
2011-04-13,36.20000076293945,35.43000030517578,35.95000076293945,35.619998931884766,7637300.0,30.824249267578125
2011-04-14,36.060001373291016,35.459999084472656,35.56999969482422,35.61000061035156,9435100.0,30.815603256225586
2011-04-15,36.130001068115234,35.650001525878906,35.88999938964844,35.869998931884766,10713600.0,31.040597915649414
2011-04-18,35.779998779296875,35.33000183105469,35.52000045776367,35.56999969482422,6935300.0,30.780982971191406
2011-04-19,35.810001373291016,35.20000076293945,35.38999938964844,35.79999923706055,5829000.0,31.089277267456055
2011-04-20,36.29999923706055,35.97999954223633,36.11000061035156,36.25,6526900.0,31.48006248474121
2011-04-21,36.34000015258789,36.130001068115234,36.2400016784668,36.209999084472656,4603300.0,31.445316314697266
2011-04-25,36.220001220703125,35.93000030517578,36.04999923706055,36.02000045776367,3879700.0,31.280336380004883
2011-04-26,36.630001068115234,36.08000183105469,36.13999938964844,36.09000015258789,9300000.0,31.341115951538086
2011-04-27,36.47999954223633,36.04999923706055,36.15999984741211,36.369998931884766,7989700.0,31.584272384643555
2011-04-28,36.31999969482422,36.02000045776367,36.25,36.25,8127800.0,31.48006248474121
2011-04-29,36.369998931884766,36.04999923706055,36.209999084472656,36.220001220703125,4900000.0,31.45400047302246
2011-05-02,36.5,36.08000183105469,36.40999984741211,36.150001525878906,8068600.0,31.39322853088379
2011-05-03,36.75,36.0,36.0099983215332,36.5099983215332,9235000.0,31.70585060119629
2011-05-04,36.849998474121094,36.040000915527344,36.560001373291016,36.119998931884766,10139200.0,31.36716651916504
2011-05-05,36.79999923706055,35.72999954223633,36.13999938964844,36.790000915527344,12028400.0,31.949007034301758
2011-05-06,37.279998779296875,36.86000061035156,36.959999084472656,37.02000045776367,8527800.0,32.14875030517578
2011-05-09,37.63999938964844,36.9900016784668,37.06999969482422,37.47999954223633,7841800.0,32.54822540283203
2011-05-10,37.5099983215332,37.150001525878906,37.349998474121094,37.4900016784668,5477300.0,32.5568962097168
2011-05-11,37.72999954223633,37.29999923706055,37.36000061035156,37.5,6439100.0,32.565574645996094
2011-05-12,38.209999084472656,37.54999923706055,37.779998779296875,38.189998626708984,8613500.0,33.16477584838867
2011-05-13,38.25,37.84000015258789,38.13999938964844,38.130001068115234,6652000.0,33.11268997192383
2011-05-16,38.45000076293945,37.77000045776367,38.0099983215332,38.349998474121094,6729600.0,33.3037223815918
2011-05-17,38.709999084472656,38.13999938964844,38.15999984741211,38.619998931884766,8689000.0,33.53821563720703
2011-05-18,38.70000076293945,38.29999923706055,38.63999938964844,38.54999923706055,6078400.0,33.47742462158203
2011-05-19,38.59000015258789,38.25,38.56999969482422,38.43000030517578,4887400.0,33.37319564819336
2011-05-20,38.59000015258789,38.06999969482422,38.31999969482422,38.400001525878906,6740400.0,33.3471565246582
2011-05-23,38.29999923706055,37.810001373291016,38.06999969482422,37.970001220703125,6930400.0,32.9737434387207
2011-05-24,38.33000183105469,37.959999084472656,38.08000183105469,38.16999816894531,7593700.0,33.14741516113281
2011-05-25,38.310001373291016,37.849998474121094,37.849998474121094,38.16999816894531,9152500.0,33.14741516113281
2011-05-26,38.349998474121094,37.959999084472656,38.15999984741211,38.150001525878906,9296500.0,33.13005828857422
2011-05-27,39.5,38.72999954223633,38.84000015258789,38.79999923706055,23917700.0,33.69451904296875
2011-05-31,39.150001525878906,38.29999923706055,39.06999969482422,38.689998626708984,10957300.0,33.5989990234375
2011-06-01,38.9900016784668,38.25,38.63999938964844,38.380001068115234,9061000.0,33.32978820800781
2011-06-02,38.599998474121094,38.2599983215332,38.369998931884766,38.529998779296875,12744100.0,33.46004104614258
2011-06-03,38.400001525878906,37.869998931884766,38.150001525878906,37.970001220703125,9741500.0,32.9737434387207
2011-06-06,38.040000915527344,37.150001525878906,37.86000061035156,37.25,12911600.0,32.34847640991211
2011-06-07,37.66999816894531,37.310001373291016,37.38999938964844,37.369998931884766,8675300.0,32.452693939208984
2011-06-08,37.7400016784668,37.150001525878906,37.150001525878906,37.5099983215332,7311500.0,32.57426834106445
2011-06-09,37.970001220703125,37.459999084472656,37.61000061035156,37.75,5239300.0,32.78269577026367
2011-06-10,37.70000076293945,37.20000076293945,37.560001373291016,37.209999084472656,5917600.0,32.313743591308594
2011-06-13,37.599998474121094,37.119998931884766,37.29999923706055,37.310001373291016,4728100.0,32.40058135986328
2011-06-14,38.0,37.619998931884766,37.77000045776367,37.90999984741211,5614000.0,32.921630859375
2011-06-15,37.86000061035156,36.9900016784668,37.630001068115234,37.15999984741211,10061600.0,32.27031707763672
2011-06-16,37.65999984741211,37.18000030517578,37.2400016784668,37.34000015258789,9242600.0,32.426639556884766
2011-06-17,37.63999938964844,37.18000030517578,37.59000015258789,37.33000183105469,8389600.0,32.417945861816406
2011-06-20,37.75,37.16999816894531,37.25,37.4900016784668,6372300.0,32.5568962097168
2011-06-21,38.119998931884766,37.70000076293945,38.029998779296875,37.83000183105469,10691900.0,32.85215759277344
2011-06-22,37.97999954223633,37.439998626708984,37.66999816894531,37.45000076293945,7443800.0,32.522151947021484
2011-06-23,37.130001068115234,36.470001220703125,37.130001068115234,36.81999969482422,12646500.0,31.975061416625977
2011-06-24,37.06999969482422,36.290000915527344,36.91999816894531,36.41999816894531,11444800.0,31.627696990966797
2011-06-27,36.720001220703125,36.11000061035156,36.470001220703125,36.52000045776367,7589800.0,31.714534759521484
2011-06-28,36.77000045776367,36.43000030517578,36.709999084472656,36.70000076293945,4856800.0,31.870851516723633
2011-06-29,37.06999969482422,36.650001525878906,36.68000030517578,36.88999938964844,5150000.0,32.03584671020508
2011-06-30,37.63999938964844,36.880001068115234,37.0099983215332,37.58000183105469,6429800.0,32.63506317138672
2011-07-01,38.029998779296875,37.31999969482422,37.650001525878906,37.970001220703125,6540100.0,32.9737434387207
2011-07-05,37.91999816894531,37.5,37.84000015258789,37.689998626708984,4724100.0,32.73057556152344
2011-07-06,38.0,37.63999938964844,37.84000015258789,37.7599983215332,6278200.0,32.79137420654297
2011-07-07,38.70000076293945,38.02000045776367,38.060001373291016,38.540000915527344,6997700.0,33.46874237060547
2011-07-08,38.150001525878906,37.7599983215332,38.0099983215332,38.099998474121094,6043200.0,33.08662414550781
2011-07-11,37.90999984741211,37.279998779296875,37.61000061035156,37.439998626708984,7548400.0,32.51347732543945
2011-07-12,37.93000030517578,37.2599983215332,37.31999969482422,37.369998931884766,6739000.0,32.452693939208984
2011-07-13,37.68000030517578,37.150001525878906,37.58000183105469,37.29999923706055,5727500.0,32.39189910888672
2011-07-14,37.459999084472656,36.880001068115234,37.29999923706055,36.970001220703125,6113700.0,32.10531997680664
2011-07-15,37.09000015258789,36.540000915527344,37.029998779296875,36.81999969482422,5798600.0,31.975061416625977
2011-07-18,36.75,36.349998474121094,36.709999084472656,36.7400016784668,5875300.0,31.905588150024414
2011-07-19,37.189998626708984,36.68000030517578,36.79999923706055,37.119998931884766,6626500.0,32.23558044433594
2011-07-20,37.099998474121094,36.709999084472656,36.86000061035156,36.95000076293945,4815200.0,32.196380615234375
2011-07-21,38.81999969482422,37.5,37.86000061035156,37.81999969482422,25907700.0,32.95445251464844
2011-07-22,38.0,37.29999923706055,37.880001068115234,37.349998474121094,9280200.0,32.5449104309082
2011-07-25,37.310001373291016,36.95000076293945,37.119998931884766,37.060001373291016,5090700.0,32.292213439941406
2011-07-26,37.27000045776367,36.79999923706055,37.2599983215332,36.86000061035156,6365700.0,32.117950439453125
2011-07-27,36.86000061035156,35.97999954223633,36.709999084472656,36.060001373291016,10394500.0,31.420881271362305
2011-07-28,36.84000015258789,36.0099983215332,36.02000045776367,36.41999816894531,8919400.0,31.73455238342285
2011-07-29,36.540000915527344,35.970001220703125,36.06999969482422,36.349998474121094,8812700.0,31.673561096191406
2011-08-01,37.15999984741211,36.22999954223633,36.779998779296875,36.68000030517578,11393400.0,31.961111068725586
2011-08-02,36.959999084472656,36.25,36.349998474121094,36.349998474121094,12410100.0,31.673561096191406
2011-08-03,36.43000030517578,35.54999923706055,36.34000015258789,36.209999084472656,12029800.0,31.55157470703125
2011-08-04,35.58000183105469,34.0,35.369998931884766,34.0,20281200.0,29.625892639160156
2011-08-05,34.5,33.25,34.349998474121094,34.150001525878906,16941100.0,29.7565975189209
2011-08-08,33.650001525878906,32.29999923706055,33.11000061035156,32.310001373291016,16815300.0,28.153310775756836
2011-08-09,33.2599983215332,31.299999237060547,32.75,33.22999954223633,20834700.0,28.9549503326416
2011-08-10,33.08000183105469,31.81999969482422,32.689998626708984,32.060001373291016,14727700.0,27.93547248840332
2011-08-11,33.61000061035156,31.790000915527344,31.790000915527344,33.2599983215332,13133400.0,28.98109245300293
2011-08-12,33.70000076293945,32.900001525878906,33.459999084472656,33.25,10450200.0,28.97238540649414
2011-08-15,34.0,33.209999084472656,33.41999816894531,34.0,7881400.0,29.625892639160156
2011-08-16,34.15999984741211,33.540000915527344,33.619998931884766,33.79999923706055,9636900.0,29.451616287231445
2011-08-17,34.7599983215332,33.869998931884766,33.90999984741211,34.380001068115234,8737100.0,29.956998825073242
2011-08-18,33.72999954223633,32.540000915527344,33.709999084472656,32.95000076293945,12262400.0,28.71097183227539
2011-08-19,33.15999984741211,32.349998474121094,32.5,32.369998931884766,10449800.0,28.205589294433594
2011-08-22,33.099998474121094,32.13999938964844,33.04999923706055,32.209999084472656,9898500.0,28.066173553466797
2011-08-23,33.400001525878906,32.18000030517578,32.2599983215332,33.38999938964844,10228100.0,29.094371795654297
2011-08-24,34.5,33.72999954223633,33.79999923706055,34.439998626708984,11902000.0,30.009279251098633
2011-08-25,34.900001525878906,33.88999938964844,34.59000015258789,33.970001220703125,9072600.0,29.599750518798828
2011-08-26,34.619998931884766,33.13999938964844,33.81999969482422,34.34000015258789,8569100.0,29.922149658203125
2011-08-29,35.58000183105469,34.61000061035156,34.75,35.54999923706055,6822100.0,30.976484298706055
2011-08-30,36.0,35.209999084472656,35.41999816894531,35.7599983215332,9001400.0,31.159467697143555
2011-08-31,36.31999969482422,35.65999984741211,35.83000183105469,35.90999984741211,8120400.0,31.29016876220703
2011-09-01,36.369998931884766,35.77000045776367,35.849998474121094,35.779998779296875,8056500.0,31.1768856048584
2011-09-02,36.08000183105469,35.380001068115234,35.59000015258789,35.43000030517578,9795900.0,30.871923446655273
2011-09-06,35.86000061035156,34.2599983215332,34.43000030517578,35.810001373291016,11303700.0,31.20302963256836
2011-09-07,37.029998779296875,36.15999984741211,36.16999816894531,37.029998779296875,10271100.0,32.26608657836914
2011-09-08,37.459999084472656,36.5099983215332,36.720001220703125,37.02000045776367,8618800.0,32.25736618041992
2011-09-09,36.79999923706055,36.060001373291016,36.689998626708984,36.5,13548200.0,31.804262161254883
2011-09-12,36.84000015258789,36.02000045776367,36.040000915527344,36.779998779296875,8952000.0,32.048240661621094
2011-09-13,36.709999084472656,36.349998474121094,36.52000045776367,36.560001373291016,12029600.0,31.856552124023438
2011-09-14,37.040000915527344,36.34000015258789,36.630001068115234,36.66999816894531,13832500.0,31.952381134033203
2011-09-15,37.18000030517578,36.38999938964844,36.900001525878906,36.900001525878906,13947800.0,32.15279769897461
2011-09-16,37.209999084472656,36.16999816894531,37.119998931884766,36.220001220703125,14872400.0,31.560279846191406
2011-09-19,35.9900016784668,35.45000076293945,35.75,35.689998626708984,10584300.0,31.098466873168945
2011-09-20,36.34000015258789,35.56999969482422,35.88999938964844,35.810001373291016,11193400.0,31.20302963256836
2011-09-21,36.16999816894531,35.29999923706055,35.7400016784668,35.33000183105469,8727700.0,30.784799575805664
2011-09-22,34.880001068115234,34.189998626708984,34.33000183105469,34.61000061035156,15450300.0,30.15742301940918
2011-09-23,34.5099983215332,33.88999938964844,34.290000915527344,34.130001068115234,13772600.0,29.739168167114258
2011-09-26,34.47999954223633,33.880001068115234,34.209999084472656,34.400001525878906,7557300.0,29.97443199157715
2011-09-27,35.43000030517578,34.310001373291016,34.90999984741211,34.689998626708984,16772700.0,30.22712516784668
2011-09-28,35.0,33.95000076293945,34.70000076293945,34.02000045776367,13241900.0,29.643310546875
2011-09-29,34.5099983215332,33.439998626708984,34.5,34.08000183105469,10468300.0,29.695600509643555
2011-09-30,34.18000030517578,33.5,33.68000030517578,33.59000015258789,11725500.0,29.268625259399414
2011-10-03,33.869998931884766,32.95000076293945,33.5099983215332,32.970001220703125,17712400.0,28.72840690612793
2011-10-04,33.040000915527344,32.279998779296875,32.599998474121094,33.0,20300000.0,28.754541397094727
2011-10-05,33.43000030517578,32.709999084472656,33.13999938964844,33.27000045776367,14316400.0,28.989803314208984
2011-10-06,33.790000915527344,33.130001068115234,33.130001068115234,33.75,11177000.0,29.40806007385254
2011-10-07,34.06999969482422,33.619998931884766,33.91999816894531,33.779998779296875,8338100.0,29.434188842773438
2011-10-10,34.560001373291016,34.15999984741211,34.2400016784668,34.349998474121094,6295100.0,29.930871963500977
2011-10-11,34.470001220703125,34.04999923706055,34.2599983215332,34.369998931884766,20192300.0,29.948291778564453
2011-10-12,35.0099983215332,34.380001068115234,34.4900016784668,34.66999816894531,9054300.0,30.209697723388672
2011-10-13,34.790000915527344,34.400001525878906,34.439998626708984,34.70000076293945,7503900.0,30.23583984375
2011-10-14,35.18000030517578,34.7400016784668,35.11000061035156,35.130001068115234,6919200.0,30.610511779785156
2011-10-17,35.209999084472656,34.650001525878906,34.900001525878906,34.790000915527344,6849400.0,30.314258575439453
2011-10-18,35.27000045776367,34.63999938964844,34.70000076293945,35.150001525878906,9246400.0,30.627944946289062
2011-10-19,35.209999084472656,34.630001068115234,34.86000061035156,34.720001220703125,9288700.0,30.36123275756836
2011-10-20,34.95000076293945,34.279998779296875,34.790000915527344,34.779998779296875,8323200.0,30.4137020111084
2011-10-21,35.54999923706055,35.04999923706055,35.13999938964844,35.54999923706055,9348000.0,31.087039947509766
2011-10-24,36.0,35.45000076293945,35.56999969482422,35.810001373291016,6233800.0,31.31439208984375
2011-10-25,36.099998474121094,35.4900016784668,35.4900016784668,35.70000076293945,7641900.0,31.21820831298828
2011-10-26,36.34000015258789,35.58000183105469,36.060001373291016,36.220001220703125,12946400.0,31.672924041748047
2011-10-27,37.5,36.63999938964844,36.81999969482422,37.279998779296875,13610900.0,32.599853515625
2011-10-28,37.36000061035156,36.68000030517578,37.119998931884766,36.84000015258789,7706900.0,32.215087890625
2011-10-31,36.84000015258789,36.2599983215332,36.31999969482422,36.33000183105469,7509700.0,31.76911735534668
2011-11-01,35.88999938964844,35.09000015258789,35.41999816894531,35.45000076293945,10089500.0,30.99958610534668
2011-11-02,36.09000015258789,35.56999969482422,35.95000076293945,35.77000045776367,8569300.0,31.279415130615234
2011-11-03,37.41999816894531,36.77000045776367,36.970001220703125,37.310001373291016,18324000.0,32.62608337402344
2011-11-04,38.099998474121094,37.029998779296875,37.310001373291016,38.02000045776367,15695500.0,33.24695587158203
2011-11-07,38.349998474121094,37.75,38.04999923706055,38.22999954223633,11652500.0,33.43058776855469
2011-11-08,39.08000183105469,38.04999923706055,38.25,39.040000915527344,18018000.0,34.138893127441406
2011-11-09,38.970001220703125,37.560001373291016,38.06999969482422,38.38999938964844,13900500.0,33.57049560546875
2011-11-10,38.95000076293945,38.0,38.650001525878906,38.5,9947800.0,33.66669464111328
2011-11-11,39.400001525878906,38.779998779296875,38.869998931884766,39.2400016784668,7942400.0,34.31378936767578
2011-11-14,39.2599983215332,38.58000183105469,39.02000045776367,38.77000045776367,7651400.0,33.90279006958008
2011-11-15,39.25,38.689998626708984,38.83000183105469,38.95000076293945,7521400.0,34.06019973754883
2011-11-16,39.029998779296875,38.439998626708984,38.58000183105469,38.47999954223633,9365000.0,33.649208068847656
2011-11-17,38.880001068115234,38.150001525878906,38.34000015258789,38.47999954223633,9499600.0,33.649208068847656
2011-11-18,38.619998931884766,37.95000076293945,38.540000915527344,38.15999984741211,11573800.0,33.3693733215332
2011-11-21,38.150001525878906,37.560001373291016,37.779998779296875,37.720001220703125,11052900.0,32.98461151123047
2011-11-22,38.06999969482422,37.529998779296875,37.59000015258789,37.599998474121094,7906300.0,32.879669189453125
2011-11-23,37.52000045776367,36.90999984741211,37.41999816894531,37.040000915527344,11799700.0,32.38997268676758
2011-11-25,37.22999954223633,36.849998474121094,36.91999816894531,36.849998474121094,4440800.0,32.22382736206055
2011-11-28,37.869998931884766,37.119998931884766,37.599998474121094,37.380001068115234,9328200.0,32.687294006347656
2011-11-29,37.84000015258789,37.40999984741211,37.68000030517578,37.68000030517578,6237400.0,32.94963073730469
2011-11-30,39.29999923706055,38.619998931884766,38.66999816894531,38.84000015258789,13872900.0,33.9640007019043
2011-12-01,39.119998931884766,38.38999938964844,38.65999984741211,38.47999954223633,9832200.0,33.649208068847656
2011-12-02,38.810001373291016,38.20000076293945,38.720001220703125,38.290000915527344,9786500.0,33.48305892944336
2011-12-05,38.75,38.189998626708984,38.650001525878906,38.33000183105469,8308500.0,33.51803970336914
2011-12-06,38.45000076293945,38.060001373291016,38.22999954223633,38.27000045776367,6176200.0,33.46556854248047
2011-12-07,38.5,37.880001068115234,38.310001373291016,38.31999969482422,8656000.0,33.50929260253906
2011-12-08,38.439998626708984,37.61000061035156,38.06999969482422,37.70000076293945,8072000.0,32.96712875366211
2011-12-09,38.5099983215332,37.88999938964844,37.900001525878906,38.369998931884766,6229000.0,33.55300521850586
2011-12-12,38.279998779296875,37.7599983215332,38.279998779296875,38.150001525878906,7361800.0,33.36063003540039
2011-12-13,38.5,37.560001373291016,38.209999084472656,37.689998626708984,9866700.0,32.958377838134766
2011-12-14,38.02000045776367,36.97999954223633,37.66999816894531,37.040000915527344,8778000.0,32.38997268676758
2011-12-15,37.61000061035156,37.22999954223633,37.41999816894531,37.29999923706055,8198500.0,32.61733627319336
2011-12-16,37.93000030517578,37.540000915527344,37.61000061035156,37.54999923706055,17866400.0,32.83594512939453
2011-12-19,37.970001220703125,36.439998626708984,37.630001068115234,36.560001373291016,12202100.0,31.970239639282227
2011-12-20,39.970001220703125,37.810001373291016,38.02000045776367,39.79999923706055,25423000.0,34.8034782409668
2011-12-21,40.59000015258789,39.439998626708984,39.529998779296875,40.459999084472656,19554300.0,35.3806266784668
2011-12-22,41.189998626708984,40.290000915527344,40.40999984741211,40.959999084472656,10261900.0,35.81785583496094
2011-12-23,41.2400016784668,40.650001525878906,41.2400016784668,40.9900016784668,6713300.0,35.84410095214844
2011-12-27,41.29999923706055,40.599998474121094,40.810001373291016,41.0099983215332,5282000.0,35.86157989501953
2011-12-28,41.33000183105469,40.88999938964844,40.88999938964844,41.040000915527344,5182400.0,35.88782501220703
2011-12-29,41.349998474121094,40.93000030517578,41.189998626708984,41.15999984741211,3677700.0,35.99274444580078
2011-12-30,41.2400016784668,40.779998779296875,41.13999938964844,40.779998779296875,6213200.0,35.66046905517578
2012-01-03,41.720001220703125,41.189998626708984,41.29999923706055,41.52000045776367,9389800.0,36.30755615234375
2012-01-04,41.849998474121094,41.0099983215332,41.290000915527344,41.79999923706055,9197300.0,36.552406311035156
2012-01-05,41.779998779296875,41.13999938964844,41.66999816894531,41.75,8443000.0,36.50867462158203
2012-01-06,41.77000045776367,41.31999969482422,41.7599983215332,41.459999084472656,5602400.0,36.255088806152344
2012-01-09,41.86000061035156,41.209999084472656,41.279998779296875,41.790000915527344,5165600.0,36.54366683959961
2012-01-10,42.189998626708984,41.790000915527344,42.0,41.95000076293945,8729900.0,36.68357849121094
2012-01-11,42.08000183105469,41.720001220703125,41.79999923706055,42.040000915527344,7473600.0,36.76228332519531
2012-01-12,42.400001525878906,41.91999816894531,42.0,42.150001525878906,6952100.0,36.858463287353516
2012-01-13,42.20000076293945,41.650001525878906,41.970001220703125,42.150001525878906,5197300.0,36.858463287353516
2012-01-17,42.689998626708984,42.27000045776367,42.31999969482422,42.540000915527344,6444600.0,37.199493408203125
2012-01-18,43.11000061035156,42.18000030517578,42.40999984741211,43.099998474121094,8671200.0,37.6891975402832
2012-01-19,43.16999816894531,42.58000183105469,43.150001525878906,42.880001068115234,10069800.0,37.638729095458984
2012-01-20,43.119998931884766,42.43000030517578,43.099998474121094,42.77000045776367,8374100.0,37.54218292236328
2012-01-23,43.150001525878906,42.70000076293945,42.81999969482422,43.02000045776367,6733600.0,37.76161575317383
2012-01-24,42.84000015258789,42.36000061035156,42.720001220703125,42.439998626708984,5404100.0,37.252506256103516
2012-01-25,42.43000030517578,41.93000030517578,42.2599983215332,42.18000030517578,10708800.0,37.024295806884766
2012-01-26,42.540000915527344,41.95000076293945,42.27000045776367,42.18000030517578,6933200.0,37.024295806884766
2012-01-27,42.380001068115234,41.75,41.959999084472656,42.2599983215332,5131100.0,37.094520568847656
2012-01-30,42.040000915527344,41.47999954223633,42.0,41.91999816894531,5000500.0,36.79607391357422
2012-01-31,41.9900016784668,41.56999969482422,41.970001220703125,41.75,6599600.0,36.64684295654297
2012-02-01,43.040000915527344,41.93000030517578,41.97999954223633,42.650001525878906,8231800.0,37.43684005737305
2012-02-02,42.959999084472656,42.459999084472656,42.540000915527344,42.65999984741211,5131600.0,37.44561767578125
2012-02-03,43.97999954223633,42.900001525878906,42.970001220703125,43.5099983215332,12565600.0,38.19172286987305
2012-02-06,43.86000061035156,43.11000061035156,43.2599983215332,43.27000045776367,8651600.0,37.981056213378906
2012-02-07,43.5,43.0,43.400001525878906,43.08000183105469,9553900.0,37.814292907714844
2012-02-08,44.09000015258789,42.68000030517578,43.58000183105469,43.56999969482422,10663300.0,38.2443962097168
2012-02-09,43.720001220703125,42.7599983215332,43.2599983215332,43.0,11311200.0,37.74406433105469
2012-02-10,43.18000030517578,42.70000076293945,42.91999816894531,43.18000030517578,6481800.0,37.90206527709961
2012-02-13,43.439998626708984,42.83000183105469,43.2599983215332,42.83000183105469,6060400.0,37.5948486328125
2012-02-14,43.380001068115234,42.43000030517578,42.45000076293945,43.380001068115234,5727500.0,38.077613830566406
2012-02-15,43.970001220703125,43.400001525878906,43.529998779296875,43.529998779296875,8186100.0,38.20927429199219
2012-02-16,44.560001373291016,43.560001373291016,43.58000183105469,44.54999923706055,10363200.0,39.1046142578125
2012-02-17,45.0,44.22999954223633,44.959999084472656,44.27000045776367,8501900.0,38.858829498291016
2012-02-21,44.5,43.88999938964844,44.470001220703125,44.0099983215332,6257400.0,38.630619049072266
2012-02-22,44.20000076293945,43.54999923706055,43.939998626708984,43.689998626708984,4715500.0,38.349735260009766
2012-02-23,44.119998931884766,43.630001068115234,43.650001525878906,44.040000915527344,6537300.0,38.65693664550781
2012-02-24,44.220001220703125,43.779998779296875,44.06999969482422,44.06999969482422,7222800.0,38.68327713012695
2012-02-27,44.77000045776367,43.720001220703125,43.720001220703125,44.529998779296875,6731400.0,39.08705139160156
2012-02-28,44.970001220703125,44.0,44.2400016784668,44.90999984741211,7143700.0,39.42060470581055
2012-02-29,45.36000061035156,44.77000045776367,44.90999984741211,45.099998474121094,10875700.0,39.58737564086914
2012-03-01,45.38999938964844,44.81999969482422,45.06999969482422,45.209999084472656,6995100.0,39.683929443359375
2012-03-02,45.33000183105469,45.0,45.20000076293945,45.029998779296875,5150400.0,39.52593231201172
2012-03-05,45.34000015258789,44.83000183105469,44.97999954223633,45.16999816894531,7210600.0,39.64883041381836
2012-03-06,45.189998626708984,44.75,45.11000061035156,44.790000915527344,5756600.0,39.315269470214844
2012-03-07,45.029998779296875,44.650001525878906,45.029998779296875,44.709999084472656,5445800.0,39.245052337646484
2012-03-08,45.36000061035156,44.880001068115234,45.06999969482422,45.209999084472656,5267300.0,39.683929443359375
2012-03-09,45.709999084472656,45.13999938964844,45.38999938964844,45.63999938964844,5863500.0,40.061370849609375
2012-03-12,45.77000045776367,45.15999984741211,45.77000045776367,45.36000061035156,4355000.0,39.81559753417969
2012-03-13,45.27000045776367,44.529998779296875,45.150001525878906,45.22999954223633,8891600.0,39.70148849487305
2012-03-14,45.22999954223633,44.97999954223633,45.11000061035156,45.099998474121094,6449000.0,39.58737564086914
2012-03-15,45.20000076293945,44.79999923706055,45.04999923706055,44.880001068115234,6605500.0,39.3942756652832
2012-03-16,45.4900016784668,44.959999084472656,45.0,45.279998779296875,11971500.0,39.74538040161133
2012-03-19,45.400001525878906,44.959999084472656,45.13999938964844,45.130001068115234,4597500.0,39.61372756958008
2012-03-20,44.970001220703125,44.66999816894531,44.7599983215332,44.68000030517578,6472000.0,39.21871566772461
2012-03-21,45.119998931884766,44.4900016784668,44.70000076293945,44.90999984741211,5169300.0,39.42060470581055
2012-03-22,44.900001525878906,44.4900016784668,44.77000045776367,44.75,3971700.0,39.2801628112793
2012-03-23,45.2400016784668,44.47999954223633,44.70000076293945,45.13999938964844,4506800.0,39.62248229980469
2012-03-26,45.720001220703125,45.33000183105469,45.349998474121094,45.650001525878906,5341000.0,40.07014465332031
2012-03-27,45.880001068115234,45.31999969482422,45.75,45.34000015258789,4946700.0,39.79804229736328
2012-03-28,45.43000030517578,44.5099983215332,45.20000076293945,44.599998474121094,9260000.0,39.14849090576172
2012-03-29,44.5,43.93000030517578,44.41999816894531,44.290000915527344,7511500.0,38.876380920410156
2012-03-30,45.0,44.45000076293945,44.59000015258789,44.79999923706055,7532400.0,39.324058532714844
2012-04-02,45.189998626708984,44.150001525878906,44.20000076293945,45.06999969482422,6820300.0,39.56105422973633
2012-04-03,45.13999938964844,44.5099983215332,44.900001525878906,44.90999984741211,7292500.0,39.42060470581055
2012-04-04,44.77000045776367,44.2599983215332,44.58000183105469,44.310001373291016,5261700.0,38.89394760131836
2012-04-05,44.720001220703125,44.06999969482422,44.099998474121094,44.619998931884766,5284800.0,39.16605758666992
2012-04-09,44.16999816894531,43.65999984741211,44.16999816894531,43.939998626708984,5594400.0,38.56917190551758
2012-04-10,44.09000015258789,43.5099983215332,43.790000915527344,43.529998779296875,7765400.0,38.20927429199219
2012-04-11,44.25,43.63999938964844,43.939998626708984,43.75,7212200.0,38.40240478515625
2012-04-12,43.91999816894531,43.43000030517578,43.7599983215332,43.47999954223633,8110200.0,38.1653938293457
2012-04-13,43.68000030517578,43.29999923706055,43.5099983215332,43.43000030517578,10255100.0,38.12150573730469
2012-04-16,43.720001220703125,43.25,43.439998626708984,43.61000061035156,7686200.0,38.27950668334961
2012-04-17,44.310001373291016,43.75,43.7599983215332,43.939998626708984,9334400.0,38.56917190551758
2012-04-18,44.130001068115234,43.59000015258789,43.83000183105469,43.599998474121094,8148000.0,38.27073287963867
2012-04-19,44.060001373291016,43.33000183105469,43.59000015258789,43.33000183105469,11422400.0,38.1760139465332
2012-04-20,44.4900016784668,43.45000076293945,43.45000076293945,44.33000183105469,10197000.0,39.05706024169922
2012-04-23,44.0099983215332,43.11000061035156,43.86000061035156,43.25,7631600.0,38.10552978515625
2012-04-24,43.540000915527344,43.08000183105469,43.189998626708984,43.41999816894531,6091500.0,38.255306243896484
2012-04-25,44.0,43.56999969482422,43.61000061035156,43.79999923706055,5822800.0,38.59011459350586
2012-04-26,44.7599983215332,43.79999923706055,43.81999969482422,44.58000183105469,6672600.0,39.27733612060547
2012-04-27,45.2400016784668,44.66999816894531,44.7400016784668,44.880001068115234,11467200.0,39.54164505004883
2012-04-30,45.13999938964844,44.4900016784668,44.900001525878906,44.619998931884766,7285500.0,39.31257247924805
2012-05-01,45.20000076293945,44.34000015258789,44.599998474121094,44.709999084472656,7760300.0,39.391868591308594
2012-05-02,46.119998931884766,44.959999084472656,45.38999938964844,45.91999816894531,13888300.0,40.45793914794922
2012-05-03,46.220001220703125,45.65999984741211,45.810001373291016,46.13999938964844,9118900.0,40.65176773071289
2012-05-04,46.130001068115234,45.2400016784668,46.0,45.41999816894531,7132500.0,40.017417907714844
2012-05-07,45.529998779296875,45.040000915527344,45.38999938964844,45.2599983215332,7084000.0,39.87644577026367
2012-05-08,45.40999984741211,44.689998626708984,45.0,45.27000045776367,8925500.0,39.8852653503418
2012-05-09,45.459999084472656,44.849998474121094,44.95000076293945,45.22999954223633,7271100.0,39.850013732910156
2012-05-10,46.0,45.38999938964844,45.4900016784668,45.970001220703125,8027300.0,40.501983642578125
2012-05-11,46.20000076293945,45.279998779296875,45.86000061035156,45.31999969482422,7779700.0,39.929317474365234
2012-05-14,45.25,44.90999984741211,45.11000061035156,45.119998931884766,7627200.0,39.75309753417969
2012-05-15,45.630001068115234,44.880001068115234,45.06999969482422,45.31999969482422,6053700.0,39.929317474365234
2012-05-16,45.75,45.150001525878906,45.380001068115234,45.15999984741211,6994000.0,39.78833770751953
2012-05-17,45.47999954223633,44.849998474121094,45.0099983215332,44.869998931884766,9659500.0,39.5328369140625
2012-05-18,45.209999084472656,44.380001068115234,44.869998931884766,44.43000030517578,14389400.0,39.145172119140625
2012-05-21,44.91999816894531,44.470001220703125,44.560001373291016,44.880001068115234,8097600.0,39.54164505004883
2012-05-22,45.43000030517578,44.72999954223633,44.88999938964844,44.939998626708984,5173300.0,39.594512939453125
2012-05-23,44.95000076293945,44.38999938964844,44.619998931884766,44.790000915527344,5957300.0,39.462345123291016
2012-05-24,45.540000915527344,44.83000183105469,44.93000030517578,45.16999816894531,8064200.0,39.797149658203125
2012-05-25,45.29999923706055,44.869998931884766,45.209999084472656,44.97999954223633,7594600.0,39.6297492980957
2012-05-29,45.709999084472656,45.16999816894531,45.16999816894531,45.63999938964844,7441900.0,40.211238861083984
2012-05-30,45.59000015258789,45.2400016784668,45.33000183105469,45.33000183105469,9803200.0,39.93812561035156
2012-05-31,45.4900016784668,44.75,45.41999816894531,44.939998626708984,10336600.0,39.594512939453125
2012-06-01,45.400001525878906,43.43000030517578,45.400001525878906,43.599998474121094,10176600.0,38.41389465332031
2012-06-04,44.150001525878906,43.29999923706055,43.61000061035156,44.11000061035156,8382000.0,38.86323928833008
2012-06-05,44.099998474121094,43.790000915527344,44.0099983215332,44.029998779296875,4689200.0,38.79273986816406
2012-06-06,44.84000015258789,44.13999938964844,44.20000076293945,44.84000015258789,7271800.0,39.50640106201172
2012-06-07,45.189998626708984,44.43000030517578,45.18000030517578,44.45000076293945,5993300.0,39.162803649902344
2012-06-08,44.88999938964844,44.31999969482422,44.40999984741211,44.88999938964844,4458600.0,39.55045700073242
2012-06-11,45.130001068115234,44.66999816894531,45.06999969482422,44.72999954223633,4419800.0,39.40949249267578
2012-06-12,45.470001220703125,44.38999938964844,44.77000045776367,45.38999938964844,6837700.0,39.99098205566406
2012-06-13,45.70000076293945,44.939998626708984,45.36000061035156,45.189998626708984,4944200.0,39.81476593017578
2012-06-14,46.06999969482422,45.380001068115234,45.380001068115234,45.810001373291016,6261400.0,40.361026763916016
2012-06-15,46.099998474121094,45.31999969482422,45.95000076293945,45.650001525878906,10696300.0,40.220054626464844
2012-06-18,45.88999938964844,45.31999969482422,45.540000915527344,45.66999816894531,7135300.0,40.23767852783203
2012-06-19,46.40999984741211,45.849998474121094,45.91999816894531,46.25,7607800.0,40.74868392944336
2012-06-20,46.41999816894531,45.84000015258789,46.29999923706055,45.9900016784668,5429900.0,40.51961135864258
2012-06-21,46.25,45.380001068115234,46.060001373291016,45.38999938964844,8466400.0,39.99098205566406
2012-06-22,46.02000045776367,45.61000061035156,45.70000076293945,45.900001525878906,13491500.0,40.44032669067383
2012-06-25,45.7400016784668,44.86000061035156,45.619998931884766,45.20000076293945,4750200.0,39.82358169555664
2012-06-26,45.52000045776367,44.90999984741211,45.439998626708984,45.439998626708984,5393100.0,40.035037994384766
2012-06-27,46.08000183105469,45.45000076293945,45.59000015258789,45.9900016784668,5367800.0,40.51961135864258
2012-06-28,46.0,45.5099983215332,45.68000030517578,45.9900016784668,5895800.0,40.51961135864258
2012-06-29,46.93000030517578,46.31999969482422,46.56999969482422,46.72999954223633,7610300.0,41.17159652709961
2012-07-02,47.810001373291016,46.72999954223633,46.88999938964844,47.810001373291016,7665000.0,42.12313461303711
2012-07-03,48.09000015258789,47.40999984741211,47.63999938964844,47.83000183105469,4102200.0,42.140743255615234
2012-07-05,48.310001373291016,47.63999938964844,47.77000045776367,48.11000061035156,6227100.0,42.38744354248047
2012-07-06,48.279998779296875,47.70000076293945,47.81999969482422,48.119998931884766,5727000.0,42.39624786376953
2012-07-09,48.0,46.900001525878906,47.970001220703125,47.290000915527344,10521300.0,41.66498565673828
2012-07-10,47.540000915527344,46.79999923706055,47.36000061035156,46.93000030517578,6120500.0,41.347801208496094
2012-07-11,47.29999923706055,46.689998626708984,47.119998931884766,46.900001525878906,7167200.0,41.321380615234375
2012-07-12,47.849998474121094,46.619998931884766,46.619998931884766,47.52000045776367,9788700.0,41.86762619018555
2012-07-13,48.20000076293945,47.45000076293945,47.61000061035156,48.04999923706055,5317800.0,42.33457946777344
2012-07-16,48.29999923706055,47.540000915527344,47.88999938964844,48.06999969482422,5049100.0,42.352195739746094
2012-07-17,48.56999969482422,47.97999954223633,48.310001373291016,48.439998626708984,4564100.0,42.678192138671875
2012-07-18,48.689998626708984,48.11000061035156,48.25,48.61000061035156,6979300.0,42.827972412109375
2012-07-19,47.130001068115234,45.18000030517578,45.97999954223633,45.43000030517578,35934000.0,40.16047286987305
2012-07-20,45.5,44.59000015258789,45.2599983215332,45.08000183105469,12926600.0,39.85108184814453
2012-07-23,45.150001525878906,44.45000076293945,44.869998931884766,44.810001373291016,8082200.0,39.61240005493164
2012-07-24,44.970001220703125,44.34000015258789,44.83000183105469,44.59000015258789,5745700.0,39.417911529541016
2012-07-25,45.06999969482422,44.40999984741211,44.650001525878906,44.540000915527344,8194000.0,39.37370681762695
2012-07-26,45.369998931884766,44.470001220703125,45.2599983215332,44.560001373291016,7784200.0,39.391380310058594
2012-07-27,45.209999084472656,44.560001373291016,44.83000183105469,44.939998626708984,9688500.0,39.72731399536133
2012-07-30,45.349998474121094,44.720001220703125,44.880001068115234,45.33000183105469,7338500.0,40.07207489013672
2012-07-31,45.619998931884766,45.189998626708984,45.279998779296875,45.25,5916500.0,40.00135803222656
2012-08-01,45.63999938964844,43.84000015258789,45.54999923706055,44.84000015258789,11536700.0,39.638916015625
2012-08-02,44.93000030517578,44.31999969482422,44.52000045776367,44.90999984741211,7236100.0,39.7007942199707
2012-08-03,45.599998474121094,44.38999938964844,45.54999923706055,44.75,9209300.0,39.55935287475586
2012-08-06,45.18000030517578,44.650001525878906,45.0099983215332,44.900001525878906,7472500.0,39.69194412231445
2012-08-07,46.0,43.650001525878906,45.97999954223633,44.119998931884766,20884300.0,39.00242614746094
2012-08-08,45.58000183105469,44.27000045776367,44.349998474121094,45.560001373291016,10467600.0,40.27539825439453
2012-08-09,45.560001373291016,44.970001220703125,45.45000076293945,45.02000045776367,6960500.0,39.79804229736328
2012-08-10,45.02000045776367,44.54999923706055,44.84000015258789,44.95000076293945,7657000.0,39.73616027832031
2012-08-13,44.95000076293945,44.38999938964844,44.7599983215332,44.70000076293945,5144300.0,39.515159606933594
2012-08-14,44.849998474121094,43.95000076293945,44.83000183105469,44.119998931884766,8584000.0,39.00242614746094
2012-08-15,44.650001525878906,44.040000915527344,44.16999816894531,44.220001220703125,7107900.0,39.090824127197266
2012-08-16,44.849998474121094,44.099998474121094,44.2400016784668,44.75,7247500.0,39.55935287475586
2012-08-17,45.61000061035156,44.84000015258789,44.93000030517578,45.310001373291016,7326800.0,40.05439376831055
2012-08-20,45.86000061035156,45.380001068115234,45.540000915527344,45.810001373291016,7304300.0,40.49640655517578
2012-08-21,45.97999954223633,45.470001220703125,45.7599983215332,45.630001068115234,6156900.0,40.3372802734375
2012-08-22,45.95000076293945,45.5099983215332,45.529998779296875,45.70000076293945,4395400.0,40.39915466308594
2012-08-23,45.70000076293945,45.31999969482422,45.66999816894531,45.349998474121094,5159200.0,40.08975601196289
2012-08-24,45.630001068115234,45.2400016784668,45.290000915527344,45.560001373291016,5156200.0,40.27539825439453
2012-08-27,45.65999984741211,45.349998474121094,45.47999954223633,45.439998626708984,3519300.0,40.1693115234375
2012-08-28,45.70000076293945,45.06999969482422,45.380001068115234,45.36000061035156,5269000.0,40.09859085083008
2012-08-29,45.59000015258789,45.189998626708984,45.38999938964844,45.43000030517578,3558700.0,40.16047286987305
2012-08-30,45.650001525878906,45.18000030517578,45.380001068115234,45.20000076293945,3204700.0,39.957157135009766
2012-08-31,45.81999969482422,45.29999923706055,45.40999984741211,45.54999923706055,4652900.0,40.26655578613281
2012-09-04,46.029998779296875,45.43000030517578,45.5,45.93000030517578,5007500.0,40.60248565673828
2012-09-05,45.970001220703125,45.4900016784668,45.849998474121094,45.529998779296875,4645600.0,40.248878479003906
2012-09-06,46.81999969482422,46.029998779296875,46.029998779296875,46.5,6968900.0,41.10635757446289
2012-09-07,46.560001373291016,45.84000015258789,46.47999954223633,46.060001373291016,5558200.0,40.7174072265625
2012-09-10,46.41999816894531,45.86000061035156,46.040000915527344,46.189998626708984,3781700.0,40.83231735229492
2012-09-11,46.400001525878906,45.97999954223633,46.25,46.04999923706055,4430600.0,40.708560943603516
2012-09-12,46.560001373291016,46.099998474121094,46.099998474121094,46.470001220703125,4774400.0,41.07985305786133
2012-09-13,47.5099983215332,46.36000061035156,46.40999984741211,47.45000076293945,5991500.0,41.9461784362793
2012-09-14,47.619998931884766,46.810001373291016,47.619998931884766,46.970001220703125,6832900.0,41.52185821533203
2012-09-17,47.0,46.59000015258789,46.9900016784668,46.900001525878906,4524700.0,41.459983825683594
2012-09-18,47.470001220703125,46.630001068115234,46.81999969482422,47.400001525878906,5874400.0,41.90196990966797
2012-09-19,48.150001525878906,47.150001525878906,47.22999954223633,47.709999084472656,9976700.0,42.1760139465332
2012-09-20,47.97999954223633,47.4900016784668,47.5,47.810001373291016,5737400.0,42.2644157409668
2012-09-21,48.099998474121094,47.75,48.099998474121094,47.869998931884766,5834600.0,42.31745910644531
2012-09-24,48.209999084472656,47.599998474121094,47.75,48.06999969482422,4920100.0,42.49424743652344
2012-09-25,48.459999084472656,47.54999923706055,48.09000015258789,47.630001068115234,7695300.0,42.10529327392578
2012-09-26,48.18000030517578,47.43000030517578,47.56999969482422,47.83000183105469,5220400.0,42.28209686279297
2012-09-27,48.45000076293945,47.849998474121094,47.88999938964844,48.2400016784668,4169100.0,42.64453887939453
2012-09-28,48.45000076293945,47.900001525878906,48.119998931884766,48.41999816894531,6539600.0,42.80366134643555
2012-10-01,48.939998626708984,48.31999969482422,48.5099983215332,48.66999816894531,6956400.0,43.0246696472168
2012-10-02,48.90999984741211,48.290000915527344,48.65999984741211,48.4900016784668,5437100.0,42.865543365478516
2012-10-03,48.97999954223633,48.310001373291016,48.689998626708984,48.86000061035156,5048200.0,43.192626953125
2012-10-04,49.15999984741211,48.72999954223633,49.02000045776367,48.880001068115234,5251800.0,43.21030807495117
2012-10-05,49.22999954223633,48.66999816894531,49.040000915527344,48.86000061035156,5351600.0,43.192626953125
2012-10-08,48.939998626708984,48.630001068115234,48.849998474121094,48.630001068115234,4170700.0,42.98929977416992
2012-10-09,48.7599983215332,47.95000076293945,48.5099983215332,48.02000045776367,6021800.0,42.450069427490234
2012-10-10,48.4900016784668,47.95000076293945,48.209999084472656,48.060001373291016,5309100.0,42.48541259765625
2012-10-11,48.4900016784668,47.54999923706055,48.380001068115234,47.599998474121094,6117100.0,42.07878112792969
2012-10-12,47.4900016784668,46.75,47.4900016784668,47.08000183105469,7482900.0,41.61909103393555
2012-10-15,47.22999954223633,46.91999816894531,47.22999954223633,47.06999969482422,4914000.0,41.61025619506836
2012-10-16,47.470001220703125,46.79999923706055,47.439998626708984,46.900001525878906,6646600.0,41.459983825683594
2012-10-17,47.33000183105469,46.459999084472656,47.119998931884766,46.650001525878906,8428000.0,41.23897171020508
2012-10-18,46.79999923706055,46.400001525878906,46.63999938964844,46.59000015258789,5397100.0,41.32990264892578
2012-10-19,46.68000030517578,46.060001373291016,46.560001373291016,46.20000076293945,7031400.0,40.983924865722656
2012-10-22,46.439998626708984,45.959999084472656,46.130001068115234,46.2599983215332,6876000.0,41.037147521972656
2012-10-23,46.099998474121094,45.59000015258789,45.880001068115234,45.880001068115234,5250100.0,40.70005798339844
2012-10-24,46.2400016784668,45.900001525878906,45.93000030517578,45.95000076293945,4916700.0,40.762149810791016
2012-10-25,46.45000076293945,45.779998779296875,46.29999923706055,46.11000061035156,4665800.0,40.90408706665039
2012-10-26,46.25,45.83000183105469,46.060001373291016,46.060001373291016,5377100.0,40.859737396240234
2012-10-31,46.709999084472656,46.040000915527344,46.29999923706055,46.400001525878906,7077500.0,41.16135025024414
2012-11-01,46.689998626708984,46.31999969482422,46.470001220703125,46.4900016784668,6273500.0,41.241188049316406
2012-11-02,46.90999984741211,46.41999816894531,46.77000045776367,46.560001373291016,6426800.0,41.30328369140625
2012-11-05,46.7599983215332,46.2599983215332,46.2599983215332,46.630001068115234,7648000.0,41.36537170410156
2012-11-06,47.779998779296875,45.93000030517578,47.65999984741211,46.880001068115234,15814400.0,41.587158203125
2012-11-07,46.93000030517578,46.25,46.849998474121094,46.689998626708984,7369800.0,41.41859817504883
2012-11-08,46.869998931884766,46.279998779296875,46.58000183105469,46.43000030517578,6132900.0,41.187965393066406
2012-11-09,46.54999923706055,46.15999984741211,46.2599983215332,46.36000061035156,6476100.0,41.12586212158203
2012-11-12,46.93000030517578,46.15999984741211,46.599998474121094,46.25,4470200.0,41.02828598022461
2012-11-13,46.45000076293945,46.02000045776367,46.15999984741211,46.22999954223633,8726300.0,41.01054382324219
2012-11-14,46.400001525878906,45.38999938964844,46.2599983215332,45.40999984741211,9395800.0,40.28312301635742
2012-11-15,45.529998779296875,44.560001373291016,45.2599983215332,44.70000076293945,7837700.0,39.65327835083008
2012-11-16,45.040000915527344,44.33000183105469,44.790000915527344,44.79999923706055,9274300.0,39.74198913574219
2012-11-19,45.2400016784668,44.970001220703125,45.08000183105469,45.08000183105469,7706800.0,39.990379333496094
2012-11-20,45.56999969482422,44.95000076293945,45.119998931884766,45.56999969482422,6545200.0,40.42505645751953
2012-11-21,45.83000183105469,45.349998474121094,45.5,45.7400016784668,4140200.0,40.57586669921875
2012-11-23,45.86000061035156,45.47999954223633,45.779998779296875,45.83000183105469,2598000.0,40.65570068359375
2012-11-26,45.70000076293945,45.2599983215332,45.56999969482422,45.29999923706055,6223400.0,40.18553924560547
2012-11-27,45.9900016784668,45.220001220703125,45.38999938964844,45.25,5917000.0,40.14118576049805
2012-11-28,45.880001068115234,45.06999969482422,45.15999984741211,45.880001068115234,5896800.0,40.70005798339844
2012-11-29,46.38999938964844,45.90999984741211,46.0,46.34000015258789,5067100.0,41.10811996459961
2012-11-30,46.650001525878906,46.150001525878906,46.25,46.5099983215332,11184000.0,41.258914947509766
2012-12-03,46.66999816894531,46.189998626708984,46.529998779296875,46.279998779296875,5705200.0,41.054893493652344
2012-12-04,46.380001068115234,45.900001525878906,46.310001373291016,45.939998626708984,5833700.0,40.75328063964844
2012-12-05,46.349998474121094,45.810001373291016,46.029998779296875,46.18000030517578,5174500.0,40.966182708740234
2012-12-06,46.7599983215332,46.15999984741211,46.279998779296875,46.709999084472656,5960700.0,41.43634033203125
2012-12-07,46.900001525878906,46.59000015258789,46.7400016784668,46.84000015258789,4214500.0,41.551666259765625
2012-12-10,47.54999923706055,46.84000015258789,46.84000015258789,47.2400016784668,5332900.0,41.90651321411133
2012-12-11,47.810001373291016,47.36000061035156,47.36000061035156,47.54999923706055,6821100.0,42.1815071105957
2012-12-12,47.810001373291016,47.349998474121094,47.66999816894531,47.540000915527344,6023900.0,42.17264175415039
2012-12-13,49.79999923706055,48.16999816894531,49.29999923706055,48.5,16342900.0,43.02424240112305
2012-12-14,49.720001220703125,48.849998474121094,49.0,49.2400016784668,12003000.0,43.68070983886719
2012-12-17,49.40999984741211,48.88999938964844,49.31999969482422,49.040000915527344,9511400.0,43.5032844543457
2012-12-18,49.310001373291016,48.810001373291016,49.0,49.20000076293945,7721700.0,43.645225524902344
2012-12-19,49.349998474121094,48.7400016784668,49.2599983215332,48.75,5632100.0,43.24602127075195
2012-12-20,49.209999084472656,48.810001373291016,48.88999938964844,49.130001068115234,5907700.0,43.5831184387207
2012-12-21,49.119998931884766,48.15999984741211,48.7599983215332,48.66999816894531,11021400.0,43.1750602722168
2012-12-24,48.72999954223633,48.369998931884766,48.47999954223633,48.630001068115234,1516300.0,43.13957214355469
2012-12-26,48.880001068115234,48.220001220703125,48.630001068115234,48.29999923706055,2949000.0,42.84682846069336
2012-12-27,48.4900016784668,47.959999084472656,48.31999969482422,48.400001525878906,3980400.0,42.935546875
2012-12-28,48.41999816894531,47.900001525878906,48.119998931884766,47.91999816894531,3420100.0,42.50973129272461
2012-12-31,48.45000076293945,47.650001525878906,47.7599983215332,48.349998474121094,5069500.0,42.891178131103516
2013-01-02,49.689998626708984,49.0,49.02000045776367,49.68000030517578,8925500.0,44.07102584838867
2013-01-03,49.79999923706055,49.43000030517578,49.54999923706055,49.779998779296875,6082200.0,44.15974426269531
2013-01-04,50.099998474121094,49.65999984741211,49.849998474121094,49.9900016784668,5615700.0,44.34602737426758
2013-01-07,50.040000915527344,49.439998626708984,49.630001068115234,50.029998779296875,5178100.0,44.38151168823242
2013-01-08,50.15999984741211,49.68000030517578,49.939998626708984,49.849998474121094,4708000.0,44.221832275390625
2013-01-09,50.279998779296875,50.0,50.0099983215332,50.279998779296875,5895200.0,44.60329055786133
2013-01-10,51.2400016784668,50.45000076293945,50.45000076293945,51.22999954223633,6909500.0,45.44602966308594
2013-01-11,51.38999938964844,50.93000030517578,50.93000030517578,51.29999923706055,7209200.0,45.50812530517578
2013-01-14,51.939998626708984,51.150001525878906,51.40999984741211,51.88999938964844,5222300.0,46.03151321411133
2013-01-15,51.79999923706055,51.43000030517578,51.630001068115234,51.790000915527344,5472700.0,45.94281005859375
2013-01-16,51.95000076293945,51.56999969482422,51.61000061035156,51.7599983215332,4190100.0,45.91617965698242
2013-01-17,52.41999816894531,51.68000030517578,51.86000061035156,52.16999816894531,6376600.0,46.27989196777344
2013-01-18,52.349998474121094,51.88999938964844,52.33000183105469,52.11000061035156,5654300.0,46.2266845703125
2013-01-22,52.38999938964844,51.650001525878906,51.84000015258789,52.11000061035156,6231200.0,46.4271354675293
2013-01-23,52.630001068115234,51.91999816894531,51.91999816894531,52.61000061035156,4571400.0,46.872615814208984
2013-01-24,52.72999954223633,52.040000915527344,52.599998474121094,52.060001373291016,6314700.0,46.38258361816406
2013-01-25,52.41999816894531,51.560001373291016,52.31999969482422,51.86000061035156,8773200.0,46.204402923583984
2013-01-28,51.63999938964844,50.900001525878906,51.209999084472656,51.34000015258789,7026100.0,45.74110794067383
2013-01-29,51.619998931884766,51.130001068115234,51.27000045776367,51.34000015258789,6527100.0,45.74110794067383
2013-01-30,51.84000015258789,51.25,51.29999923706055,51.650001525878906,3961300.0,46.01730728149414
2013-01-31,51.689998626708984,51.189998626708984,51.56999969482422,51.20000076293945,5865600.0,45.61638259887695
2013-02-01,51.77000045776367,51.529998779296875,51.630001068115234,51.58000183105469,5694800.0,45.954933166503906
2013-02-04,51.58000183105469,50.91999816894531,51.41999816894531,51.0,5143300.0,45.438194274902344
2013-02-05,51.779998779296875,51.189998626708984,51.349998474121094,51.720001220703125,6791300.0,46.07966613769531
2013-02-06,52.20000076293945,50.970001220703125,52.09000015258789,51.2400016784668,7330000.0,45.65201950073242
2013-02-07,51.31999969482422,50.970001220703125,51.31999969482422,51.189998626708984,8371700.0,45.60746765136719
2013-02-08,51.38999938964844,51.029998779296875,51.119998931884766,51.20000076293945,3655900.0,45.61638259887695
2013-02-11,51.400001525878906,51.16999816894531,51.25,51.2400016784668,3992300.0,45.65201950073242
2013-02-12,51.310001373291016,51.130001068115234,51.2599983215332,51.16999816894531,4304000.0,45.58964920043945
2013-02-13,51.189998626708984,50.810001373291016,51.130001068115234,51.060001373291016,4838000.0,45.491641998291016
2013-02-14,52.060001373291016,50.91999816894531,50.91999816894531,51.88999938964844,5182900.0,46.23113250732422
2013-02-15,52.099998474121094,50.88999938964844,52.099998474121094,51.119998931884766,8490100.0,45.545101165771484
2013-02-19,52.77000045776367,51.380001068115234,51.380001068115234,52.65999984741211,7829300.0,46.91715621948242
2013-02-20,52.65999984741211,51.849998474121094,52.5,51.849998474121094,6350400.0,46.19549560546875
2013-02-21,51.91999816894531,51.52000045776367,51.720001220703125,51.86000061035156,5439700.0,46.204402923583984
2013-02-22,51.939998626708984,51.2400016784668,51.88999938964844,51.349998474121094,4220200.0,45.7500114440918
2013-02-25,51.970001220703125,50.529998779296875,51.689998626708984,50.529998779296875,4479000.0,45.019439697265625
2013-02-26,50.9900016784668,50.209999084472656,50.709999084472656,50.63999938964844,4128000.0,45.117454528808594
2013-02-27,51.2599983215332,50.5099983215332,50.709999084472656,51.15999984741211,3474600.0,45.58074188232422
2013-02-28,51.630001068115234,51.04999923706055,51.209999084472656,51.119998931884766,6018800.0,45.545101165771484
2013-03-01,51.63999938964844,50.880001068115234,51.06999969482422,51.560001373291016,4565000.0,45.937129974365234
2013-03-04,51.869998931884766,51.25,51.400001525878906,51.869998931884766,3132800.0,46.21331024169922
2013-03-05,52.43000030517578,51.869998931884766,52.0099983215332,52.29999923706055,5358600.0,46.59642028808594
2013-03-06,52.689998626708984,52.13999938964844,52.58000183105469,52.220001220703125,5022700.0,46.525142669677734
2013-03-07,52.220001220703125,51.70000076293945,52.220001220703125,52.09000015258789,3687800.0,46.40932083129883
2013-03-08,52.45000076293945,51.84000015258789,52.29999923706055,52.279998779296875,3979000.0,46.57859802246094
2013-03-11,52.630001068115234,52.20000076293945,52.27000045776367,52.630001068115234,4622100.0,46.89042663574219
2013-03-12,52.5,51.77000045776367,52.16999816894531,52.08000183105469,6388500.0,46.400413513183594
2013-03-13,52.93000030517578,52.16999816894531,52.220001220703125,52.900001525878906,4521600.0,47.130977630615234
2013-03-14,53.29999923706055,52.95000076293945,53.06999969482422,53.2599983215332,5796400.0,47.45172882080078
2013-03-15,53.61000061035156,53.18000030517578,53.33000183105469,53.58000183105469,8924700.0,47.7368278503418
2013-03-18,54.029998779296875,53.029998779296875,53.20000076293945,53.79999923706055,7208800.0,47.93282699584961
2013-03-19,54.4900016784668,53.95000076293945,54.0,54.380001068115234,8983200.0,48.4495849609375
2013-03-20,55.349998474121094,54.70000076293945,54.779998779296875,55.150001525878906,9136300.0,49.13560485839844
2013-03-21,55.18000030517578,54.61000061035156,54.849998474121094,54.650001525878906,7515700.0,48.69013595581055
2013-03-22,55.25,54.709999084472656,54.720001220703125,55.20000076293945,5230000.0,49.18015670776367
2013-03-25,55.63999938964844,55.130001068115234,55.27000045776367,55.29999923706055,6376600.0,49.26924514770508
2013-03-26,56.06999969482422,55.2599983215332,55.529998779296875,55.290000915527344,7631600.0,49.26033401489258
2013-03-27,55.22999954223633,54.7599983215332,55.04999923706055,54.9900016784668,8530200.0,48.99305725097656
2013-03-28,55.060001373291016,54.790000915527344,54.95000076293945,54.9900016784668,9400700.0,48.99305725097656
2013-04-01,54.970001220703125,54.33000183105469,54.75,54.529998779296875,5450800.0,48.58322525024414
2013-04-02,55.29999923706055,54.529998779296875,54.529998779296875,55.2400016784668,8002900.0,49.215797424316406
2013-04-03,55.20000076293945,53.939998626708984,55.130001068115234,54.130001068115234,6749200.0,48.226844787597656
2013-04-04,55.38999938964844,54.29999923706055,54.33000183105469,55.349998474121094,5982000.0,49.31379699707031
2013-04-05,55.65999984741211,54.77000045776367,54.83000183105469,55.63999938964844,5724600.0,49.57217025756836
2013-04-08,56.439998626708984,55.20000076293945,55.650001525878906,56.439998626708984,5237600.0,50.28492736816406
2013-04-09,57.0,56.130001068115234,56.54999923706055,56.58000183105469,5694200.0,50.40966796875
2013-04-10,57.09000015258789,56.529998779296875,56.599998474121094,56.959999084472656,5629900.0,50.748226165771484
2013-04-11,58.290000915527344,57.04999923706055,57.06999969482422,57.7599983215332,6541300.0,51.46097946166992
2013-04-12,57.9900016784668,57.16999816894531,57.65999984741211,57.52000045776367,4613900.0,51.24714660644531
2013-04-15,57.529998779296875,56.29999923706055,57.33000183105469,56.310001373291016,6120900.0,50.16911315917969
2013-04-16,57.70000076293945,56.43000030517578,56.540000915527344,57.630001068115234,5366700.0,51.345149993896484
2013-04-17,57.779998779296875,56.9900016784668,57.439998626708984,57.209999084472656,7786300.0,50.97095489501953
2013-04-18,57.27000045776367,56.58000183105469,57.25,56.869998931884766,5519500.0,50.66801834106445
2013-04-19,58.130001068115234,56.83000183105469,57.29999923706055,58.0,6079600.0,51.88006591796875
2013-04-22,58.20000076293945,57.349998474121094,58.029998779296875,58.11000061035156,3663300.0,51.978458404541016
2013-04-23,58.5,57.58000183105469,58.22999954223633,58.02000045776367,4272300.0,51.897953033447266
2013-04-24,58.31999969482422,57.529998779296875,57.970001220703125,57.58000183105469,3631900.0,51.50438690185547
2013-04-25,58.33000183105469,57.68000030517578,57.849998474121094,57.939998626708984,6320600.0,51.82638931274414
2013-04-26,58.20000076293945,57.63999938964844,57.849998474121094,57.72999954223633,3997400.0,51.6385498046875
2013-04-29,58.0,57.369998931884766,57.939998626708984,57.439998626708984,4055800.0,51.379154205322266
2013-04-30,58.27000045776367,57.45000076293945,57.54999923706055,58.18000030517578,6759800.0,52.041072845458984
2013-05-01,59.25,58.540000915527344,58.970001220703125,58.75,8112900.0,52.55092239379883
2013-05-02,59.04999923706055,57.88999938964844,58.61000061035156,58.95000076293945,6579800.0,52.72981262207031
2013-05-03,59.369998931884766,58.5,59.33000183105469,58.63999938964844,4168700.0,52.452537536621094
2013-05-06,58.5,57.58000183105469,58.41999816894531,57.939998626708984,5150000.0,51.82638931274414
2013-05-07,58.599998474121094,57.619998931884766,57.959999084472656,58.540000915527344,4794800.0,52.36308670043945
2013-05-08,58.849998474121094,58.119998931884766,58.689998626708984,58.290000915527344,5131600.0,52.139461517333984
2013-05-09,58.400001525878906,57.20000076293945,58.310001373291016,57.4900016784668,5697200.0,51.42387390136719
2013-05-10,58.06999969482422,57.22999954223633,57.439998626708984,58.029998779296875,5089300.0,51.90689468383789
2013-05-13,58.88999938964844,57.849998474121094,57.9900016784668,58.54999923706055,6056400.0,52.37202835083008
2013-05-14,60.13999938964844,58.4900016784668,58.5,60.06999969482422,8427600.0,53.73164367675781
2013-05-15,60.65999984741211,59.58000183105469,59.9900016784668,60.349998474121094,5369100.0,53.98209762573242
2013-05-16,60.130001068115234,59.09000015258789,60.06999969482422,59.369998931884766,5505100.0,53.105499267578125
2013-05-17,59.63999938964844,59.040000915527344,59.33000183105469,59.439998626708984,4130000.0,53.16810989379883
2013-05-20,59.439998626708984,58.7400016784668,59.380001068115234,58.97999954223633,3747800.0,52.75666046142578
2013-05-21,59.66999816894531,58.959999084472656,58.970001220703125,59.5099983215332,4092100.0,53.2307243347168
2013-05-22,59.95000076293945,58.4900016784668,59.439998626708984,58.70000076293945,6008400.0,52.50619888305664
2013-05-23,58.70000076293945,57.79999923706055,58.34000015258789,58.33000183105469,4149800.0,52.175235748291016
2013-05-24,59.349998474121094,57.959999084472656,58.290000915527344,59.20000076293945,4245000.0,52.953433990478516
2013-05-28,60.70000076293945,59.709999084472656,59.709999084472656,60.209999084472656,6267400.0,53.85687255859375
2013-05-29,59.880001068115234,59.060001373291016,59.83000183105469,59.2400016784668,3809200.0,52.989219665527344
2013-05-30,59.439998626708984,58.790000915527344,59.439998626708984,58.790000915527344,3271100.0,52.586708068847656
2013-05-31,59.150001525878906,57.58000183105469,58.88999938964844,57.58000183105469,6990500.0,51.50438690185547
2013-06-03,58.70000076293945,56.59000015258789,57.7599983215332,58.650001525878906,6983100.0,52.46147537231445
2013-06-04,58.810001373291016,57.029998779296875,58.560001373291016,57.4900016784668,5104000.0,51.42387390136719
2013-06-05,57.779998779296875,56.970001220703125,57.40999984741211,57.22999954223633,4174000.0,51.191307067871094
2013-06-06,57.88999938964844,56.63999938964844,57.220001220703125,57.88999938964844,4634700.0,51.78166580200195
2013-06-07,58.630001068115234,57.91999816894531,58.4900016784668,58.4900016784668,3914100.0,52.318363189697266
2013-06-10,59.290000915527344,58.5,58.540000915527344,58.599998474121094,4952100.0,52.416748046875
2013-06-11,59.16999816894531,58.04999923706055,58.310001373291016,58.66999816894531,5254900.0,52.47936248779297
2013-06-12,59.79999923706055,58.34000015258789,59.06999969482422,58.380001068115234,3198700.0,52.219970703125
2013-06-13,59.369998931884766,58.34000015258789,58.45000076293945,59.27000045776367,4031800.0,53.016056060791016
2013-06-14,59.95000076293945,58.900001525878906,59.220001220703125,59.029998779296875,4224200.0,52.801387786865234
2013-06-17,59.86000061035156,58.869998931884766,59.45000076293945,59.27000045776367,3825200.0,53.016056060791016
2013-06-18,59.9900016784668,59.20000076293945,59.40999984741211,59.90999984741211,2704200.0,53.588531494140625
2013-06-19,60.34000015258789,59.09000015258789,59.900001525878906,59.09000015258789,4745100.0,52.855045318603516
2013-06-20,58.560001373291016,56.81999969482422,58.540000915527344,56.9900016784668,6733500.0,50.97663116455078
2013-06-21,58.13999938964844,57.16999816894531,57.5,57.56999969482422,7464400.0,51.49543762207031
2013-06-24,57.439998626708984,56.27000045776367,57.099998474121094,56.84000015258789,5058200.0,50.84246826171875
2013-06-25,56.88999938964844,55.65999984741211,56.41999816894531,56.619998931884766,6845800.0,50.645668029785156
2013-06-26,57.56999969482422,57.06999969482422,57.20000076293945,57.36000061035156,4043200.0,51.30759048461914
2013-06-27,57.959999084472656,57.189998626708984,57.650001525878906,57.2599983215332,4081000.0,51.21814727783203
2013-06-28,57.68000030517578,56.619998931884766,57.2599983215332,57.18000030517578,8936200.0,51.14659881591797
2013-07-01,58.56999969482422,57.40999984741211,57.720001220703125,57.59000015258789,4747200.0,51.5133171081543
2013-07-02,58.58000183105469,57.31999969482422,57.560001373291016,58.4900016784668,5512500.0,52.318363189697266
2013-07-03,58.34000015258789,57.470001220703125,58.209999084472656,58.29999923706055,3172000.0,52.14841079711914
2013-07-05,58.7599983215332,57.939998626708984,58.599998474121094,58.63999938964844,2726400.0,52.452537536621094
2013-07-08,59.529998779296875,58.720001220703125,58.97999954223633,59.529998779296875,3510700.0,53.24860763549805
2013-07-09,60.369998931884766,59.65999984741211,59.790000915527344,60.150001525878906,4102700.0,53.80320739746094
2013-07-10,60.33000183105469,59.810001373291016,60.04999923706055,59.880001068115234,4879200.0,53.561676025390625
2013-07-11,61.060001373291016,60.13999938964844,60.560001373291016,61.0,4215000.0,54.56351852416992
2013-07-12,61.25,60.65999984741211,60.7599983215332,60.95000076293945,3594700.0,54.51878356933594
2013-07-15,61.310001373291016,60.63999938964844,61.08000183105469,60.650001525878906,3258700.0,54.25043869018555
2013-07-16,61.029998779296875,60.279998779296875,60.459999084472656,60.88999938964844,3463600.0,54.465118408203125
2013-07-17,61.099998474121094,60.68000030517578,61.040000915527344,60.95000076293945,2607500.0,54.51878356933594
2013-07-18,61.54999923706055,60.689998626708984,60.810001373291016,61.20000076293945,4205900.0,54.94524002075195
2013-07-19,61.70000076293945,61.0099983215332,61.22999954223633,61.630001068115234,3055700.0,55.331295013427734
2013-07-22,61.9900016784668,61.54999923706055,61.66999816894531,61.81999969482422,2476200.0,55.50188064575195
2013-07-23,62.36000061035156,61.4900016784668,62.08000183105469,61.88999938964844,2926100.0,55.56472396850586
2013-07-24,62.0099983215332,61.380001068115234,61.939998626708984,61.65999984741211,2361500.0,55.35823059082031
2013-07-25,62.04999923706055,61.2400016784668,61.4900016784668,61.93000030517578,2822700.0,55.60063934326172
2013-07-26,62.0,61.13999938964844,61.5099983215332,61.959999084472656,2718100.0,55.62757110595703
2013-07-29,61.810001373291016,61.33000183105469,61.63999938964844,61.619998931884766,2723300.0,55.322322845458984
2013-07-30,62.08000183105469,60.869998931884766,61.84000015258789,60.959999084472656,3492700.0,54.729766845703125
2013-07-31,61.880001068115234,60.7599983215332,61.02000045776367,61.4900016784668,4840200.0,55.20560073852539
2013-08-01,62.220001220703125,61.70000076293945,62.0099983215332,62.16999816894531,3366300.0,55.81610107421875
2013-08-02,62.18000030517578,61.59000015258789,61.88999938964844,61.84000015258789,4230600.0,55.51982879638672
2013-08-05,62.06999969482422,61.58000183105469,62.040000915527344,61.619998931884766,4656600.0,55.322322845458984
2013-08-06,61.459999084472656,59.4900016784668,61.43000030517578,59.88999938964844,8477700.0,53.76913070678711
2013-08-07,59.380001068115234,58.27000045776367,59.290000915527344,59.119998931884766,6288900.0,53.07781219482422
2013-08-08,59.5,58.58000183105469,59.369998931884766,59.34000015258789,5090000.0,53.27534103393555
2013-08-09,59.970001220703125,58.9900016784668,59.18000030517578,59.47999954223633,5089200.0,53.40101623535156
2013-08-12,60.0,58.849998474121094,59.029998779296875,59.880001068115234,4773600.0,53.76014709472656
2013-08-13,60.47999954223633,59.7400016784668,59.9900016784668,60.31999969482422,4390400.0,54.15517044067383
2013-08-14,60.2599983215332,59.599998474121094,60.2599983215332,59.619998931884766,4391600.0,53.52671813964844
2013-08-15,59.20000076293945,58.459999084472656,59.099998474121094,58.650001525878906,4339000.0,52.655853271484375
2013-08-16,58.9900016784668,58.34000015258789,58.45000076293945,58.56999969482422,5440500.0,52.58403015136719
2013-08-19,58.84000015258789,58.29999923706055,58.36000061035156,58.45000076293945,3735600.0,52.476295471191406
2013-08-20,59.689998626708984,58.459999084472656,58.540000915527344,59.279998779296875,4621300.0,53.22147750854492
2013-08-21,59.06999969482422,58.060001373291016,59.06999969482422,58.09000015258789,4936400.0,52.15308380126953
2013-08-22,58.65999984741211,58.20000076293945,58.29999923706055,58.380001068115234,4125600.0,52.413448333740234
2013-08-23,58.560001373291016,57.970001220703125,58.52000045776367,57.970001220703125,6781800.0,52.04536056518555
2013-08-26,58.790000915527344,57.95000076293945,57.95000076293945,58.2400016784668,4200100.0,52.28776168823242
2013-08-27,58.06999969482422,57.540000915527344,57.77000045776367,57.689998626708984,5495900.0,51.79396438598633
2013-08-28,58.02000045776367,57.209999084472656,57.58000183105469,57.279998779296875,6158400.0,51.42586898803711
2013-08-29,58.36000061035156,57.06999969482422,57.11000061035156,57.81999969482422,4047300.0,51.91069030761719
2013-08-30,58.290000915527344,57.619998931884766,57.970001220703125,58.04999923706055,4560900.0,52.1171760559082
2013-09-03,58.689998626708984,58.189998626708984,58.439998626708984,58.52000045776367,4350500.0,52.53913879394531
2013-09-04,58.79999923706055,58.2400016784668,58.52000045776367,58.619998931884766,3855500.0,52.62892150878906
2013-09-05,58.869998931884766,58.02000045776367,58.18000030517578,58.459999084472656,4080900.0,52.48527908325195
2013-09-06,59.029998779296875,57.95000076293945,58.59000015258789,58.630001068115234,4880400.0,52.637901306152344
2013-09-09,58.880001068115234,58.34000015258789,58.72999954223633,58.77000045776367,4849700.0,52.763587951660156
2013-09-10,59.400001525878906,58.86000061035156,59.11000061035156,59.220001220703125,4715900.0,53.167606353759766
2013-09-11,59.81999969482422,59.2400016784668,59.2400016784668,59.599998474121094,4281300.0,53.508766174316406
2013-09-12,60.0,59.470001220703125,59.720001220703125,59.5099983215332,4700200.0,53.4279670715332
2013-09-13,60.02000045776367,59.540000915527344,59.61000061035156,59.900001525878906,3499800.0,53.77811050415039
2013-09-16,61.16999816894531,60.38999938964844,60.38999938964844,60.95000076293945,5386200.0,54.720794677734375
2013-09-17,61.08000183105469,60.70000076293945,60.939998626708984,61.0099983215332,4811600.0,54.774654388427734
2013-09-18,61.33000183105469,59.529998779296875,60.959999084472656,60.560001373291016,10955500.0,54.37065124511719
2013-09-19,60.61000061035156,59.66999816894531,60.58000183105469,59.79999923706055,7510700.0,53.688323974609375
2013-09-20,59.720001220703125,58.290000915527344,59.689998626708984,58.529998779296875,9886000.0,52.548118591308594
2013-09-23,58.400001525878906,57.810001373291016,58.349998474121094,58.20000076293945,6487700.0,52.25184631347656
2013-09-24,58.349998474121094,57.849998474121094,58.25,57.91999816894531,5337800.0,52.000465393066406
2013-09-25,58.619998931884766,57.63999938964844,57.959999084472656,57.779998779296875,5034400.0,51.87476348876953
2013-09-26,58.689998626708984,57.869998931884766,57.900001525878906,58.16999816894531,4841300.0,52.224918365478516
2013-09-27,58.08000183105469,57.65999984741211,58.08000183105469,57.79999923706055,3481200.0,51.89273452758789
2013-09-30,57.650001525878906,56.66999816894531,57.470001220703125,56.75,7556700.0,50.95004653930664
2013-10-01,57.93000030517578,56.7599983215332,56.7599983215332,57.540000915527344,7224600.0,51.659305572509766
2013-10-02,57.20000076293945,56.599998474121094,57.15999984741211,57.099998474121094,6636800.0,51.26426696777344
2013-10-03,57.279998779296875,56.439998626708984,57.189998626708984,56.63999938964844,7581900.0,50.851280212402344
2013-10-04,57.08000183105469,56.31999969482422,56.52000045776367,56.880001068115234,5045400.0,51.06675720214844
2013-10-07,57.119998931884766,56.34000015258789,56.349998474121094,56.72999954223633,4334100.0,50.93208694458008
2013-10-08,57.9900016784668,57.0099983215332,57.02000045776367,57.04999923706055,8410300.0,51.21937942504883
2013-10-09,58.290000915527344,56.95000076293945,57.11000061035156,58.040000915527344,9597600.0,52.10820388793945
2013-10-10,58.90999984741211,58.279998779296875,58.560001373291016,58.720001220703125,6285400.0,52.71870422363281
2013-10-11,59.599998474121094,58.70000076293945,58.709999084472656,59.56999969482422,4879100.0,53.48183822631836
2013-10-14,59.790000915527344,59.0,59.150001525878906,59.689998626708984,3496500.0,53.58956527709961
2013-10-15,59.599998474121094,58.95000076293945,59.54999923706055,59.060001373291016,5212100.0,53.023956298828125
2013-10-16,59.43000030517578,58.95000076293945,59.43000030517578,59.15999984741211,7629800.0,53.11373519897461
2013-10-17,60.06999969482422,57.849998474121094,58.540000915527344,60.0,5550400.0,54.07353591918945
2013-10-18,61.22999954223633,60.209999084472656,60.40999984741211,61.0099983215332,8490100.0,54.98377227783203
2013-10-21,61.209999084472656,60.290000915527344,60.86000061035156,60.380001068115234,4524000.0,54.4160041809082
2013-10-22,62.90999984741211,60.380001068115234,60.58000183105469,61.380001068115234,10257700.0,55.31722640991211
2013-10-23,61.779998779296875,60.91999816894531,61.08000183105469,61.459999084472656,6285100.0,55.38932800292969
2013-10-24,62.220001220703125,61.290000915527344,61.43000030517578,62.06999969482422,5585700.0,55.9390754699707
2013-10-25,62.119998931884766,61.08000183105469,61.9900016784668,61.40999984741211,5447800.0,55.344261169433594
2013-10-28,62.41999816894531,61.45000076293945,61.68000030517578,61.7400016784668,6443100.0,55.64167404174805
2013-10-29,62.650001525878906,61.849998474121094,61.869998931884766,62.54999923706055,5547600.0,56.37166213989258
2013-10-30,62.65999984741211,61.900001525878906,62.54999923706055,62.220001220703125,4007900.0,56.07425308227539
2013-10-31,62.63999938964844,61.869998931884766,62.20000076293945,62.2599983215332,5156500.0,56.110313415527344
2013-11-01,62.900001525878906,62.41999816894531,62.41999816894531,62.59000015258789,5112300.0,56.40770721435547
2013-11-04,62.84000015258789,61.93000030517578,62.709999084472656,61.97999954223633,6774100.0,55.85796356201172
2013-11-05,64.44000244140625,62.61000061035156,63.47999954223633,63.220001220703125,10424900.0,56.97548294067383
2013-11-06,63.970001220703125,63.5,63.779998779296875,63.869998931884766,6826300.0,57.561279296875
2013-11-07,64.0,63.290000915527344,63.84000015258789,63.540000915527344,6027200.0,57.263877868652344
2013-11-08,63.900001525878906,63.290000915527344,63.540000915527344,63.779998779296875,6221000.0,57.48017883300781
2013-11-11,64.16000366210938,63.7400016784668,63.869998931884766,63.93000030517578,2994100.0,57.615360260009766
2013-11-12,64.04000091552734,63.54999923706055,63.7400016784668,63.959999084472656,4380700.0,57.64239501953125
2013-11-13,64.48999786376953,63.68000030517578,64.44000244140625,64.37999725341797,4085000.0,58.02090072631836
2013-11-14,65.44999694824219,64.27999877929688,64.43000030517578,65.2699966430664,4630900.0,58.822994232177734
2013-11-15,65.69999694824219,65.04000091552734,65.11000061035156,65.62000274658203,3816100.0,59.138431549072266
2013-11-18,65.69000244140625,65.23999786376953,65.5999984741211,65.44000244140625,4680200.0,58.97620391845703
2013-11-19,65.75,65.16000366210938,65.54000091552734,65.22000122070312,4042200.0,58.77792739868164
2013-11-20,65.73999786376953,65.1500015258789,65.33999633789062,65.41999816894531,3642300.0,58.95818328857422
2013-11-21,66.18000030517578,65.4000015258789,65.43000030517578,66.08999633789062,4072100.0,59.56201171875
2013-11-22,66.70999908447266,65.9800033569336,65.9800033569336,66.68000030517578,4491400.0,60.09372329711914
2013-11-25,66.98999786376953,66.55999755859375,66.70999908447266,66.77999877929688,3546600.0,60.18384552001953
2013-11-26,67.19999694824219,66.05999755859375,66.66000366210938,66.08999633789062,5557500.0,59.56201171875
2013-11-27,66.95999908447266,66.22000122070312,66.37999725341797,66.76000213623047,4943600.0,60.165836334228516
2013-11-29,67.63999938964844,66.9000015258789,67.08999633789062,66.95999908447266,3940100.0,60.346065521240234
2013-12-02,67.5,66.23999786376953,67.0999984741211,66.6500015258789,4813000.0,60.06669616699219
2013-12-03,66.94999694824219,66.05999755859375,66.08000183105469,66.75,4513400.0,60.15679931640625
2013-12-04,66.66000366210938,65.44999694824219,66.4800033569336,66.12000274658203,5261300.0,59.58905029296875
2013-12-05,66.52999877929688,65.7699966430664,66.05999755859375,65.87000274658203,4088300.0,59.363739013671875
2013-12-06,66.97000122070312,66.2699966430664,66.31999969482422,66.75,4028600.0,60.15679931640625
2013-12-09,67.08999633789062,66.20999908447266,66.87999725341797,66.7300033569336,5023400.0,60.1388053894043
2013-12-10,68.5999984741211,66.2300033569336,66.5999984741211,67.98999786376953,9875700.0,61.27433776855469
2013-12-11,68.7300033569336,67.93000030517578,68.0199966430664,68.13999938964844,7210300.0,61.40952682495117
2013-12-12,68.30000305175781,67.4800033569336,68.27999877929688,67.56999969482422,4907400.0,60.89582824707031
2013-12-13,67.9000015258789,67.0,67.72000122070312,67.30999755859375,3883000.0,60.6614990234375
2013-12-16,68.36000061035156,67.44000244140625,67.6500015258789,67.79000091552734,4879600.0,61.09408950805664
2013-12-17,67.91000366210938,66.7699966430664,67.8499984741211,66.80999755859375,5943300.0,60.21089172363281
2013-12-18,69.69000244140625,67.12000274658203,67.12000274658203,69.69000244140625,10322500.0,62.80643081665039
2013-12-19,70.41000366210938,69.37999725341797,69.63999938964844,70.13999938964844,5950000.0,63.21196746826172
2013-12-20,70.87000274658203,69.7699966430664,69.94999694824219,70.05999755859375,14986500.0,63.1398811340332
2013-12-23,70.73999786376953,70.12000274658203,70.5,70.5199966430664,3847700.0,63.55442428588867
2013-12-24,71.29000091552734,70.55999755859375,70.55999755859375,70.9800033569336,1698200.0,63.9689826965332
2013-12-26,71.4000015258789,70.98999786376953,71.0,71.27999877929688,2371500.0,64.23934936523438
2013-12-27,71.98999786376953,71.30999755859375,71.3499984741211,71.55999755859375,2440400.0,64.49170684814453
2013-12-30,71.8499984741211,71.38999938964844,71.38999938964844,71.58000183105469,2513600.0,64.50975799560547
2013-12-31,71.97000122070312,71.30000305175781,71.80000305175781,71.56999969482422,2301600.0,64.50070190429688
2014-01-02,71.37000274658203,70.18000030517578,71.16000366210938,70.4000015258789,4485800.0,63.4462776184082
2014-01-03,70.77999877929688,70.26000213623047,70.55000305175781,70.55000305175781,3885500.0,63.58147048950195
2014-01-06,70.83000183105469,69.30000305175781,70.75,69.30999755859375,6345100.0,62.46393966674805
2014-01-07,69.75,69.22000122070312,69.52999877929688,69.66999816894531,4524200.0,62.78838348388672
2014-01-08,69.93000030517578,69.1500015258789,69.77999877929688,69.7699966430664,5067700.0,62.878501892089844
2014-01-09,70.58999633789062,69.33000183105469,70.44999694824219,69.91999816894531,4960900.0,63.01368713378906
2014-01-10,70.0,68.83000183105469,69.80999755859375,69.51000213623047,6859100.0,62.64420700073242
2014-01-13,69.68000030517578,68.43000030517578,69.33000183105469,68.55000305175781,3638100.0,61.77901840209961
2014-01-14,68.83999633789062,68.13999938964844,68.62000274658203,68.48999786376953,5835700.0,61.72492980957031
2014-01-15,69.0,67.87999725341797,68.62999725341797,68.29000091552734,5842200.0,61.54471206665039
2014-01-16,68.27999877929688,67.76000213623047,68.19000244140625,68.12999725341797,5865400.0,61.40050506591797
2014-01-17,68.26000213623047,67.81999969482422,68.20999908447266,67.97000122070312,4551300.0,61.50458526611328
2014-01-21,68.62000274658203,68.05999755859375,68.61000061035156,68.31999969482422,6548600.0,62.072410583496094
2014-01-22,69.66000366210938,68.5999984741211,68.6500015258789,69.16999816894531,6294500.0,62.84467697143555
2014-01-23,68.77999877929688,68.0999984741211,68.70999908447266,68.47000122070312,5633800.0,62.20869445800781
2014-01-24,68.43000030517578,67.62999725341797,68.37000274658203,67.62999725341797,5717100.0,61.44550704956055
2014-01-27,67.94999694824219,67.06999969482422,67.66000366210938,67.52999877929688,7289100.0,61.35467529296875
2014-01-28,68.77999877929688,67.66000366210938,67.66000366210938,68.5199966430664,5159100.0,62.254112243652344
2014-01-29,68.05999755859375,67.16000366210938,68.0,67.3499984741211,8339300.0,61.19111251831055
2014-01-30,68.23999786376953,67.33000183105469,67.79000091552734,67.6500015258789,5060500.0,61.46368408203125
2014-01-31,68.06999969482422,66.06999969482422,66.79000091552734,67.72000122070312,7388500.0,61.52727508544922
2014-02-03,67.66999816894531,65.68000030517578,67.5199966430664,65.79000091552734,7016400.0,59.77376174926758
2014-02-04,66.7699966430664,65.70999908447266,66.44999694824219,66.11000061035156,6137800.0,60.06450653076172
2014-02-05,66.0,64.94999694824219,65.05999755859375,65.44000244140625,10092700.0,59.455772399902344
2014-02-06,66.13999938964844,65.30999755859375,65.47000122070312,66.11000061035156,5927800.0,60.06450653076172
2014-02-07,66.9800033569336,65.95999908447266,66.01000213623047,66.44000244140625,6206000.0,60.36432647705078
2014-02-10,67.0,66.36000061035156,66.41999816894531,66.94000244140625,8584200.0,60.8186149597168
2014-02-11,69.70999908447266,68.20999908447266,69.70999908447266,68.7699966430664,13618000.0,62.481239318847656
2014-02-12,69.0999984741211,68.38999938964844,68.6500015258789,68.54000091552734,5947700.0,62.27229690551758
2014-02-13,69.56999969482422,68.08999633789062,68.19999694824219,69.4800033569336,6027800.0,63.1263427734375
2014-02-14,70.19000244140625,69.12000274658203,69.3499984741211,69.9000015258789,5127000.0,63.507911682128906
2014-02-18,70.55000305175781,70.04000091552734,70.4800033569336,70.31999969482422,6868500.0,63.889530181884766
2014-02-19,70.72000122070312,69.91999816894531,70.16000366210938,70.0999984741211,5624400.0,63.689640045166016
2014-02-20,71.37999725341797,70.06999969482422,70.20999908447266,71.30999755859375,5607900.0,64.78898620605469
2014-02-21,71.66000366210938,71.12999725341797,71.18000030517578,71.19999694824219,4908400.0,64.68905639648438
2014-02-24,72.12000274658203,71.3499984741211,71.47000122070312,71.37000274658203,4915900.0,64.843505859375
2014-02-25,72.19999694824219,71.37000274658203,71.4800033569336,72.16000366210938,4868100.0,65.56127166748047
2014-02-26,72.62999725341797,72.0,72.18000030517578,72.19999694824219,5260200.0,65.59760284423828
2014-02-27,72.30000305175781,71.69000244140625,72.12999725341797,72.16000366210938,4999500.0,65.56127166748047
2014-02-28,73.62000274658203,72.13999938964844,72.25,73.13999938964844,7556300.0,66.45165252685547
2014-03-03,73.0999984741211,72.26000213623047,72.58999633789062,72.58999633789062,5767500.0,65.95194244384766
2014-03-04,73.38999938964844,72.87999725341797,73.2699966430664,73.0999984741211,5744700.0,66.41529083251953
2014-03-05,73.58000183105469,73.02999877929688,73.1500015258789,73.18000030517578,4611200.0,66.48799896240234
2014-03-06,73.88999938964844,72.9800033569336,73.88999938964844,73.22000122070312,3713900.0,66.52432250976562
2014-03-07,73.77999877929688,73.12999725341797,73.48999786376953,73.4800033569336,3726600.0,66.76055145263672
2014-03-10,73.69999694824219,73.12999725341797,73.41999816894531,73.56999969482422,4067700.0,66.8423080444336
2014-03-11,73.69999694824219,72.5,73.66999816894531,72.69999694824219,4723800.0,66.05187225341797
2014-03-12,72.87999725341797,72.05000305175781,72.37000274658203,72.87999725341797,4015700.0,66.21541595458984
2014-03-13,73.27999877929688,72.36000061035156,73.08000183105469,72.5,5119400.0,65.87016296386719
2014-03-14,73.51000213623047,72.30000305175781,72.30000305175781,72.75,5486000.0,66.09730529785156
2014-03-17,74.41000366210938,72.80000305175781,72.80000305175781,74.36000061035156,6306200.0,67.56009674072266
2014-03-18,74.44999694824219,73.41999816894531,74.41999816894531,73.69000244140625,5064000.0,66.95135498046875
2014-03-19,74.23999786376953,73.05999755859375,73.80000305175781,73.51000213623047,4331600.0,66.78780364990234
2014-03-20,74.12000274658203,73.26000213623047,73.36000061035156,73.98999786376953,3550500.0,67.22392272949219
2014-03-21,74.94999694824219,73.8499984741211,74.55999755859375,74.94999694824219,14439400.0,68.09613037109375
2014-03-24,74.66999816894531,73.7300033569336,74.51000213623047,74.3499984741211,8511600.0,67.5510025024414
2014-03-25,75.05000305175781,74.45999908447266,74.72000122070312,74.94999694824219,5216500.0,68.09613037109375
2014-03-26,76.36000061035156,75.12000274658203,75.77999877929688,75.30000305175781,7771800.0,68.41411590576172
2014-03-27,75.1500015258789,74.01000213623047,74.69000244140625,74.12999725341797,5315700.0,67.35110473632812
2014-03-28,74.5,73.8499984741211,74.30000305175781,74.26000213623047,5220200.0,67.46923828125
2014-03-31,75.2300033569336,74.55999755859375,74.80999755859375,74.86000061035156,4355100.0,68.01434326171875
2014-04-01,75.08999633789062,74.11000061035156,74.55999755859375,74.29000091552734,5298500.0,67.4964828491211
2014-04-02,75.11000061035156,73.8499984741211,73.9000015258789,74.7699966430664,5194600.0,67.93258666992188
2014-04-03,75.33999633789062,74.66000366210938,74.75,75.23999786376953,4342400.0,68.35960388183594
2014-04-04,76.0,74.58999633789062,75.55999755859375,74.69000244140625,5133900.0,67.8598861694336
2014-04-07,74.80000305175781,73.81999969482422,74.80000305175781,73.83000183105469,5449200.0,67.07853698730469
2014-04-08,73.98999786376953,73.06999969482422,73.76000213623047,73.18000030517578,8632600.0,66.48799896240234
2014-04-09,74.4800033569336,73.16999816894531,73.2300033569336,74.44999694824219,5787200.0,67.64186096191406
2014-04-10,75.41000366210938,72.93000030517578,74.48999786376953,72.93000030517578,6124000.0,66.2608413696289
2014-04-11,73.22000122070312,72.37000274658203,72.55000305175781,72.58000183105469,5611800.0,65.94285583496094
2014-04-14,73.5199966430664,72.7699966430664,73.16999816894531,73.37000274658203,5049300.0,66.66060638427734
2014-04-15,73.91000366210938,72.37999725341797,73.58999633789062,73.44000244140625,5297900.0,66.72421264648438
2014-04-16,74.23999786376953,73.51000213623047,74.06999969482422,73.91000366210938,4660000.0,67.1512222290039
2014-04-17,74.0999984741211,73.31999969482422,73.3499984741211,73.73999786376953,5442000.0,67.2469711303711
2014-04-21,74.04000091552734,73.51000213623047,73.62999725341797,73.66999816894531,5247400.0,67.18315124511719
2014-04-22,73.86000061035156,73.22000122070312,73.83999633789062,73.23999786376953,5001600.0,66.79100799560547
2014-04-23,73.62999725341797,72.97000122070312,73.23999786376953,73.08999633789062,3499300.0,66.65422821044922
2014-04-24,73.63999938964844,72.97000122070312,73.2699966430664,73.06999969482422,5217900.0,66.6359634399414
2014-04-25,73.62999725341797,72.97000122070312,73.0,73.23999786376953,4397100.0,66.79100799560547
2014-04-28,74.56999969482422,73.25,73.70999908447266,73.61000061035156,7684400.0,67.1284408569336
2014-04-29,74.05999755859375,73.43000030517578,73.66999816894531,73.47000122070312,5027100.0,67.0007553100586
2014-04-30,73.18000030517578,72.44000244140625,73.12000274658203,72.72000122070312,8734100.0,66.3167953491211
2014-05-01,73.27999877929688,72.44000244140625,72.44000244140625,73.08999633789062,7016700.0,66.65422821044922
2014-05-02,73.94000244140625,72.43000030517578,72.86000061035156,73.86000061035156,6912000.0,67.3564224243164
2014-05-05,75.69999694824219,73.33999633789062,73.75,74.9800033569336,6211400.0,68.3778076171875
2014-05-06,74.98999786376953,74.30999755859375,74.9000015258789,74.44000244140625,4329800.0,67.88534545898438
2014-05-07,76.0,74.37999725341797,74.80999755859375,75.9000015258789,5480200.0,69.216796875
2014-05-08,76.2300033569336,75.37000274658203,75.7300033569336,75.86000061035156,6199400.0,69.18030548095703
2014-05-09,76.44000244140625,75.41000366210938,75.77999877929688,76.27999877929688,4212500.0,69.56332397460938
2014-05-12,77.12999725341797,76.41999816894531,76.5,76.81999969482422,4334100.0,70.0557861328125
2014-05-13,77.0,76.41999816894531,76.80000305175781,76.55000305175781,3476700.0,69.80956268310547
2014-05-14,76.4800033569336,75.9000015258789,76.16000366210938,76.0,2814000.0,69.3080062866211
2014-05-15,76.0,74.73999786376953,75.97000122070312,75.55999755859375,3799900.0,68.90673065185547
2014-05-16,76.68000030517578,75.47000122070312,75.55999755859375,76.56999969482422,5378500.0,69.82778930664062
2014-05-19,76.69000244140625,76.04000091552734,76.2699966430664,76.2699966430664,4314500.0,69.55419921875
2014-05-20,76.52999877929688,75.80999755859375,76.2699966430664,75.93000030517578,2931700.0,69.244140625
2014-05-21,76.80000305175781,76.0999984741211,76.30999755859375,76.69999694824219,3370000.0,69.94631958007812
2014-05-22,77.37000274658203,76.52999877929688,76.63999938964844,77.20999908447266,3546400.0,70.41144561767578
2014-05-23,77.41000366210938,76.98999786376953,77.33000183105469,77.12000274658203,2494100.0,70.32937622070312
2014-05-27,77.33000183105469,77.0,77.30000305175781,77.16999816894531,2747300.0,70.37496948242188
2014-05-28,77.75,77.19999694824219,77.2300033569336,77.25,3744700.0,70.44792938232422
2014-05-29,77.86000061035156,77.06999969482422,77.51000213623047,77.66000366210938,3321400.0,70.82181549072266
2014-05-30,78.48999786376953,77.68000030517578,77.80000305175781,78.31999969482422,5286500.0,71.42369842529297
2014-06-02,78.5999984741211,78.05999755859375,78.36000061035156,78.30000305175781,2151100.0,71.40546417236328
2014-06-03,78.4800033569336,77.68000030517578,78.25,77.70999908447266,2946200.0,70.86741638183594
2014-06-04,78.2300033569336,77.37000274658203,77.79000091552734,78.16000366210938,2891900.0,71.2778091430664
2014-06-05,78.86000061035156,77.66999816894531,77.88999938964844,78.62000274658203,3309800.0,71.6972885131836
2014-06-06,79.43000030517578,78.66000366210938,78.83999633789062,78.91999816894531,2978500.0,71.97087860107422
2014-06-09,78.8499984741211,78.37000274658203,78.81999969482422,78.55000305175781,2890000.0,71.63345336914062
2014-06-10,78.45999908447266,77.80000305175781,78.43000030517578,78.0199966430664,2704800.0,71.15011596679688
2014-06-11,78.0,77.2699966430664,77.73999786376953,77.31999969482422,3125500.0,70.51176452636719
2014-06-12,77.25,75.81999969482422,77.13999938964844,75.9800033569336,3777700.0,69.28973388671875
2014-06-13,76.33999633789062,75.37000274658203,76.2699966430664,75.86000061035156,3107200.0,69.18030548095703
2014-06-16,76.36000061035156,75.58000183105469,75.75,76.13999938964844,3992800.0,69.43565368652344
2014-06-17,76.4800033569336,75.91000366210938,76.08999633789062,76.19999694824219,2780300.0,69.4903793334961
2014-06-18,77.38999938964844,76.12000274658203,76.87000274658203,77.36000061035156,3481600.0,70.54824829101562
2014-06-19,77.73999786376953,77.31999969482422,77.47000122070312,77.44999694824219,4535000.0,70.63031005859375
2014-06-20,77.87999725341797,76.72000122070312,77.7300033569336,76.79000091552734,6127200.0,70.02842712402344
2014-06-23,76.77999877929688,76.0,76.7699966430664,76.31999969482422,3573100.0,69.59982299804688
2014-06-24,76.23999786376953,74.63999938964844,75.70999908447266,75.4800033569336,5865300.0,68.83377838134766
2014-06-25,75.79000091552734,75.06999969482422,75.55999755859375,75.45999908447266,4240500.0,68.8155288696289
2014-06-26,76.05999755859375,75.11000061035156,75.47000122070312,75.54000091552734,4008400.0,68.88848876953125
2014-06-27,75.77999877929688,75.19000244140625,75.44999694824219,75.72000122070312,7274100.0,69.05265808105469
2014-06-30,76.13999938964844,75.20999908447266,75.73999786376953,75.37000274658203,3982700.0,68.73345947265625
2014-07-01,76.33000183105469,75.41999816894531,75.88999938964844,76.04000091552734,3361300.0,69.34447479248047
2014-07-02,76.7300033569336,75.75,75.98999786376953,76.25,2759100.0,69.53597259521484
2014-07-03,76.93000030517578,76.30999755859375,76.41999816894531,76.83000183105469,2040800.0,70.06491088867188
2014-07-07,76.98999786376953,76.4800033569336,76.61000061035156,76.66999816894531,2439600.0,69.91898345947266
2014-07-08,76.66000366210938,76.18000030517578,76.58000183105469,76.52999877929688,3318100.0,69.79131317138672
2014-07-09,76.95999908447266,76.25,76.8499984741211,76.83999633789062,3127300.0,70.07401275634766
2014-07-10,76.93000030517578,76.04000091552734,76.23999786376953,76.61000061035156,2911700.0,69.8642807006836
2014-07-11,77.02999877929688,76.30000305175781,76.55000305175781,76.9000015258789,2269000.0,70.12873077392578
2014-07-14,77.54000091552734,77.0999984741211,77.12999725341797,77.29000091552734,2272700.0,70.4843978881836
2014-07-15,77.6500015258789,76.91999816894531,77.20999908447266,77.41000366210938,3502300.0,70.59383392333984
2014-07-16,77.8499984741211,76.9000015258789,77.69000244140625,77.02999877929688,2796300.0,70.2472915649414
2014-07-17,77.01000213623047,76.08999633789062,76.62000274658203,76.11000061035156,2418500.0,69.656982421875
2014-07-18,77.5199966430664,76.23999786376953,76.31999969482422,77.47000122070312,3247700.0,70.90167999267578
2014-07-21,77.29000091552734,76.55000305175781,76.98999786376953,77.04000091552734,3152200.0,70.50811767578125
2014-07-22,78.05000305175781,77.0199966430664,77.11000061035156,77.87000274658203,2697100.0,71.26773834228516
2014-07-23,78.19000244140625,77.56999969482422,77.81999969482422,78.12999725341797,2314500.0,71.5057144165039
2014-07-24,79.01000213623047,78.16000366210938,78.33999633789062,78.88999938964844,3798100.0,72.20125579833984
2014-07-25,79.20999908447266,78.61000061035156,78.75,79.12000274658203,3295000.0,72.41177368164062
2014-07-28,79.1500015258789,78.19000244140625,79.0,78.37999725341797,4278500.0,71.73452758789062
2014-07-29,78.63999938964844,77.80999755859375,78.48999786376953,77.80999755859375,3372500.0,71.21283721923828
2014-07-30,78.19999694824219,77.43000030517578,78.0,77.73999786376953,4014400.0,71.14878845214844
2014-07-31,77.73999786376953,76.36000061035156,77.30999755859375,76.36000061035156,4385900.0,69.88577270507812
2014-08-01,77.08999633789062,76.19999694824219,76.19999694824219,76.48999786376953,4483000.0,70.00476837158203
2014-08-04,77.4800033569336,76.5,76.5199966430664,77.37000274658203,4396200.0,70.81015014648438
2014-08-05,78.95999908447266,76.16999816894531,78.01000213623047,77.2699966430664,6797600.0,70.7186279296875
2014-08-06,77.43000030517578,74.69000244140625,74.72000122070312,77.02999877929688,11306300.0,70.49897766113281
2014-08-07,77.62999725341797,75.62999725341797,77.5,76.11000061035156,5665500.0,69.656982421875
2014-08-08,77.91999816894531,76.18000030517578,76.25,77.80999755859375,4574600.0,71.21283721923828
2014-08-11,78.69000244140625,77.94999694824219,78.0199966430664,78.36000061035156,3248700.0,71.71621704101562
2014-08-12,78.83999633789062,78.12000274658203,78.20999908447266,78.66999816894531,2425000.0,71.99992370605469
2014-08-13,79.1500015258789,78.44000244140625,78.93000030517578,78.91000366210938,3448300.0,72.2195816040039
2014-08-14,79.33999633789062,78.88999938964844,79.05999755859375,79.30000305175781,2696200.0,72.57650756835938
2014-08-15,79.5,78.44000244140625,79.30000305175781,78.91000366210938,3308500.0,72.2195816040039
2014-08-18,79.43000030517578,78.9000015258789,79.16000366210938,79.1500015258789,2205900.0,72.43923950195312
2014-08-19,79.54000091552734,78.97000122070312,79.30000305175781,79.52999877929688,2251800.0,72.7870101928711
2014-08-20,79.76000213623047,79.16999816894531,79.44000244140625,79.61000061035156,2584500.0,72.86024475097656
2014-08-21,79.81999969482422,78.93000030517578,79.79000091552734,78.9800033569336,2597400.0,72.28364562988281
2014-08-22,79.5999984741211,78.91000366210938,78.91000366210938,79.23999786376953,3502200.0,72.52159881591797
2014-08-25,79.7699966430664,79.11000061035156,79.44000244140625,79.20999908447266,2500700.0,72.494140625
2014-08-26,79.63999938964844,78.9000015258789,79.16999816894531,79.3499984741211,2727200.0,72.62226104736328
2014-08-27,79.75,79.25,79.4800033569336,79.43000030517578,2093100.0,72.69549560546875
2014-08-28,79.5999984741211,78.97000122070312,79.30999755859375,79.43000030517578,1811400.0,72.69549560546875
2014-08-29,79.80000305175781,79.27999877929688,79.5,79.44999694824219,2416200.0,72.71378326416016
2014-09-02,79.79000091552734,79.22000122070312,79.47000122070312,79.7300033569336,2565800.0,72.97004699707031
2014-09-03,80.62000274658203,79.66999816894531,79.88999938964844,80.36000061035156,3512200.0,73.54663848876953
2014-09-04,81.16000366210938,80.0199966430664,80.43000030517578,80.30999755859375,4924000.0,73.50086975097656
2014-09-05,81.6500015258789,80.11000061035156,80.47000122070312,81.63999938964844,3567400.0,74.71812438964844
2014-09-08,82.12000274658203,81.1500015258789,81.72000122070312,81.4000015258789,3357600.0,74.49847412109375
2014-09-09,81.55999755859375,80.56999969482422,81.5,80.86000061035156,3849300.0,74.00424194335938
2014-09-10,81.19000244140625,80.58999633789062,80.77999877929688,80.91000366210938,2751100.0,74.05000305175781
2014-09-11,81.22000122070312,80.75,80.76000213623047,81.08999633789062,3926300.0,74.21473693847656
2014-09-12,81.36000061035156,80.33000183105469,81.36000061035156,80.56999969482422,2867800.0,73.73883056640625
2014-09-15,81.27999877929688,80.9000015258789,81.05000305175781,81.23999786376953,4369500.0,74.35202026367188
2014-09-16,82.56999969482422,81.1500015258789,81.16000366210938,82.22000122070312,3832000.0,75.24893951416016
2014-09-17,82.48999786376953,81.75,81.9000015258789,82.23999786376953,3570100.0,75.26725006103516
2014-09-18,82.12999725341797,81.05000305175781,81.94000244140625,81.18000030517578,4831000.0,74.29710388183594
2014-09-19,81.75,81.02999877929688,81.66999816894531,81.37000274658203,5876000.0,74.47101593017578
2014-09-22,81.27999877929688,80.47000122070312,81.2300033569336,80.5999984741211,3534200.0,73.76629638671875
2014-09-23,80.75,79.81999969482422,80.55999755859375,79.98999786376953,3684000.0,73.2080078125
2014-09-24,80.88999938964844,80.13999938964844,80.3499984741211,80.81999969482422,4268700.0,73.96764373779297
2014-09-25,80.79000091552734,79.70999908447266,80.58000183105469,79.83999633789062,3899100.0,73.07073211669922
2014-09-26,80.44000244140625,79.61000061035156,79.62000274658203,80.29000091552734,3917500.0,73.4825668334961
2014-09-29,80.19999694824219,79.2699966430664,79.73999786376953,80.02999877929688,3026900.0,73.2446060180664
2014-09-30,80.30999755859375,79.44999694824219,80.0,79.58999633789062,4049100.0,72.84190368652344
2014-10-01,79.83000183105469,79.05000305175781,79.44999694824219,79.13999938964844,6973100.0,72.43006134033203
2014-10-02,80.26000213623047,79.0199966430664,79.2300033569336,80.05999755859375,6297000.0,73.27206420898438
2014-10-03,81.4000015258789,80.0999984741211,80.43000030517578,81.33000183105469,5630700.0,74.43440246582031
2014-10-06,81.91999816894531,81.08000183105469,81.55999755859375,81.33999633789062,3370500.0,74.44354248046875
2014-10-07,82.0,80.83999633789062,81.0199966430664,81.02999877929688,4676200.0,74.15983581542969
2014-10-08,82.55999755859375,81.05000305175781,81.29000091552734,82.5199966430664,4846500.0,75.52350616455078
2014-10-09,83.19999694824219,81.91999816894531,82.52999877929688,81.94999694824219,5075700.0,75.0018081665039
2014-10-10,83.44999694824219,81.68000030517578,82.19000244140625,82.4800033569336,7263100.0,75.48690032958984
2014-10-13,82.5199966430664,80.0199966430664,82.5199966430664,80.12000274658203,7516200.0,73.32698822021484
2014-10-14,81.27999877929688,80.38999938964844,80.66000366210938,80.68000030517578,7812900.0,73.83950805664062
2014-10-15,79.9800033569336,77.51000213623047,79.69000244140625,78.98999786376953,9026300.0,72.29277801513672
2014-10-16,79.6500015258789,77.4000015258789,77.69999694824219,78.80999755859375,7354300.0,72.12804412841797
2014-10-17,80.16999816894531,78.97000122070312,79.87000274658203,79.95999908447266,5568000.0,73.18055725097656
2014-10-20,81.97000122070312,79.8499984741211,80.05999755859375,81.76000213623047,5721400.0,74.82794189453125
2014-10-21,83.0999984741211,81.51000213623047,81.76000213623047,82.91999816894531,5166000.0,76.14569854736328
2014-10-22,83.79000091552734,82.83999633789062,83.08000183105469,83.25,5206000.0,76.44874572753906
2014-10-23,84.44999694824219,83.43000030517578,83.91999816894531,83.5999984741211,3969400.0,76.7701416015625
2014-10-24,84.3499984741211,83.41999816894531,83.68000030517578,84.29000091552734,2709200.0,77.40379333496094
2014-10-27,85.22000122070312,84.20999908447266,84.29000091552734,84.83999633789062,3602500.0,77.90882873535156
2014-10-28,85.26000213623047,84.69999694824219,85.19999694824219,85.19999694824219,3386900.0,78.23944091796875
2014-10-29,85.73999786376953,84.58000183105469,85.06999969482422,85.19000244140625,3379100.0,78.23026275634766
2014-10-30,85.94999694824219,84.77999877929688,84.8499984741211,85.55000305175781,3102700.0,78.56084442138672
2014-10-31,87.16000366210938,85.72000122070312,86.68000030517578,85.80999755859375,6211000.0,78.7995834350586
2014-11-03,86.68000030517578,85.91000366210938,86.02999877929688,86.12000274658203,5217300.0,79.08427429199219
2014-11-04,86.20999908447266,83.61000061035156,84.8499984741211,85.47000122070312,6300000.0,78.48738098144531
2014-11-05,87.87999725341797,85.68000030517578,86.33000183105469,87.5,5460700.0,80.35153198242188
2014-11-06,88.4800033569336,87.3499984741211,87.5999984741211,88.43000030517578,3994900.0,81.20555114746094
2014-11-07,88.41000366210938,87.73999786376953,88.16999816894531,88.37999725341797,3651200.0,81.15963745117188
2014-11-10,89.20999908447266,87.91999816894531,88.11000061035156,89.19000244140625,3489300.0,81.90348052978516
2014-11-11,90.18000030517578,89.30999755859375,89.33000183105469,89.76000213623047,3330300.0,82.4269027709961
2014-11-12,89.80000305175781,89.0199966430664,89.61000061035156,89.29000091552734,3000800.0,81.99529266357422
2014-11-13,90.13999938964844,89.4000015258789,89.45999908447266,90.12999725341797,3489000.0,82.76666259765625
2014-11-14,90.25,89.02999877929688,90.0999984741211,89.12999725341797,5289500.0,81.84835815429688
2014-11-17,90.12999725341797,89.12999725341797,89.12999725341797,90.12000274658203,4021400.0,82.75747680664062
2014-11-18,90.44999694824219,89.7300033569336,90.04000091552734,90.12000274658203,3938900.0,82.75747680664062
2014-11-19,90.37000274658203,89.33999633789062,90.05999755859375,89.58999633789062,4060500.0,82.27076721191406
2014-11-20,89.70999908447266,88.94000244140625,89.41999816894531,89.25,3513100.0,81.95856475830078
2014-11-21,89.97000122070312,89.2300033569336,89.62000274658203,89.33000183105469,4319400.0,82.03203582763672
2014-11-24,91.11000061035156,89.66999816894531,89.79000091552734,90.87000274658203,4193800.0,83.44622802734375
2014-11-25,91.08000183105469,90.12999725341797,91.08000183105469,90.29000091552734,3907800.0,82.9135971069336
2014-11-26,90.91999816894531,90.22000122070312,90.6500015258789,90.88999938964844,2112300.0,83.46458435058594
2014-11-28,92.0,91.13999938964844,91.20999908447266,91.36000061035156,1966200.0,83.89618682861328
2014-12-01,91.41999816894531,89.9800033569336,91.41999816894531,90.16000366210938,3788500.0,82.79423522949219
2014-12-02,90.47000122070312,89.9000015258789,90.11000061035156,90.08999633789062,3671400.0,82.72994232177734
2014-12-03,90.25,88.94999694824219,89.88999938964844,89.13999938964844,4429200.0,81.85755920410156
2014-12-04,89.97000122070312,89.04000091552734,89.5199966430664,89.83999633789062,4141500.0,82.50035095214844
2014-12-05,90.7300033569336,89.63999938964844,90.0,90.69999694824219,3074700.0,83.29010772705078
2014-12-08,91.22000122070312,90.31999969482422,90.41000366210938,90.76000213623047,2779000.0,83.34520721435547
2014-12-09,91.2699966430664,89.79000091552734,89.95999908447266,91.25,3364900.0,83.795166015625
2014-12-10,91.33000183105469,90.06999969482422,91.13999938964844,90.11000061035156,4549600.0,82.7483139038086
2014-12-11,91.75,90.19999694824219,90.29000091552734,90.93000030517578,4068000.0,83.50130462646484
2014-12-12,91.8499984741211,89.91999816894531,90.47000122070312,89.94000244140625,4312700.0,82.59219360351562
2014-12-15,91.52999877929688,89.30999755859375,90.95999908447266,89.87000274658203,6389600.0,82.52791595458984
2014-12-16,94.61000061035156,91.02999877929688,91.22000122070312,92.30999755859375,10159000.0,84.7685775756836
2014-12-17,94.75,92.69999694824219,92.81999969482422,94.16999816894531,6906500.0,86.47660827636719
2014-12-18,95.52999877929688,94.13999938964844,95.06999969482422,95.5199966430664,5929400.0,87.71632385253906
2014-12-19,96.7300033569336,95.3499984741211,96.31999969482422,95.69999694824219,9799900.0,87.88160705566406
2014-12-22,97.11000061035156,95.76000213623047,95.80999755859375,97.11000061035156,4196500.0,89.17642974853516
2014-12-23,98.13999938964844,96.87000274658203,97.6500015258789,97.87000274658203,4417500.0,89.87433624267578
2014-12-24,98.4800033569336,97.7300033569336,97.9000015258789,97.88999938964844,2590300.0,89.89271545410156
2014-12-26,98.62000274658203,97.91999816894531,98.5999984741211,98.25,2279200.0,90.2232894897461
2014-12-29,98.48999786376953,97.20999908447266,97.81999969482422,97.55000305175781,3142500.0,89.58047485351562
2014-12-30,97.94000244140625,97.05999755859375,97.1500015258789,97.52999877929688,2640000.0,89.56210327148438
2014-12-31,97.87000274658203,96.19999694824219,97.77999877929688,96.30999755859375,3406100.0,88.4417724609375
2015-01-02,96.87000274658203,94.37999725341797,96.5199966430664,95.0999984741211,5124200.0,87.33062744140625
2015-01-05,94.88999938964844,93.87000274658203,94.58999633789062,94.16000366210938,5887900.0,86.46742248535156
2015-01-06,95.30000305175781,93.68000030517578,94.62999725341797,94.2300033569336,5538700.0,86.53170776367188
2015-01-07,95.9800033569336,94.62000274658203,94.91000366210938,95.93000030517578,5792700.0,88.09281921386719
2015-01-08,98.0,96.83999633789062,96.87000274658203,97.97000122070312,6530700.0,89.9661636352539
2015-01-09,98.33000183105469,96.91999816894531,97.69000244140625,97.91999816894531,4456700.0,89.92024230957031
2015-01-12,98.12000274658203,97.02999877929688,97.4800033569336,97.19999694824219,5102600.0,89.25907135009766
2015-01-13,99.08000183105469,96.55000305175781,98.12999725341797,97.23999786376953,4069500.0,89.29580688476562
2015-01-14,97.48999786376953,96.31999969482422,97.0,97.33000183105469,4704500.0,89.37844848632812
2015-01-15,98.05000305175781,97.01000213623047,97.72000122070312,97.16999816894531,3784800.0,89.23153686523438
2015-01-16,98.88999938964844,96.72000122070312,96.80999755859375,98.73999786376953,4748900.0,90.67326354980469
2015-01-20,99.41000366210938,97.38999938964844,99.08999633789062,98.37000274658203,4612000.0,90.65483856201172
2015-01-21,99.51000213623047,98.20999908447266,98.88999938964844,99.5,5088500.0,91.69622039794922
2015-01-22,100.66999816894531,99.44999694824219,99.93000030517578,100.27999877929688,5184300.0,92.41503143310547
2015-01-23,101.33999633789062,100.01000213623047,100.44000244140625,100.62000274658203,4595500.0,92.72836303710938
2015-01-26,101.06999969482422,100.06999969482422,100.33000183105469,101.01000213623047,2858900.0,93.08778381347656
2015-01-27,101.30999755859375,99.80999755859375,100.05999755859375,100.81999969482422,3916900.0,92.91266632080078
2015-01-28,101.58999633789062,99.45999908447266,101.2699966430664,99.5999984741211,4844100.0,91.78836822509766
2015-01-29,100.16999816894531,99.20999908447266,99.44999694824219,100.11000061035156,4900800.0,92.25836181640625
2015-01-30,99.86000061035156,98.04000091552734,99.18000030517578,98.16000366210938,6161100.0,90.46131134033203
2015-02-02,99.22000122070312,97.05999755859375,98.33999633789062,99.11000061035156,4415500.0,91.33679962158203
2015-02-03,100.16999816894531,98.8499984741211,99.56999969482422,100.12999725341797,4297300.0,92.27678680419922
2015-02-04,101.13999938964844,99.73999786376953,100.0199966430664,100.45999908447266,5714000.0,92.58090209960938
2015-02-05,100.95999908447266,99.8499984741211,100.55000305175781,100.76000213623047,3464300.0,92.85739135742188
2015-02-06,101.44999694824219,100.16999816894531,100.9800033569336,100.61000061035156,4575500.0,92.71914672851562
2015-02-09,100.7699966430664,99.05000305175781,100.61000061035156,99.55999755859375,5458600.0,91.75150299072266
2015-02-10,101.87999725341797,98.36000061035156,101.23999786376953,101.68000030517578,9777600.0,93.70523071289062
2015-02-11,103.29000091552734,101.55000305175781,101.55000305175781,102.58999633789062,6922400.0,94.54386138916016
2015-02-12,103.1500015258789,101.55999755859375,103.0199966430664,103.0,5279700.0,94.92170715332031
2015-02-13,103.12999725341797,102.2300033569336,102.8499984741211,102.62999725341797,4125600.0,94.58071899414062
2015-02-17,103.55999755859375,101.79000091552734,102.22000122070312,103.55000305175781,5328400.0,95.42855834960938
2015-02-18,104.16999816894531,103.0199966430664,103.3499984741211,104.0999984741211,3855500.0,95.93543243408203
2015-02-19,104.26000213623047,102.44999694824219,104.06999969482422,102.62000274658203,3578400.0,94.57150268554688
2015-02-20,102.72000122070312,101.87000274658203,102.36000061035156,102.69999694824219,4313300.0,94.64521789550781
2015-02-23,103.66000366210938,102.5,102.75,103.26000213623047,3619600.0,95.16132354736328
2015-02-24,103.55000305175781,102.72000122070312,103.48999786376953,103.36000061035156,3423900.0,95.25347900390625
2015-02-25,104.08999633789062,103.04000091552734,103.16999816894531,103.44000244140625,3655500.0,95.32718658447266
2015-02-26,104.4800033569336,103.47000122070312,103.5,104.16999816894531,3497000.0,95.99993133544922
2015-02-27,104.5199966430664,103.61000061035156,103.75,103.87000274658203,3808900.0,95.72346496582031
2015-03-02,104.83999633789062,104.01000213623047,104.0999984741211,104.19000244140625,3189300.0,96.01836395263672
2015-03-03,104.37999725341797,102.95999908447266,104.16999816894531,103.44999694824219,4044500.0,95.33639526367188
2015-03-04,103.44999694824219,102.7699966430664,103.05999755859375,103.08000183105469,3079500.0,94.99542236328125
2015-03-05,103.55000305175781,102.68000030517578,103.5,103.36000061035156,3619100.0,95.25347900390625
2015-03-06,102.69000244140625,101.55000305175781,102.43000030517578,101.9000015258789,4639800.0,93.90797424316406
2015-03-09,102.76000213623047,101.79000091552734,102.08999633789062,102.5,4217200.0,94.4609146118164
2015-03-10,102.33999633789062,101.5,101.58999633789062,101.52999877929688,3941600.0,93.56700134277344
2015-03-11,102.1500015258789,101.51000213623047,101.93000030517578,101.55999755859375,3319900.0,93.59463500976562
2015-03-12,103.16999816894531,101.87000274658203,101.9800033569336,102.95999908447266,3731900.0,94.88482666015625
2015-03-13,103.91999816894531,102.73999786376953,103.11000061035156,103.26000213623047,4855000.0,95.16132354736328
2015-03-16,104.5199966430664,103.51000213623047,103.66000366210938,104.38999938964844,4873900.0,96.20267486572266
2015-03-17,104.04000091552734,103.0199966430664,103.94999694824219,103.0199966430664,4613600.0,94.94013977050781
2015-03-18,103.8499984741211,101.76000213623047,102.7699966430664,103.48999786376953,6065800.0,95.37325286865234
2015-03-19,103.7300033569336,103.12000274658203,103.58000183105469,103.33999633789062,3383500.0,95.23502349853516
2015-03-20,104.69000244140625,103.48999786376953,104.0,103.86000061035156,9136400.0,95.7142562866211
2015-03-23,105.3499984741211,103.94999694824219,104.05000305175781,104.55999755859375,4167000.0,96.35934448242188
2015-03-24,105.45999908447266,104.37000274658203,104.62999725341797,104.48999786376953,3532700.0,96.29483795166016
2015-03-25,104.93000030517578,102.70999908447266,104.91999816894531,102.7300033569336,4073600.0,94.67288970947266
2015-03-26,102.88999938964844,101.77999877929688,102.45999908447266,101.98999786376953,4265300.0,93.99091339111328
2015-03-27,102.94999694824219,101.91000366210938,101.97000122070312,102.5,4515100.0,94.4609146118164
2015-03-30,104.0999984741211,101.95999908447266,102.38999938964844,103.83000183105469,3978600.0,95.68660736083984
2015-03-31,104.30000305175781,103.13999938964844,103.81999969482422,103.20999908447266,3779400.0,95.11522674560547
2015-04-01,102.7300033569336,101.30000305175781,102.66000366210938,102.26000213623047,4591200.0,94.23973846435547
2015-04-02,103.2699966430664,101.72000122070312,101.7300033569336,102.70999908447266,3041400.0,94.65443420410156
2015-04-06,103.94999694824219,102.02999877929688,102.0999984741211,103.43000030517578,3209900.0,95.3179702758789
2015-04-07,104.44999694824219,103.0999984741211,103.38999938964844,103.12999725341797,2923100.0,95.04150390625
2015-04-08,103.87999725341797,102.75,103.25,102.93000030517578,3307100.0,94.85719299316406
2015-04-09,103.29000091552734,101.83999633789062,103.04000091552734,102.37000274658203,5609500.0,94.34111022949219
2015-04-10,102.80000305175781,102.0199966430664,102.55999755859375,102.54000091552734,3606400.0,94.4977798461914
2015-04-13,103.16000366210938,102.0,102.47000122070312,102.13999938964844,6436900.0,94.12914276123047
2015-04-14,102.76000213623047,101.37999725341797,102.2300033569336,102.11000061035156,4658000.0,94.10149383544922
2015-04-15,102.51000213623047,101.56999969482422,102.25,101.7300033569336,4363500.0,93.75130462646484
2015-04-16,101.91999816894531,101.0199966430664,101.77999877929688,101.16999816894531,4077700.0,93.23523712158203
2015-04-17,100.72000122070312,99.25,100.58999633789062,100.38999938964844,6579200.0,92.51639556884766
2015-04-20,101.45999908447266,100.5199966430664,100.80999755859375,101.27999877929688,4559100.0,93.33660125732422
2015-04-21,101.91999816894531,101.12000274658203,101.5,101.41000366210938,5004400.0,93.45641326904297
2015-04-22,101.66999816894531,100.29000091552734,101.4000015258789,101.2300033569336,5561800.0,93.61361694335938
2015-04-23,101.2300033569336,100.27999877929688,100.9000015258789,100.87999725341797,4120600.0,93.28994750976562
2015-04-24,101.8499984741211,100.76000213623047,100.94000244140625,101.58000183105469,5418800.0,93.93728637695312
2015-04-27,102.52999877929688,101.19000244140625,102.0,101.22000122070312,5425500.0,93.60437774658203
2015-04-28,102.11000061035156,100.73999786376953,101.19999694824219,101.97000122070312,4087700.0,94.29794311523438
2015-04-29,101.94999694824219,100.19000244140625,101.66999816894531,100.66999816894531,6140400.0,93.09574890136719
2015-04-30,101.05000305175781,99.01000213623047,100.41999816894531,99.29000091552734,7990100.0,91.819580078125
2015-05-01,101.18000030517578,97.87000274658203,100.93000030517578,100.45999908447266,6699100.0,92.90155792236328
2015-05-04,101.31999969482422,100.01000213623047,100.56999969482422,100.16000366210938,3318800.0,92.62413024902344
2015-05-05,100.2699966430664,98.19000244140625,100.11000061035156,98.73999786376953,4556500.0,91.31096649169922
2015-05-06,99.1500015258789,98.2300033569336,98.81999969482422,98.87000274658203,3648400.0,91.4311752319336
2015-05-07,99.54000091552734,98.5,98.97000122070312,99.36000061035156,3822900.0,91.88430786132812
2015-05-08,101.0999984741211,99.8499984741211,99.8499984741211,100.66000366210938,4350700.0,93.08650207519531
2015-05-11,101.30999755859375,100.33999633789062,100.51000213623047,100.48999786376953,3129000.0,92.92930603027344
2015-05-12,100.76000213623047,99.7699966430664,100.0199966430664,100.23999786376953,4019500.0,92.6980972290039
2015-05-13,100.73999786376953,99.47000122070312,100.45999908447266,99.80999755859375,3913200.0,92.3004379272461
2015-05-14,102.0,100.31999969482422,100.4000015258789,101.95999908447266,4289400.0,94.28868103027344
2015-05-15,102.13999938964844,101.38999938964844,102.05999755859375,102.06999969482422,3788700.0,94.39041137695312
2015-05-18,102.80999755859375,101.69999694824219,101.77999877929688,102.44000244140625,2599700.0,94.7325668334961
2015-05-19,102.87999725341797,101.94999694824219,102.6500015258789,102.31999969482422,2969500.0,94.62159729003906
2015-05-20,102.31999969482422,101.23999786376953,102.31999969482422,101.2699966430664,3800400.0,93.65059661865234
2015-05-21,104.93000030517578,101.0999984741211,101.2699966430664,103.69000244140625,7691600.0,95.88853454589844
2015-05-22,104.41999816894531,103.37000274658203,103.9000015258789,103.94999694824219,3671400.0,96.12897491455078
2015-05-26,104.31999969482422,102.52999877929688,103.97000122070312,102.8499984741211,3692500.0,95.1117172241211
2015-05-27,103.86000061035156,103.04000091552734,103.11000061035156,103.4800033569336,3537700.0,95.6943359375
2015-05-28,103.72000122070312,102.4000015258789,103.5199966430664,103.19000244140625,2599900.0,95.42616271972656
2015-05-29,103.20999908447266,101.81999969482422,103.1500015258789,102.37999725341797,4819700.0,94.67709350585938
2015-06-01,103.05999755859375,102.08999633789062,102.9000015258789,102.51000213623047,3292000.0,94.79730987548828
2015-06-02,102.25,101.19999694824219,102.05000305175781,101.83000183105469,2990000.0,94.16846466064453
2015-06-03,102.5999984741211,101.79000091552734,102.4000015258789,101.91000366210938,2780300.0,94.24244689941406
2015-06-04,101.95999908447266,100.27999877929688,101.19999694824219,100.87000274658203,3896100.0,93.28070068359375
2015-06-05,100.76000213623047,99.80999755859375,100.62000274658203,99.94999694824219,3536400.0,92.42991638183594
2015-06-08,99.98999786376953,99.16999816894531,99.81999969482422,99.41000366210938,3145500.0,91.93055725097656
2015-06-09,100.44999694824219,99.13999938964844,99.41000366210938,99.9800033569336,3299700.0,92.45765686035156
2015-06-10,102.37999725341797,100.4000015258789,100.5,102.12999725341797,3909200.0,94.44590759277344
2015-06-11,103.37000274658203,102.36000061035156,102.5199966430664,102.62999725341797,3361300.0,94.90827941894531
2015-06-12,102.81999969482422,101.68000030517578,102.26000213623047,102.22000122070312,2930900.0,94.52912902832031
2015-06-15,103.3499984741211,101.86000061035156,102.87000274658203,102.58000183105469,5501500.0,94.8620376586914
2015-06-16,103.27999877929688,102.27999877929688,102.61000061035156,103.16999816894531,4010100.0,95.40765380859375
2015-06-17,104.16000366210938,103.19000244140625,103.62000274658203,103.81999969482422,3101900.0,96.00875091552734
2015-06-18,106.0,104.04000091552734,104.06999969482422,105.05999755859375,4827100.0,97.15545654296875
2015-06-19,106.08000183105469,104.77999877929688,105.47000122070312,105.47000122070312,5664400.0,97.53459930419922
2015-06-22,106.5,105.72000122070312,105.93000030517578,106.13999938964844,3515700.0,98.15419006347656
2015-06-23,106.68000030517578,105.80999755859375,106.44000244140625,106.47000122070312,3787300.0,98.4593734741211
2015-06-24,106.87999725341797,104.9800033569336,106.19999694824219,105.33000183105469,4655100.0,97.40513610839844
2015-06-25,106.11000061035156,104.37000274658203,105.51000213623047,105.01000213623047,5300400.0,97.10922241210938
2015-06-26,105.87999725341797,104.81999969482422,105.36000061035156,105.83999633789062,15550100.0,97.87675476074219
2015-06-29,105.81999969482422,104.76000213623047,104.9800033569336,104.80999755859375,4671900.0,96.92426300048828
2015-06-30,105.69999694824219,104.7300033569336,105.44000244140625,104.87999725341797,4251300.0,96.9889907836914
2015-07-01,105.87999725341797,104.86000061035156,105.75,105.70999908447266,3909500.0,97.75653839111328
2015-07-02,106.22000122070312,105.36000061035156,105.83000183105469,105.55000305175781,2509700.0,97.60858154296875
2015-07-06,105.7699966430664,103.62999725341797,103.87999725341797,104.80999755859375,4041100.0,96.92426300048828
2015-07-07,106.43000030517578,104.06999969482422,105.0999984741211,106.37999725341797,4782300.0,98.37612915039062
2015-07-08,105.93000030517578,104.18000030517578,105.37000274658203,104.19000244140625,4825900.0,96.35090637207031
2015-07-09,106.38999938964844,105.58999633789062,106.01000213623047,105.69999694824219,5564500.0,97.74730682373047
2015-07-10,107.75,106.63999938964844,106.8499984741211,107.44000244140625,4486600.0,99.35639190673828
2015-07-13,109.16000366210938,107.81999969482422,108.5,109.16000366210938,3720100.0,100.94698333740234
2015-07-14,109.95999908447266,108.80000305175781,109.19999694824219,109.81999969482422,3756800.0,101.55731201171875
2015-07-15,110.26000213623047,109.20999908447266,109.52999877929688,109.9000015258789,4286800.0,101.63130187988281
2015-07-16,110.69999694824219,110.04000091552734,110.43000030517578,110.54000091552734,2937300.0,102.22314453125
2015-07-17,110.54000091552734,109.48999786376953,110.54000091552734,110.13999938964844,3004400.0,101.85323333740234
2015-07-20,111.1500015258789,109.63999938964844,110.13999938964844,110.9800033569336,2579300.0,102.63004302978516
2015-07-21,110.94000244140625,109.56999969482422,110.69999694824219,110.05999755859375,2561400.0,102.10125732421875
2015-07-22,111.06999969482422,110.01000213623047,110.11000061035156,110.9800033569336,3130300.0,102.9547348022461
2015-07-23,111.63999938964844,109.98999786376953,111.25,110.19000244140625,2957600.0,102.22187042236328
2015-07-24,111.2699966430664,109.9000015258789,110.5,110.48999786376953,3255600.0,102.50016784667969
2015-07-27,110.04000091552734,108.76000213623047,109.69000244140625,109.7699966430664,3979300.0,101.83220672607422
2015-07-28,111.91000366210938,110.05999755859375,110.31999969482422,111.63999938964844,4085500.0,103.56700134277344
2015-07-29,113.6500015258789,111.6500015258789,111.66999816894531,113.44999694824219,4685500.0,105.24612426757812
2015-07-30,113.1500015258789,112.25,112.69000244140625,112.94000244140625,3920700.0,104.77300262451172
2015-07-31,113.5,112.44999694824219,113.3499984741211,112.47000122070312,4730100.0,104.33699035644531
2015-08-03,113.58000183105469,112.05000305175781,113.16999816894531,112.81999969482422,4774600.0,104.66167449951172
2015-08-04,111.30000305175781,106.55999755859375,110.73999786376953,109.95999908447266,9542400.0,102.00848388671875
2015-08-05,111.55999755859375,110.2699966430664,110.5,111.19999694824219,4307500.0,103.1588134765625
2015-08-06,111.75,108.08999633789062,111.41000366210938,108.12000274658203,6783300.0,100.30155181884766
2015-08-07,108.27999877929688,107.13999938964844,108.12000274658203,107.73999786376953,4548000.0,99.94902038574219
2015-08-10,109.3499984741211,108.27999877929688,108.66000366210938,108.62000274658203,3335700.0,100.76539611816406
2015-08-11,109.18000030517578,107.43000030517578,108.06999969482422,108.08000183105469,2866500.0,100.26444244384766
2015-08-12,108.5,106.76000213623047,107.58999633789062,108.31999969482422,3913800.0,100.48707580566406
2015-08-13,108.87000274658203,107.33000183105469,108.77999877929688,107.66999816894531,3565200.0,99.88409423828125
2015-08-14,108.11000061035156,107.31999969482422,107.7699966430664,107.66999816894531,2087000.0,99.88409423828125
2015-08-17,108.81999969482422,106.98999786376953,107.06999969482422,108.73999786376953,3405500.0,100.87671661376953
2015-08-18,108.8499984741211,107.9000015258789,108.33999633789062,108.45999908447266,3032900.0,100.61695861816406
2015-08-19,108.25,106.5999984741211,108.06999969482422,106.76000213623047,4685800.0,99.03988647460938
2015-08-20,107.55000305175781,106.0199966430664,106.4000015258789,106.0199966430664,4754800.0,98.35340118408203
2015-08-21,105.2300033569336,101.05000305175781,104.98999786376953,102.20999908447266,8199200.0,94.81891632080078
2015-08-24,104.20999908447266,81.37000274658203,96.29000091552734,100.20999908447266,13610400.0,92.96353149414062
2015-08-25,104.41000366210938,99.93000030517578,104.13999938964844,100.0,8518200.0,92.76873016357422
2015-08-26,103.54000091552734,100.83999633789062,103.37999725341797,102.87000274658203,8957800.0,95.43119049072266
2015-08-27,105.54000091552734,103.05000305175781,104.43000030517578,105.19999694824219,6216200.0,97.59269714355469
2015-08-28,105.47000122070312,103.37999725341797,105.38999938964844,104.18000030517578,5082700.0,96.6464614868164
2015-08-31,104.3499984741211,102.04000091552734,104.33000183105469,102.4000015258789,4957800.0,94.99517822265625
2015-09-01,101.38999938964844,99.80000305175781,100.63999938964844,100.2699966430664,6787400.0,93.0191879272461
2015-09-02,102.05999755859375,99.86000061035156,101.4800033569336,101.11000061035156,5809500.0,93.7984619140625
2015-09-03,102.83000183105469,101.19000244140625,101.80999755859375,101.58999633789062,3963300.0,94.24374389648438
2015-09-04,100.86000061035156,99.62999725341797,100.23999786376953,100.12000274658203,4361500.0,92.88005065917969
2015-09-08,102.19000244140625,100.66999816894531,101.97000122070312,102.13999938964844,4641800.0,94.75396728515625
2015-09-09,103.58999633789062,100.01000213623047,103.13999938964844,100.2300033569336,3816400.0,92.98210144042969
2015-09-10,101.69999694824219,99.58000183105469,99.9800033569336,100.80000305175781,4151000.0,93.5108642578125
2015-09-11,101.54000091552734,100.20999908447266,100.56999969482422,101.5199966430664,3381000.0,94.17880249023438
2015-09-14,101.69000244140625,100.0199966430664,101.54000091552734,100.16000366210938,3614100.0,92.91716766357422
2015-09-15,102.08999633789062,100.11000061035156,100.80000305175781,101.5999984741211,3521100.0,94.25302124023438
2015-09-16,101.98999786376953,100.75,101.56999969482422,101.54000091552734,3471600.0,94.19738006591797
2015-09-17,102.62999725341797,100.37000274658203,101.58000183105469,101.33999633789062,4437500.0,94.01182556152344
2015-09-18,100.91999816894531,98.81999969482422,99.70999908447266,99.02999877929688,8845500.0,91.86886596679688
2015-09-21,101.08999633789062,99.5,99.7699966430664,100.91000366210938,3889100.0,93.6129150390625
2015-09-22,100.25,99.16999816894531,99.69000244140625,100.02999877929688,3546700.0,92.79656219482422
2015-09-23,100.87999725341797,99.45999908447266,100.12999725341797,100.62999725341797,4033600.0,93.35316467285156
2015-09-24,100.48999786376953,98.5999984741211,99.5,99.16999816894531,4894800.0,91.99874877929688
2015-09-25,99.86000061035156,98.2300033569336,99.79000091552734,98.61000061035156,4938400.0,91.47925567626953
2015-09-28,98.44999694824219,96.0199966430664,98.30000305175781,96.3499984741211,5897000.0,89.3826675415039
2015-09-29,97.31999969482422,94.54000091552734,96.3499984741211,95.12000274658203,6944200.0,88.24161529541016
2015-09-30,96.88999938964844,95.58000183105469,96.33000183105469,96.4800033569336,5732600.0,89.50328063964844
2015-10-01,97.0999984741211,95.02999877929688,96.48999786376953,96.91000366210938,6385200.0,89.90218353271484
2015-10-02,99.0,95.5199966430664,95.58000183105469,98.95999908447266,5549000.0,91.8039321899414
2015-10-05,102.25,99.76000213623047,99.86000061035156,101.97000122070312,6942400.0,94.59627532958984
2015-10-06,102.1500015258789,99.63999938964844,102.0999984741211,99.81999969482422,4985500.0,92.60173034667969
2015-10-07,101.37000274658203,99.9800033569336,100.56999969482422,101.01000213623047,4393200.0,93.70569610595703
2015-10-08,102.5,100.5,101.01000213623047,102.16999816894531,5140000.0,94.78180694580078
2015-10-09,102.5199966430664,101.5199966430664,102.01000213623047,102.0,4410300.0,94.62410736083984
2015-10-12,103.5199966430664,102.0199966430664,102.19999694824219,103.06999969482422,3443300.0,95.6167221069336
2015-10-13,103.77999877929688,101.80000305175781,102.81999969482422,102.05000305175781,4123700.0,94.67050170898438
2015-10-14,102.72000122070312,100.0199966430664,102.19999694824219,100.44999694824219,4186000.0,93.1861801147461
2015-10-15,102.48999786376953,100.25,100.98999786376953,102.41000366210938,3729400.0,95.00447082519531
2015-10-16,103.81999969482422,102.29000091552734,103.0,103.37999725341797,3844200.0,95.90430450439453
2015-10-19,103.58999633789062,102.5,102.87999725341797,103.51000213623047,3129900.0,96.02491760253906
2015-10-20,104.4000015258789,103.16000366210938,103.33000183105469,103.5999984741211,4545600.0,96.43447875976562
2015-10-21,104.56999969482422,102.88999938964844,103.97000122070312,103.29000091552734,3670900.0,96.14593505859375
2015-10-22,104.5199966430664,103.29000091552734,104.0199966430664,104.29000091552734,6172200.0,97.07675170898438
2015-10-23,104.97000122070312,102.58000183105469,104.97000122070312,103.94999694824219,5838800.0,96.7602767944336
2015-10-26,104.33999633789062,103.02999877929688,103.98999786376953,103.47000122070312,4986400.0,96.31346130371094
2015-10-27,106.0,103.05000305175781,103.22000122070312,105.29000091552734,6893700.0,98.00758361816406
2015-10-28,105.48999786376953,102.5199966430664,105.12000274658203,103.80999755859375,6465800.0,96.62995910644531
2015-10-29,104.73999786376953,103.55999755859375,104.31999969482422,103.80000305175781,6784400.0,96.62063598632812
2015-10-30,103.80000305175781,96.4000015258789,103.80000305175781,98.77999877929688,23729900.0,91.9478530883789
2015-11-02,100.37999725341797,98.19999694824219,99.44999694824219,100.37999725341797,7290500.0,93.43719482421875
2015-11-03,100.36000061035156,99.22000122070312,99.6500015258789,99.88999938964844,4303500.0,92.9810791015625
2015-11-04,101.08000183105469,98.36000061035156,100.41999816894531,99.56999969482422,7580100.0,92.68321228027344
2015-11-05,100.33999633789062,98.88999938964844,99.80000305175781,99.54000091552734,4105000.0,92.65528869628906
2015-11-06,99.58999633789062,98.27999877929688,99.16000366210938,98.69999694824219,4166700.0,91.87335968017578
2015-11-09,98.3499984741211,96.98999786376953,98.2699966430664,97.98999786376953,4013600.0,91.21248626708984
2015-11-10,98.29000091552734,97.58000183105469,97.91000366210938,97.83999633789062,4400100.0,91.07286834716797
2015-11-11,98.11000061035156,94.63999938964844,98.0,94.8499984741211,7996700.0,88.28966522216797
2015-11-12,94.5999984741211,92.76000213623047,94.20999908447266,93.12000274658203,8111500.0,86.67932891845703
2015-11-13,92.87000274658203,91.47000122070312,92.55000305175781,91.80999755859375,7508600.0,85.4599380493164
2015-11-16,93.63999938964844,91.81999969482422,91.87000274658203,93.62000274658203,5355600.0,87.1447525024414
2015-11-17,94.94999694824219,93.22000122070312,93.75,93.79000091552734,4705700.0,87.30298614501953
2015-11-18,95.36000061035156,93.80999755859375,93.8499984741211,95.19000244140625,4932000.0,88.60616302490234
2015-11-19,95.38999938964844,92.12999725341797,95.19999694824219,92.48999786376953,6399000.0,86.09290313720703
2015-11-20,93.19000244140625,91.79000091552734,93.12000274658203,91.93000030517578,6925000.0,85.57164001464844
2015-11-23,92.11000061035156,90.0999984741211,91.94000244140625,91.55999755859375,5968000.0,85.22721099853516
2015-11-24,92.58000183105469,90.83000183105469,91.19000244140625,92.25,4474400.0,85.86949157714844
2015-11-25,94.44999694824219,92.4800033569336,92.5199966430664,93.9000015258789,5013800.0,87.40535736083984
2015-11-27,95.05000305175781,94.01000213623047,94.19000244140625,94.62999725341797,2688000.0,88.08489990234375
2015-11-30,95.95999908447266,94.0,94.55999755859375,94.08999633789062,5722100.0,87.58222961425781
2015-12-01,95.56999969482422,94.12999725341797,94.66999816894531,95.44999694824219,6695600.0,88.84818267822266
2015-12-02,95.55000305175781,94.4000015258789,94.94999694824219,94.5,5505500.0,87.9638671875
2015-12-03,95.19000244140625,92.63999938964844,94.62000274658203,92.8499984741211,6014000.0,86.42798614501953
2015-12-04,95.66000366210938,93.19000244140625,93.27999877929688,95.45999908447266,5170800.0,88.85747528076172
2015-12-07,96.48999786376953,95.48999786376953,95.80000305175781,96.33999633789062,5330400.0,89.6766128540039
2015-12-08,96.4000015258789,94.91000366210938,95.86000061035156,95.66000366210938,4645000.0,89.04365539550781
2015-12-09,96.44999694824219,94.11000061035156,94.9800033569336,94.9800033569336,5400100.0,88.41069030761719
2015-12-10,95.55000305175781,94.41999816894531,94.91000366210938,94.73999786376953,3508500.0,88.18727111816406
2015-12-11,94.73999786376953,92.54000091552734,94.73999786376953,93.23999786376953,6095900.0,86.79102325439453
2015-12-14,94.2300033569336,92.37000274658203,93.41999816894531,94.11000061035156,5802300.0,87.6008529663086
2015-12-15,95.44999694824219,92.48999786376953,94.97000122070312,92.58999633789062,8631500.0,86.18598175048828
2015-12-16,97.80999755859375,93.45999908447266,94.1500015258789,97.55999755859375,10374000.0,90.81224822998047
2015-12-17,97.37999725341797,94.70999908447266,97.22000122070312,94.70999908447266,6977600.0,88.15936279296875
2015-12-18,95.5,93.52999877929688,94.0999984741211,94.86000061035156,9128500.0,88.29899597167969
2015-12-21,96.33000183105469,95.05000305175781,95.2699966430664,95.94999694824219,3689800.0,89.31358337402344
2015-12-22,98.55999755859375,96.31999969482422,96.83000183105469,98.2699966430664,6226100.0,91.47309875488281
2015-12-23,99.08999633789062,98.06999969482422,98.61000061035156,98.51000213623047,3796500.0,91.69654083251953
2015-12-24,99.26000213623047,98.30999755859375,98.44999694824219,98.86000061035156,1793000.0,92.0223159790039
2015-12-28,98.9800033569336,98.12999725341797,98.41000366210938,98.41999816894531,2710800.0,91.61275482177734
2015-12-29,99.5199966430664,98.51000213623047,98.9000015258789,99.36000061035156,2819600.0,92.48773193359375
2015-12-30,99.5999984741211,98.70999908447266,99.36000061035156,98.73999786376953,2500700.0,91.9106216430664
2015-12-31,98.72000122070312,97.75,98.62000274658203,97.7699966430664,3442400.0,91.00772094726562
2016-01-04,96.56999969482422,95.37000274658203,96.16999816894531,96.45999908447266,5911000.0,89.78831481933594
2016-01-05,97.1500015258789,95.9000015258789,96.38999938964844,96.73999786376953,5414800.0,90.0489501953125
2016-01-06,96.45999908447266,95.06999969482422,95.52999877929688,95.55999755859375,5901400.0,88.95056915283203
2016-01-07,95.69000244140625,93.91999816894531,94.5,94.18000030517578,6309700.0,87.66600799560547
2016-01-08,96.0,93.27999877929688,94.58999633789062,93.55999755859375,5634400.0,87.08889770507812
2016-01-11,95.30000305175781,93.58999633789062,93.83000183105469,94.91999816894531,6243400.0,88.3548355102539
2016-01-12,96.19000244140625,94.69000244140625,95.63999938964844,95.69000244140625,5333500.0,89.07158660888672
2016-01-13,96.62999725341797,93.94999694824219,95.83999633789062,94.11000061035156,6270900.0,87.6008529663086
2016-01-14,96.33999633789062,94.11000061035156,94.11000061035156,95.51000213623047,4986800.0,88.9040298461914
2016-01-15,95.11000061035156,92.94999694824219,93.51000213623047,93.9000015258789,7556600.0,87.40535736083984
2016-01-19,95.55999755859375,94.33999633789062,94.87000274658203,95.05999755859375,6258600.0,88.48514556884766
2016-01-20,95.0,92.3499984741211,93.36000061035156,94.12000274658203,7107700.0,88.00362396240234
2016-01-21,95.30999755859375,93.51000213623047,94.55000305175781,94.4800033569336,4845700.0,88.34022521972656
2016-01-22,96.08999633789062,94.37999725341797,95.80000305175781,95.63999938964844,4376900.0,89.4248275756836
2016-01-25,95.80000305175781,93.98999786376953,95.55999755859375,94.06999969482422,5734900.0,87.95687103271484
2016-01-26,94.51000213623047,93.41999816894531,94.12999725341797,94.04000091552734,4508900.0,87.92881774902344
2016-01-27,95.30999755859375,93.4800033569336,94.12999725341797,94.33999633789062,3905600.0,88.20931243896484
2016-01-28,95.2699966430664,93.08000183105469,95.2699966430664,93.48999786376953,4074700.0,87.41455078125
2016-01-29,96.58999633789062,93.20999908447266,94.20999908447266,96.58999633789062,6245300.0,90.3130874633789
2016-02-01,97.88999938964844,95.55999755859375,95.88999938964844,97.31999969482422,3915200.0,90.99567413330078
2016-02-02,96.41000366210938,94.7300033569336,96.1500015258789,94.94000244140625,4437800.0,88.77033233642578
2016-02-03,96.02999877929688,93.86000061035156,95.56999969482422,95.37000274658203,5070200.0,89.17239379882812
2016-02-04,95.55000305175781,93.91000366210938,95.05000305175781,94.62999725341797,4612700.0,88.48048400878906
2016-02-05,94.79000091552734,92.55999755859375,94.55000305175781,93.0999984741211,6353500.0,87.0499038696289
2016-02-08,92.37999725341797,89.23999786376953,92.22000122070312,89.6500015258789,9664800.0,83.82410430908203
2016-02-09,91.95999908447266,86.5,87.0199966430664,90.51000213623047,11820800.0,84.62821197509766
2016-02-10,94.3499984741211,91.05999755859375,91.19999694824219,93.11000061035156,7471500.0,87.05924987792969
2016-02-11,94.38999938964844,91.4800033569336,91.83000183105469,93.87000274658203,8835600.0,87.76988220214844
2016-02-12,95.97000122070312,94.02999877929688,94.66999816894531,95.86000061035156,4701700.0,89.63053894042969
2016-02-16,97.62999725341797,96.33999633789062,96.94000244140625,96.94000244140625,5943300.0,90.64036560058594
2016-02-17,98.25,96.97000122070312,97.4000015258789,97.69000244140625,5626600.0,91.34161376953125
2016-02-18,97.7300033569336,96.37999725341797,97.5,96.88999938964844,4093200.0,90.5936050415039
2016-02-19,97.66000366210938,96.05999755859375,96.4000015258789,97.58999633789062,4349700.0,91.24810791015625
2016-02-22,98.79000091552734,97.0,98.04000091552734,97.45999908447266,4200400.0,91.1265640258789
2016-02-23,97.5,95.88999938964844,97.37000274658203,96.75,4486900.0,90.46270751953125
2016-02-24,97.0999984741211,94.93000030517578,96.29000091552734,96.87999725341797,6380600.0,90.58425903320312
2016-02-25,98.43000030517578,97.0999984741211,97.36000061035156,98.4000015258789,4613300.0,92.0054931640625
2016-02-26,98.77999877929688,96.38999938964844,98.58000183105469,97.66000366210938,6130100.0,91.31356811523438
2016-02-29,98.33999633789062,97.13999938964844,97.33000183105469,97.16999816894531,4840800.0,90.85541534423828
2016-03-01,98.44000244140625,97.58000183105469,98.16000366210938,98.30000305175781,3483400.0,91.91197967529297
2016-03-02,98.88999938964844,97.88999938964844,98.19000244140625,98.62999725341797,3372100.0,92.22052001953125
2016-03-03,99.4800033569336,98.0999984741211,98.4000015258789,99.37999725341797,3651000.0,92.92179870605469
2016-03-04,99.75,98.66000366210938,99.36000061035156,99.27999877929688,3709500.0,92.82828521728516
2016-03-07,99.16999816894531,98.12000274658203,98.54000091552734,98.41999816894531,4531100.0,92.02417755126953
2016-03-08,99.75,98.0,98.0,99.04000091552734,4355000.0,92.60388946533203
2016-03-09,100.5999984741211,99.11000061035156,99.41999816894531,100.5199966430664,5153200.0,93.98771667480469
2016-03-10,100.9000015258789,98.61000061035156,100.81999969482422,99.33999633789062,4876600.0,92.88439178466797
2016-03-11,100.47000122070312,99.5999984741211,100.0,100.36000061035156,3585100.0,93.83811950683594
2016-03-14,101.23999786376953,99.83000183105469,100.33000183105469,101.0199966430664,3054400.0,94.45521545410156
2016-03-15,101.58999633789062,100.1500015258789,100.2300033569336,101.18000030517578,3129700.0,94.60482025146484
2016-03-16,101.3499984741211,100.30000305175781,101.18000030517578,100.9800033569336,3846700.0,94.41783142089844
2016-03-17,101.48999786376953,100.04000091552734,101.08000183105469,101.11000061035156,4516800.0,94.53936767578125
2016-03-18,102.66999816894531,100.95999908447266,101.26000213623047,101.58000183105469,7216200.0,94.97882843017578
2016-03-21,102.44000244140625,101.1500015258789,101.16000366210938,101.73999786376953,3572800.0,95.1284408569336
2016-03-22,102.72000122070312,100.94999694824219,101.16999816894531,101.94000244140625,4052900.0,95.31543731689453
2016-03-23,102.0999984741211,100.55000305175781,101.66999816894531,100.73999786376953,4228200.0,94.19341278076172
2016-03-24,101.47000122070312,100.0,100.69000244140625,101.43000030517578,3035800.0,94.83857727050781
2016-03-28,102.2300033569336,101.13999938964844,101.31999969482422,101.83999633789062,3580700.0,95.22193145751953
2016-03-29,102.83999633789062,101.01000213623047,101.73999786376953,102.47000122070312,3801100.0,95.81098175048828
2016-03-30,104.4000015258789,102.75,102.98999786376953,104.05000305175781,4487700.0,97.28831481933594
2016-03-31,104.4000015258789,103.5999984741211,104.0,103.7300033569336,3956000.0,96.98910522460938
2016-04-01,105.0,102.91000366210938,103.36000061035156,104.81999969482422,6269200.0,98.0082778930664
2016-04-04,104.55999755859375,103.68000030517578,103.88999938964844,104.4800033569336,3991800.0,97.69038391113281
2016-04-05,104.20999908447266,102.94999694824219,104.02999877929688,103.18000030517578,4367600.0,96.47484588623047
2016-04-06,103.91000366210938,102.73999786376953,103.13999938964844,103.38999938964844,3751200.0,96.67121124267578
2016-04-07,103.23999786376953,100.44000244140625,103.13999938964844,100.94000244140625,4957200.0,94.38042449951172
2016-04-08,101.97000122070312,101.1500015258789,101.73999786376953,101.47000122070312,2924800.0,94.8759765625
2016-04-11,101.75,100.7300033569336,101.66999816894531,100.7699966430664,3434700.0,94.22146606445312
2016-04-12,101.44999694824219,100.41000366210938,101.22000122070312,101.2300033569336,2794300.0,94.65157318115234
2016-04-13,101.94000244140625,100.9800033569336,101.5999984741211,101.12999725341797,3396000.0,94.55805969238281
2016-04-14,101.62000274658203,100.86000061035156,101.41999816894531,101.11000061035156,3358700.0,94.53936767578125
2016-04-15,102.37999725341797,100.58999633789062,100.94999694824219,102.23999786376953,3273900.0,95.59591674804688
2016-04-18,103.2300033569336,101.97000122070312,102.19999694824219,102.5,3177800.0,95.83904266357422
2016-04-19,103.5999984741211,102.51000213623047,102.5199966430664,103.45999908447266,2915600.0,96.73666381835938
2016-04-20,103.25,102.3499984741211,103.19000244140625,102.51000213623047,3007100.0,96.24374389648438
2016-04-21,102.87000274658203,101.02999877929688,102.51000213623047,101.22000122070312,4018400.0,95.0326156616211
2016-04-22,101.62000274658203,100.4000015258789,101.33000183105469,101.44000244140625,2652400.0,95.2391586303711
2016-04-25,101.98999786376953,100.77999877929688,101.0,101.94999694824219,2322800.0,95.71797180175781
2016-04-26,102.88999938964844,101.66000366210938,101.94999694824219,102.8499984741211,2832300.0,96.5629653930664
2016-04-27,103.41999816894531,101.91000366210938,102.9800033569336,102.69999694824219,3150400.0,96.42213439941406
2016-04-28,102.41000366210938,101.0,101.98999786376953,101.20999908447266,4082000.0,95.02322387695312
2016-04-29,101.33999633789062,99.87000274658203,101.0,100.5,4570100.0,94.35662078857422
2016-05-02,101.93000030517578,100.26000213623047,100.5,101.44999694824219,5486300.0,95.24855041503906
2016-05-03,104.44000244140625,100.5199966430664,101.81999969482422,103.91999816894531,6346300.0,97.56755828857422
2016-05-04,104.41999816894531,102.93000030517578,102.93000030517578,103.9000015258789,4617000.0,97.54878997802734
2016-05-05,105.61000061035156,103.7699966430664,103.9000015258789,105.1500015258789,5279500.0,98.7223892211914
2016-05-06,105.5,104.3499984741211,104.62999725341797,104.8499984741211,4262800.0,98.44071197509766
2016-05-09,106.66999816894531,104.80000305175781,104.93000030517578,105.73999786376953,4567400.0,99.27630615234375
2016-05-10,106.3499984741211,105.58999633789062,106.0,106.0999984741211,3107900.0,99.61431121826172
2016-05-11,105.87999725341797,104.13999938964844,105.87999725341797,104.16000366210938,4116300.0,97.79288482666016
2016-05-12,105.44999694824219,104.22000122070312,104.4000015258789,104.8499984741211,3816600.0,98.44071197509766
2016-05-13,104.8499984741211,103.47000122070312,104.37999725341797,103.66999816894531,3413600.0,97.33283233642578
2016-05-16,104.76000213623047,103.2699966430664,103.66999816894531,104.55000305175781,2822400.0,98.15904998779297
2016-05-17,104.54000091552734,101.7300033569336,104.22000122070312,102.11000061035156,4999300.0,95.86820983886719
2016-05-18,102.4000015258789,99.6500015258789,101.31999969482422,101.5199966430664,5640800.0,95.31426239013672
2016-05-19,102.11000061035156,100.51000213623047,101.58000183105469,100.94999694824219,3617700.0,94.77909851074219
2016-05-20,101.36000061035156,99.08000183105469,101.36000061035156,99.45999908447266,10525500.0,93.38018035888672
2016-05-23,99.70999908447266,97.94000244140625,99.58000183105469,98.06999969482422,6215600.0,92.0751724243164
2016-05-24,98.83999633789062,97.12999725341797,98.58999633789062,97.37999725341797,9327400.0,91.42733001708984
2016-05-25,98.2300033569336,97.3499984741211,97.61000061035156,97.55000305175781,7121400.0,91.58694458007812
2016-05-26,98.0,96.66000366210938,97.47000122070312,96.94999694824219,6666900.0,91.02360534667969
2016-05-27,97.2699966430664,96.69999694824219,97.12000274658203,96.94000244140625,4442100.0,91.01424407958984
2016-05-31,97.18000030517578,96.19999694824219,97.0,96.44999694824219,6779000.0,90.55418395996094
2016-06-01,96.70999908447266,95.80999755859375,96.45999908447266,96.58000183105469,5137900.0,90.67623901367188
2016-06-02,96.79000091552734,96.16000366210938,96.51000213623047,96.4000015258789,4985100.0,90.50725555419922
2016-06-03,96.52999877929688,95.9000015258789,96.26000213623047,96.23999786376953,3868200.0,90.35702514648438
2016-06-06,96.69999694824219,95.98999786376953,96.5199966430664,96.30999755859375,4308400.0,90.42273712158203
2016-06-07,97.5199966430664,96.33000183105469,96.58999633789062,96.62000274658203,5434900.0,90.71379089355469
2016-06-08,98.41000366210938,96.62000274658203,96.6500015258789,98.30999755859375,5693500.0,92.30048370361328
2016-06-09,98.66999816894531,96.75,98.0,96.98999786376953,6108700.0,91.06117248535156
2016-06-10,97.69000244140625,96.05999755859375,96.26000213623047,96.66999816894531,6877300.0,90.76073455810547
2016-06-13,96.7300033569336,95.5999984741211,96.5,95.77999877929688,6098700.0,89.9251480102539
2016-06-14,96.70999908447266,95.43000030517578,95.70999908447266,96.38999938964844,4556200.0,90.49786376953125
2016-06-15,97.08000183105469,95.94999694824219,96.38999938964844,96.0199966430664,4722400.0,90.15047454833984
2016-06-16,95.80000305175781,94.56999969482422,95.4000015258789,95.52999877929688,7285600.0,89.6904296875
2016-06-17,95.68000030517578,94.47000122070312,95.6500015258789,94.83999633789062,9142700.0,89.04261016845703
2016-06-20,95.0999984741211,93.18000030517578,94.91000366210938,93.2300033569336,9126900.0,87.53102111816406
2016-06-21,93.94999694824219,92.83999633789062,93.47000122070312,93.20999908447266,6653100.0,87.51223754882812
2016-06-22,94.05000305175781,93.2300033569336,93.5,93.7300033569336,4545300.0,88.0004653930664
2016-06-23,94.48999786376953,93.44000244140625,94.44000244140625,94.0199966430664,3862700.0,88.272705078125
2016-06-24,94.5199966430664,91.75,92.11000061035156,93.54000091552734,8652700.0,87.82205963134766
2016-06-27,93.5999984741211,92.69999694824219,93.26000213623047,93.23999786376953,6977700.0,87.5404052734375
2016-06-28,94.4000015258789,92.80999755859375,94.16999816894531,93.69999694824219,4486000.0,87.97228240966797
2016-06-29,94.6500015258789,94.01000213623047,94.27999877929688,94.41000366210938,4695900.0,88.6388931274414
2016-06-30,95.73999786376953,94.36000061035156,94.80000305175781,95.73999786376953,4936900.0,89.8875732421875
2016-07-01,96.04000091552734,94.72000122070312,95.87999725341797,95.0,3783900.0,89.19282531738281
2016-07-05,95.52999877929688,94.41999816894531,94.48999786376953,94.9800033569336,4269000.0,89.1740493774414
2016-07-06,96.13999938964844,94.72000122070312,94.8499984741211,96.05999755859375,5637500.0,90.18802642822266
2016-07-07,96.43000030517578,95.20999908447266,96.29000091552734,95.5,4189200.0,89.66226959228516
2016-07-08,96.81999969482422,95.58999633789062,96.33999633789062,96.73999786376953,3722600.0,90.82644653320312
2016-07-11,97.20999908447266,96.5,96.69000244140625,96.83999633789062,3567300.0,90.92034149169922
2016-07-12,97.0,95.9000015258789,96.83000183105469,96.45999908447266,3974300.0,90.5635757446289
2016-07-13,97.69000244140625,96.52999877929688,96.73999786376953,97.62999725341797,4276700.0,91.66204833984375
2016-07-14,98.23999786376953,97.2699966430664,98.20999908447266,97.45999908447266,4816100.0,91.50244903564453
2016-07-15,97.94999694824219,96.91000366210938,97.94999694824219,97.08999633789062,3346200.0,91.15506744384766
2016-07-18,97.69000244140625,96.76000213623047,97.44000244140625,96.87000274658203,3571200.0,90.94851684570312
2016-07-19,96.91999816894531,96.30999755859375,96.44999694824219,96.9000015258789,3101100.0,91.37757873535156
2016-07-20,97.37000274658203,96.6500015258789,97.26000213623047,97.0,3486000.0,91.47187805175781
2016-07-21,97.12000274658203,96.55000305175781,97.0,96.94999694824219,3023000.0,91.42473602294922
2016-07-22,97.13999938964844,96.19999694824219,97.08000183105469,96.55000305175781,2955700.0,91.04752349853516
2016-07-25,96.22000122070312,93.7300033569336,95.75,94.04000091552734,7405200.0,88.68057250976562
2016-07-26,94.44999694824219,93.38999938964844,94.19999694824219,93.8499984741211,4901200.0,88.50139617919922
2016-07-27,94.0,92.69999694824219,93.87999725341797,92.7300033569336,4623600.0,87.44525146484375
2016-07-28,93.72000122070312,92.16000366210938,92.66999816894531,93.38999938964844,3857300.0,88.06761169433594
2016-07-29,93.55000305175781,92.36000061035156,93.44999694824219,92.72000122070312,6120600.0,87.43582153320312
2016-08-01,94.05000305175781,92.2699966430664,92.58000183105469,93.48999786376953,6605000.0,88.16191101074219
2016-08-02,98.66000366210938,95.62000274658203,95.75,98.05999755859375,12545900.0,92.47148132324219
2016-08-03,97.98999786376953,96.95999908447266,97.69999694824219,97.43000030517578,6236900.0,91.87738037109375
2016-08-04,97.93000030517578,96.2699966430664,97.26000213623047,96.97000122070312,4110000.0,91.44358825683594
2016-08-05,97.91000366210938,96.91999816894531,97.37999725341797,97.37000274658203,3797700.0,91.82078552246094
2016-08-08,97.62000274658203,96.8499984741211,97.37000274658203,97.18000030517578,3603400.0,91.64161682128906
2016-08-09,97.80000305175781,96.94999694824219,97.45999908447266,97.44999694824219,2465300.0,91.89623260498047
2016-08-10,97.94999694824219,96.94999694824219,97.51000213623047,97.11000061035156,3784100.0,91.57560729980469
2016-08-11,97.66999816894531,96.80000305175781,97.37999725341797,97.0,3856300.0,91.47187805175781
2016-08-12,97.44999694824219,96.88999938964844,97.31999969482422,97.43000030517578,2362500.0,91.87738037109375
2016-08-15,97.66999816894531,97.12999725341797,97.4000015258789,97.58000183105469,2397200.0,92.01882934570312
2016-08-16,97.8499984741211,96.9800033569336,97.08000183105469,97.55999755859375,3328300.0,91.99996185302734
2016-08-17,97.72000122070312,97.16000366210938,97.4000015258789,97.55000305175781,3107200.0,91.99053955078125
2016-08-18,97.63999938964844,96.83999633789062,97.5199966430664,97.18000030517578,3192000.0,91.64161682128906
2016-08-19,97.11000061035156,96.37000274658203,97.01000213623047,97.0,2939100.0,91.47187805175781
2016-08-22,98.11000061035156,96.30999755859375,96.98999786376953,98.0,4351800.0,92.41490173339844
2016-08-23,98.44000244140625,97.0999984741211,98.2699966430664,97.2699966430664,3004400.0,91.72650146484375
2016-08-24,98.08999633789062,96.95999908447266,97.05000305175781,97.16999816894531,3585600.0,91.63218688964844
2016-08-25,96.97000122070312,93.4000015258789,96.91999816894531,93.77999877929688,9393800.0,88.43538665771484
2016-08-26,94.30000305175781,92.7300033569336,94.01000213623047,93.26000213623047,6370400.0,87.94503021240234
2016-08-29,93.55000305175781,92.44000244140625,93.41999816894531,93.08000183105469,6064500.0,87.77527618408203
2016-08-30,93.22000122070312,92.25,93.01000213623047,92.79000091552734,4971900.0,87.50181579589844
2016-08-31,93.52999877929688,92.30999755859375,92.86000061035156,93.4000015258789,5226300.0,88.07705688476562
2016-09-01,93.75,93.06999969482422,93.55999755859375,93.37000274658203,3274400.0,88.04876708984375
2016-09-02,94.19999694824219,93.5199966430664,93.83000183105469,93.83999633789062,3133600.0,88.4919662475586
2016-09-06,94.08000183105469,92.9000015258789,93.97000122070312,93.36000061035156,3745200.0,88.03933715820312
2016-09-07,93.80999755859375,92.86000061035156,93.18000030517578,93.61000061035156,3350400.0,88.27507781982422
2016-09-08,93.86000061035156,92.27999877929688,93.55999755859375,93.11000061035156,7369900.0,87.8035888671875
2016-09-09,92.79000091552734,91.5199966430664,92.73999786376953,91.5199966430664,6153400.0,86.30419158935547
2016-09-12,92.26000213623047,91.04000091552734,91.4000015258789,92.04000091552734,5235400.0,86.7945556640625
2016-09-13,91.81999969482422,90.72000122070312,91.58000183105469,90.93000030517578,4082100.0,85.7478256225586
2016-09-14,91.12999725341797,89.33000183105469,90.75,89.44000244140625,7939400.0,84.34273529052734
2016-09-15,90.22000122070312,88.0999984741211,89.13999938964844,90.1500015258789,7449200.0,85.01226043701172
2016-09-16,90.3499984741211,89.37000274658203,90.0,90.12000274658203,6406800.0,84.98397827148438
2016-09-19,90.2300033569336,89.0,90.12999725341797,89.16999816894531,7476200.0,84.0881118774414
2016-09-20,90.29000091552734,89.5,89.5,89.98999786376953,5465100.0,84.86139678955078
2016-09-21,90.4000015258789,89.19999694824219,90.08000183105469,90.26000213623047,5773900.0,85.11601257324219
2016-09-22,90.80999755859375,90.01000213623047,90.69999694824219,90.56999969482422,8280000.0,85.40834045410156
2016-09-23,90.8499984741211,90.19999694824219,90.25,90.5999984741211,3865300.0,85.4366226196289
2016-09-26,90.37999725341797,89.48999786376953,90.08000183105469,89.91999816894531,4722100.0,84.79537963867188
2016-09-27,90.83000183105469,90.05999755859375,90.16999816894531,90.55999755859375,4196100.0,85.3989028930664
2016-09-28,90.55999755859375,89.73999786376953,90.30999755859375,90.18000030517578,4468300.0,85.04056549072266
2016-09-29,90.54000091552734,89.5,90.0199966430664,89.55000305175781,5211400.0,84.44646453857422
2016-09-30,89.91000366210938,88.45999908447266,89.4800033569336,88.98999786376953,9151700.0,83.91837310791016
2016-10-03,88.87999725341797,86.95999908447266,88.79000091552734,87.08999633789062,7525600.0,82.12666320800781
2016-10-04,87.41000366210938,86.0199966430664,87.19000244140625,86.22000122070312,6820000.0,81.3062515258789
2016-10-05,86.52999877929688,85.88999938964844,86.19000244140625,86.19999694824219,7949300.0,81.2873764038086
2016-10-06,87.12000274658203,86.2699966430664,86.55999755859375,86.48999786376953,5267000.0,81.56085968017578
2016-10-07,86.73999786376953,86.16999816894531,86.55999755859375,86.4000015258789,4345700.0,81.47598266601562
2016-10-10,87.08000183105469,86.41000366210938,86.8499984741211,86.83000183105469,5342100.0,81.88148498535156
2016-10-11,86.80000305175781,85.41000366210938,86.55000305175781,86.4000015258789,5889600.0,81.47598266601562
2016-10-12,87.91000366210938,86.48999786376953,86.62000274658203,87.47000122070312,7002500.0,82.48501586914062
2016-10-13,88.37999725341797,87.08000183105469,87.20999908447266,88.0,6308400.0,82.98480224609375
2016-10-14,88.91999816894531,87.95999908447266,88.30999755859375,88.80000305175781,6705800.0,83.73920440673828
2016-10-17,88.83999633789062,86.63999938964844,88.70999908447266,86.66000366210938,7381700.0,81.7211685180664
2016-10-18,87.51000213623047,86.58000183105469,87.30999755859375,87.19000244140625,4979100.0,82.22096252441406
2016-10-19,87.51000213623047,86.1500015258789,87.4000015258789,86.4000015258789,6502800.0,81.47598266601562
2016-10-20,87.48999786376953,86.25,86.33000183105469,87.30000305175781,7583500.0,82.73165893554688
2016-10-21,87.56999969482422,86.88999938964844,86.94000244140625,87.41000366210938,4599500.0,82.8359146118164
2016-10-24,88.58000183105469,87.63999938964844,87.63999938964844,88.0,4541900.0,83.39503479003906
2016-10-25,88.20999908447266,87.29000091552734,87.80000305175781,87.41000366210938,3803700.0,82.8359146118164
2016-10-26,87.6500015258789,87.01000213623047,87.4800033569336,87.56999969482422,3313500.0,82.9875259399414
2016-10-27,87.93000030517578,86.91000366210938,87.72000122070312,87.19000244140625,3570600.0,82.6274185180664
2016-10-28,85.48999786376953,82.55000305175781,85.3499984741211,83.36000061035156,17206700.0,78.9978256225586
2016-10-31,84.5199966430664,83.0999984741211,83.37999725341797,84.0999984741211,7425600.0,79.6991195678711
2016-11-01,84.69000244140625,83.22000122070312,84.33999633789062,83.44999694824219,6212400.0,79.0831069946289
2016-11-02,84.23999786376953,82.83999633789062,83.56999969482422,83.94999694824219,6132100.0,79.55695343017578
2016-11-03,84.88999938964844,81.25,84.33999633789062,81.56999969482422,12603900.0,77.30149841308594
2016-11-04,82.87000274658203,81.58999633789062,81.76000213623047,82.30999755859375,8227400.0,78.00277709960938
2016-11-07,83.83999633789062,82.66999816894531,83.37000274658203,83.38999938964844,8457000.0,79.02626037597656
2016-11-08,74.98999786376953,69.30000305175781,69.69999694824219,73.52999877929688,50217800.0,69.6822280883789
2016-11-09,77.12000274658203,74.19999694824219,74.2300033569336,76.55999755859375,20300100.0,72.55366516113281
2016-11-10,77.69999694824219,76.55999755859375,77.02999877929688,77.27999877929688,12664100.0,73.23600006103516
2016-11-11,77.19999694824219,74.70999908447266,77.0999984741211,75.08999633789062,9565800.0,71.16059112548828
2016-11-14,76.54000091552734,74.44999694824219,74.44999694824219,76.0,10471000.0,72.02297973632812
2016-11-15,75.75,74.2699966430664,75.6500015258789,75.04000091552734,10465200.0,71.11321258544922
2016-11-16,75.4000015258789,74.5,75.11000061035156,74.55999755859375,7542700.0,70.65831756591797
2016-11-17,74.7300033569336,74.12000274658203,74.3499984741211,74.2699966430664,8305400.0,70.38349151611328
2016-11-18,74.55999755859375,73.66999816894531,74.02999877929688,74.04000091552734,7498500.0,70.16554260253906
2016-11-21,74.4800033569336,73.37999725341797,74.04000091552734,74.19999694824219,8025600.0,70.3171615600586
2016-11-22,74.0999984741211,72.83000183105469,72.93000030517578,73.58999633789062,12425200.0,69.73907470703125
2016-11-23,74.02999877929688,72.86000061035156,73.37999725341797,73.66999816894531,6572900.0,69.81489562988281
2016-11-25,74.29000091552734,73.55000305175781,74.01000213623047,74.05999755859375,3529200.0,70.18448638916016
2016-11-28,75.0,73.66000366210938,73.7300033569336,74.77999877929688,8625100.0,70.86681365966797
2016-11-29,76.06999969482422,75.0,75.88999938964844,75.87999725341797,8649600.0,71.90924835205078
2016-11-30,77.37000274658203,75.91999816894531,76.19000244140625,76.88999938964844,12781800.0,72.86640167236328
2016-12-01,77.12999725341797,76.29000091552734,76.62000274658203,76.76000213623047,7316300.0,72.74320220947266
2016-12-02,78.30999755859375,76.3499984741211,77.12999725341797,77.62000274658203,11911300.0,73.5582046508789
2016-12-05,78.27999877929688,76.87999725341797,77.56999969482422,77.98999786376953,9173900.0,73.90884399414062
2016-12-06,79.77999877929688,78.26000213623047,78.5999984741211,79.41999816894531,9800700.0,75.26399993896484
2016-12-07,80.61000061035156,78.48999786376953,79.23999786376953,80.52999877929688,10532900.0,76.31592559814453
2016-12-08,80.55999755859375,77.38999938964844,80.52999877929688,78.11000061035156,16110200.0,74.0225601196289
2016-12-09,80.54000091552734,78.73999786376953,78.87999725341797,80.12999725341797,6730100.0,75.93685150146484
2016-12-12,80.52999877929688,79.26000213623047,79.45999908447266,79.7300033569336,6619800.0,75.55780029296875
2016-12-13,80.30999755859375,78.7300033569336,79.70999908447266,80.1500015258789,8152500.0,75.95581817626953
2016-12-14,81.12999725341797,78.5199966430664,80.30000305175781,78.95999908447266,7278800.0,74.82807922363281
2016-12-15,79.23999786376953,76.11000061035156,78.0,78.29000091552734,10621500.0,74.19314575195312
2016-12-16,79.69999694824219,78.61000061035156,78.6500015258789,79.55999755859375,10459000.0,75.39667510986328
2016-12-19,80.22000122070312,79.2699966430664,79.27999877929688,79.93000030517578,6936100.0,75.74732208251953
2016-12-20,81.23999786376953,79.66999816894531,79.9800033569336,79.83999633789062,6109100.0,75.66202545166016
2016-12-21,80.19000244140625,79.04000091552734,79.52999877929688,79.8499984741211,5808100.0,75.67150115966797
2016-12-22,79.75,78.5,79.54000091552734,78.79000091552734,5850400.0,74.66698455810547
2016-12-23,79.30000305175781,78.69000244140625,78.79000091552734,79.13999938964844,2754200.0,74.9986572265625
2016-12-27,79.72000122070312,78.9000015258789,78.94999694824219,79.29000091552734,2947700.0,75.14080810546875
2016-12-28,79.37000274658203,78.63999938964844,79.30000305175781,79.04000091552734,3390700.0,74.9039077758789
2016-12-29,79.47000122070312,78.80999755859375,78.88999938964844,79.0,3579100.0,74.8659896850586
2016-12-30,79.30999755859375,78.45999908447266,78.95999908447266,78.91000366210938,4326100.0,74.78070068359375
